Bairros SP - Código,Bairros Fortaleza - Código,Bairros RJ - Código,Causa Afastamento 1 - Código,Causa Afastamento 2 - Código,Causa Afastamento 3 - Código,Motivo Desligamento - Código,CBO 2002 Ocupação - Código,CNAE 2.0 Classe - Código,CNAE 95 Classe - Código,Distritos SP - Código,Ind Vínculo Ativo 31/12 - Código,Faixa Etária - Código,Faixa Rem Média (SM) - Código,Faixa Hora Contrat - Código,Faixa Rem Dez (SM) - Código,Faixa Tempo Emprego - Código,Escolaridade Após 2005 - Código,Qtd Hora Contr,Idade,Ind CEI Vinculado - Código,Ind Estabelecimento Participante SIMPLES - Código,Mês Admissão - Código,Mês Desligamento - Código,Município Trab - Código,Município - Código,Nacionalidade - Código,Natureza Jurídica - Código,Ind Portador Defic - Código,Qtd Dias Afastamento,Raça Cor - Código,Região Adm DF - Código,Vl Rem Dezembro Nom,Vl Rem Dezembro (SM),Vl Rem Média Nom,Vl Rem Média (SM),CNAE 2.0 Subclasse - Codigo,Sexo - Código,Tamanho Estabelecimento - Código,Tempo Emprego,Tipo Admissão Trabalhador - Código,Tipo Estabelecimento - Código,Tipo Estabelecimento - Nome,Tipo Deficiência - Código,Tipo Vínculo - Código,IBGE Subsetor - Código,Vl Rem Janeiro SC,Vl Rem Fevereiro SC,Vl Rem Março SC,Vl Rem Abril SC,Vl Rem Maio SC,Vl Rem Junho SC,Vl Rem Julho SC,Vl Rem Agosto SC,Vl Rem Setembro SC,Vl Rem Outubro SC,Vl Rem Novembro SC,Ano Chegada Brasil,Ind Trabalho Intermitente - Código,Ind Trabalho Parcial - Código,Ind Vínculo Abandonado - Código,Categoria Trabalhador - Código
999997,999997,999997,999,999,999,0,251110,82113,74993,999997,1,6,99,6,99,7,9,44,47,0,0,0,0,999999,530010,10,2062,0,0,9,999997,,.00,.00,.00,8211300,2,3,107.0,0,1,CNPJ,0,10,19,0,0,0,0,0,0,0,0,0,0,0,1198,0,0,0,101
999997,999997,999997,999,999,999,11,251110,82113,74993,999997,0,3,3,99,99,1,9,99,19,0,0,1,4,999999,530010,10,2062,0,0,4,999997,,.00,1541.47,1.01,8211300,1,3,2.6,2,1,CNPJ,0,60,19,932.99,2010.77,1680.64,385.88,0,0,0,0,0,0,0,1198,0,0,0,101
999997,999997,999997,40,40,40,0,251110,71120,74209,999997,1,5,9,6,10,6,9,44,33,0,0,0,0,999999,530010,10,2062,0,7,8,999997,15861.87,10.44,14930.73,9.83,7112000,2,7,53.0,0,1,CNPJ,0,10,19,17231.70,14289.97,14289.97,14289.97,14289.97,14289.97,17147.95,14607.52,14289.97,14289.97,14289.97,1198,0,0,0,101
999997,999997,999997,999,999,999,0,251110,72207,73202,999997,1,5,6,6,6,8,9,44,38,0,0,0,0,999999,520870,10,3069,0,0,8,999997,5577.25,3.67,6034.03,3.97,7220700,1,4,124.0,0,1,CNPJ,0,10,19,3279.61,5213.73,6526.35,7294.26,7851.56,7046.85,5526.55,5856.39,5577.25,6068.57,6589.94,1198,0,0,0,101
999997,999997,999997,999,999,999,11,251110,72207,73202,999997,0,4,7,6,99,5,9,44,27,0,0,0,3,999999,520870,10,2062,0,0,8,999997,,.00,7273.54,4.79,7220700,1,4,24.7,0,1,CNPJ,0,10,19,6149.29,4771.00,10900.32,0,0,0,0,0,0,0,0,1198,0,0,0,101
999997,999997,999997,999,999,999,11,251110,82113,74993,999997,0,4,5,6,99,3,9,44,26,0,0,0,5,999999,520870,10,2062,0,0,8,999997,,.00,4409.65,2.90,8211300,2,2,7.1,0,1,CNPJ,0,90,19,4802.42,5078.80,5127.04,5690.00,1350.00,0,0,0,0,0,0,1198,0,0,0,105
999997,999997,999997,999,999,999,11,251110,42219,45314,999997,0,4,7,6,99,3,9,44,29,0,0,0,5,999999,530010,10,2054,0,0,2,999997,,.00,6510.00,4.28,4221902,1,8,7.0,0,1,CNPJ,0,10,15,6510.00,6510.00,6510.00,217.00,0,0,0,0,0,0,0,1198,0,0,0,101
999997,999997,999997,999,999,999,0,251110,84116,75116,999997,1,5,3,5,4,3,9,40,37,0,0,4,0,999999,521180,10,1333,0,0,2,999997,2554.01,1.68,2265.06,1.49,8411600,1,8,8.3,2,1,CNPJ,0,30,24,0,0,0,727.50,2425.00,2425.00,2425.00,2425.00,2425.00,2425.00,2554.01,1198,0,0,0,301
999997,999997,999997,999,999,999,0,251110,72207,73202,999997,1,4,5,6,5,3,9,44,29,0,0,6,0,999999,520870,10,2062,0,0,8,999997,3555.00,2.34,3269.68,2.15,7220700,1,4,6.4,2,1,CNPJ,0,10,19,0,0,0,0,0,1557.73,3555.00,3555.00,3555.00,3555.00,3555.00,1198,0,0,0,101
999997,999997,999997,999,999,999,0,251110,72207,73202,999997,1,4,5,6,6,5,9,44,25,0,0,0,0,999999,520870,10,2062,0,0,8,999997,5082.00,3.34,4029.68,2.65,7220700,1,4,28.3,0,1,CNPJ,0,10,19,4228.14,3338.00,3338.00,3338.00,3338.00,3338.00,3555.00,3555.00,5082.00,5082.00,5082.00,1198,0,0,0,101
999997,999997,999997,999,999,999,21,251110,49302,60267,999997,0,5,5,6,99,6,9,44,31,0,0,0,2,999999,520140,10,2062,0,0,8,999997,,.00,4352.52,2.87,4930202,2,7,36.4,0,1,CNPJ,0,10,20,5651.36,3053.68,0,0,0,0,0,0,0,0,0,1198,0,0,0,101
999997,999997,999997,999,999,999,11,251110,72207,73202,999997,0,5,99,6,99,2,9,44,31,0,0,0,1,999999,520870,10,2062,0,0,2,999997,,.00,.00,.00,7220700,2,4,5.7,0,1,CNPJ,0,10,19,0,0,0,0,0,0,0,0,0,0,0,1198,0,0,0,101
999997,999997,999997,999,999,999,11,251110,82113,74993,999997,0,5,6,6,99,3,9,44,33,0,0,0,5,999999,520870,10,2062,0,0,8,999997,,.00,4677.63,3.08,8211300,1,2,6.8,0,1,CNPJ,0,90,19,4697.05,4800.81,4712.66,4500.00,150.00,0,0,0,0,0,0,1198,0,0,0,105
999997,999997,999997,999,999,999,0,251110,49302,60267,999997,1,5,6,6,6,2,9,44,36,0,0,7,0,999999,520140,10,2062,0,0,8,999997,5000.00,3.29,4838.71,3.18,4930202,2,7,5.8,2,1,CNPJ,0,10,20,0,0,0,0,0,0,4032.26,5000.00,5000.00,5000.00,5000.00,1198,0,0,0,101
999997,999997,999997,40,40,999,0,251110,82113,74993,999997,1,6,5,6,6,8,9,44,44,0,0,0,0,999999,530010,10,2062,0,44,8,999997,5257.98,3.46,4133.17,2.72,8211300,2,3,147.6,0,1,CNPJ,0,10,19,5151.48,4033.00,4033.00,4033.00,4033.00,4033.00,4510.02,2081.55,4144.00,4144.00,4144.00,1198,0,0,0,101
999997,999997,999997,999,999,999,0,251110,71120,74209,999997,1,5,5,6,5,8,9,44,36,0,0,0,0,999999,530010,10,2062,0,0,2,999997,3333.33,2.19,3086.11,2.03,7112000,1,2,141.7,0,1,CNPJ,0,10,19,3166.67,3000.00,3000.00,3000.00,3533.33,3000.00,3000.00,3000.00,3000.00,3000.00,3000.00,1198,0,0,0,101
999997,999997,999997,999,999,999,11,251110,72207,73202,999997,0,5,5,6,99,4,9,44,37,0,0,0,5,999999,520870,10,2062,0,0,8,999997,,.00,4202.37,2.77,7220700,2,4,22.1,0,1,CNPJ,0,10,19,6043.27,4771.00,4771.00,4771.00,655.56,0,0,0,0,0,0,1198,0,0,0,101
999997,999997,999997,999,999,999,0,251110,46834,51543,999997,1,4,3,6,3,3,9,44,27,0,0,3,0,999999,510340,10,2143,0,0,8,999997,1791.42,1.18,2120.53,1.39,4683400,1,5,9.7,2,1,CNPJ,0,10,17,0,0,1623.37,2213.69,2213.69,2368.65,2956.87,2534.46,1920.26,1791.42,1791.42,1198,0,0,0,101
999997,999997,999997,999,999,999,0,251110,84116,75116,999997,1,7,11,5,99,8,9,40,58,0,0,0,0,999999,530010,10,1163,0,0,6,999997,,.00,27653.42,18.21,8411600,2,10,251.3,0,1,CNPJ,0,30,24,26564.97,27199.63,26549.18,28823.34,28499.32,28390.92,27957.28,28499.32,28499.32,27957.28,25247.08,1198,0,0,0,301
999997,999997,999997,999,999,999,11,251110,72207,73202,999997,0,4,5,6,99,4,9,44,28,0,0,0,5,999999,520870,10,2062,0,0,8,999997,,.00,4191.18,2.76,7220700,1,4,22.1,0,1,CNPJ,0,10,19,4771.00,4771.00,4771.00,4771.00,1871.89,0,0,0,0,0,0,1198,0,0,0,101
999997,999997,999997,999,999,999,0,251110,69206,74128,999997,1,6,3,6,3,8,9,44,48,0,1,0,0,999999,500110,10,2135,0,0,8,999997,2080.00,1.37,1795.83,1.18,6920601,1,4,127.0,0,1,CNPJ,0,10,19,1770.00,1770.00,1770.00,1770.00,1770.00,1770.00,1770.00,1770.00,1770.00,1770.00,1770.00,1198,0,0,0,101
999997,999997,999997,999,999,999,11,251110,72207,73202,999997,0,3,5,6,99,2,9,44,24,0,0,6,10,999999,520870,10,2062,0,0,8,999997,,.00,3855.07,2.54,7220700,2,4,4.9,2,1,CNPJ,0,10,19,0,0,0,0,0,3226.73,3555.00,3555.00,3555.00,5383.63,0,1198,0,0,0,101
999997,999997,999997,999,999,999,11,251110,82113,74993,999997,0,3,3,99,99,1,9,99,24,0,0,1,4,999999,530010,10,2062,0,0,4,999997,,.00,1543.40,1.01,8211300,1,3,2.6,2,1,CNPJ,0,60,19,933.12,2016.43,1680.64,385.88,0,0,0,0,0,0,0,1198,0,0,0,101
999997,999997,999997,999,999,999,0,251110,72207,73202,999997,1,5,2,99,1,5,9,99,31,0,0,0,0,999999,520870,10,2062,0,0,8,999997,610.89,.40,1196.84,.78,7220700,1,4,27.4,0,1,CNPJ,0,10,19,789.11,257.37,547.11,827.29,2188.47,1516.71,937.43,1702.51,1625.74,916.34,1503.65,1198,1,0,0,111
999997,999997,999997,999,999,999,11,251110,72207,73202,999997,0,4,5,6,99,5,9,44,28,0,0,0,3,999999,520870,10,2062,0,0,9,999997,,.00,4315.15,2.84,7220700,2,4,29.1,0,1,CNPJ,0,10,19,4771.00,4771.00,3403.46,0,0,0,0,0,0,0,0,1198,0,0,0,101
999997,999997,999997,40,40,40,0,251110,71120,74209,999997,1,5,8,6,7,6,9,44,31,0,0,0,0,999999,530010,10,2062,0,15,2,999997,7111.69,4.68,7673.67,5.05,7112000,2,7,47.0,0,1,CNPJ,0,10,19,9356.66,9116.46,7916.00,7916.00,7916.00,7916.00,7916.00,7916.01,6521.34,6240.93,6240.93,1198,0,0,0,101
999997,999997,999997,40,999,999,0,251110,71120,74209,999997,1,4,7,6,8,6,9,44,27,0,0,0,0,999999,530010,10,2062,0,9,8,999997,8706.07,5.73,6661.33,4.38,7112000,1,7,39.2,0,1,CNPJ,0,10,19,7106.50,6218.19,6218.19,6218.19,6218.19,6218.19,6218.19,7600.01,6404.74,6404.74,6404.74,1198,0,0,0,101
999997,999997,999997,999,999,999,0,251110,85317,80314,999997,1,6,9,5,9,7,11,40,40,0,0,0,0,999999,520870,10,1104,0,0,2,999997,13916.70,9.16,14382.43,9.47,8531700,1,10,100.4,0,1,CNPJ,0,30,23,18096.22,15173.65,12438.50,12438.50,14381.42,14381.42,14381.42,14631.21,14916.70,13916.70,13916.70,1198,0,0,0,301
999997,999997,999997,999,999,999,0,251110,72207,73202,999997,1,5,6,6,6,7,9,44,32,0,0,0,0,999999,520870,10,3069,0,0,8,999997,5401.97,3.55,5589.26,3.68,7220700,2,4,112.2,0,1,CNPJ,0,10,19,4988.88,3524.93,5739.51,5678.61,8217.60,5204.96,6191.00,5353.14,5051.61,6667.33,5051.61,1198,0,0,0,101
999997,999997,999997,999,999,999,12,251110,72207,73202,999997,0,4,5,6,99,1,9,44,28,0,0,6,8,999999,520870,10,2062,0,0,8,999997,,.00,3468.31,2.28,7220700,2,4,1.9,2,1,CNPJ,0,60,19,0,0,0,0,0,111.27,3555.00,3381.61,0,0,0,1198,0,0,0,101
999997,999997,999997,999,999,999,0,251110,72207,73202,999997,1,5,7,6,8,6,9,44,32,0,0,0,0,999999,520870,10,2062,0,0,8,999997,7609.20,5.01,6109.07,4.02,7220700,1,4,52.0,0,1,CNPJ,0,10,19,5946.43,5461.00,5461.00,5461.00,5461.00,5461.00,5816.00,6341.00,6341.00,7609.20,6341.00,1198,0,0,0,101
999997,999997,999997,999,999,999,0,251110,84116,75116,999997,1,7,11,5,99,8,11,40,56,0,0,0,0,999999,530010,10,1163,0,0,2,999997,,.00,27160.66,17.89,8411600,2,10,173.3,0,1,CNPJ,0,30,24,26564.97,28175.30,28175.30,28823.34,27415.24,25572.30,25355.48,26439.57,28499.32,28499.32,25247.08,1198,0,0,0,301
999997,999997,999997,999,999,999,0,251110,84116,75116,999997,1,5,5,5,5,2,9,40,34,0,0,9,0,999999,510250,10,1244,0,0,2,999997,3277.32,2.15,3277.32,2.15,8411600,1,10,4.0,2,1,CNPJ,0,30,24,0,0,0,0,0,0,0,0,3277.32,3277.32,3277.32,1198,0,0,0,301
999997,999997,999997,999,999,999,0,251110,72207,73202,999997,1,5,6,6,6,6,9,44,32,0,0,0,0,999999,520870,10,2062,0,0,8,999997,5082.00,3.34,4926.50,3.24,7220700,2,4,38.4,0,1,CNPJ,0,10,19,4771.00,4771.00,4771.00,4771.00,4771.00,4771.00,5082.00,5082.00,5082.00,5082.00,5082.00,1198,0,0,0,101
999997,999997,999997,999,999,999,12,251110,72207,73202,999997,0,3,4,6,99,1,9,44,23,0,0,5,8,999999,520870,10,2062,0,0,8,999997,,.00,2854.13,1.88,7220700,1,4,2.9,2,1,CNPJ,0,60,19,0,0,0,0,1891.53,3338.00,3555.00,2632.00,0,0,0,1198,0,0,0,101
999997,999997,999997,999,999,999,11,251110,71120,74209,999997,0,5,8,6,99,7,9,44,33,0,0,0,11,999999,530010,10,2062,0,0,8,999997,,.00,8522.95,5.61,7112000,1,4,106.7,0,1,CNPJ,0,10,19,8169.65,8169.65,8169.65,8169.65,8169.65,8169.65,8169.65,10833.36,8604.28,8604.28,0,1198,0,0,0,101
999997,999997,999997,10,999,999,0,251110,72207,73202,999997,1,5,6,6,6,5,9,44,32,0,0,0,0,999999,520870,10,2062,0,116,8,999997,5082.00,3.34,4941.45,3.25,7220700,1,4,28.7,0,1,CNPJ,0,10,19,318.07,4771.00,4780.00,4771.00,4771.00,4771.00,5082.00,5082.00,5082.00,5082.00,5082.00,1198,0,0,0,101
999997,999997,999997,999,999,999,11,251110,72207,73202,999997,0,3,5,6,99,2,9,44,24,0,0,6,10,999999,520870,10,2062,0,0,8,999997,,.00,3440.63,2.26,7220700,2,4,4.4,2,1,CNPJ,0,10,19,0,0,0,0,0,1557.73,3555.00,3555.00,3555.00,4980.42,0,1198,0,0,0,101
999997,999997,999997,40,999,999,0,251110,72207,73202,999997,1,5,6,6,7,6,9,44,36,0,0,0,0,999999,520870,10,2062,0,7,8,999997,6404.41,4.21,6066.79,3.99,7220700,2,4,38.0,0,1,CNPJ,0,10,19,5515.61,5515.61,7370.12,5589.06,5515.61,5515.61,5874.16,6288.09,6404.41,6404.41,6404.41,1198,0,0,0,101
999997,999997,999997,999,999,999,11,251110,71120,74209,999997,0,5,5,6,99,3,10,44,34,0,0,0,8,999999,530010,10,2062,0,0,2,999997,,.00,4424.36,2.91,7112000,1,7,10.5,0,1,CNPJ,0,10,19,5144.45,4646.60,4646.60,4646.60,4646.60,4646.60,2593.10,0,0,0,0,1198,0,0,0,101
999997,999997,999997,999,999,999,11,251110,82113,74993,999997,0,5,6,6,99,3,9,44,32,0,0,0,5,999999,520870,10,2062,0,0,8,999997,,.00,4617.16,3.04,8211300,1,2,6.5,0,1,CNPJ,0,10,19,4528.09,4727.10,4713.45,4500.00,150.00,0,0,0,0,0,0,1198,0,0,0,101
999997,999997,999997,999,999,999,0,251110,72207,73202,999997,1,5,99,99,99,7,9,99,35,0,1,0,0,999999,330455,10,2062,0,0,2,999997,,.00,.00,.00,7220700,1,4,81.5,0,1,CNPJ,0,10,19,0,0,0,0,0,0,0,0,0,0,0,1198,1,0,0,111
999997,999997,999997,999,999,999,0,251110,72207,73202,999997,1,5,99,99,99,7,9,99,34,0,1,0,0,999999,330455,10,2062,0,0,2,999997,,.00,.00,.00,7220700,2,4,89.9,0,1,CNPJ,0,10,19,0,0,0,0,0,0,0,0,0,0,0,1198,1,0,0,111
999997,999997,999997,999,999,999,0,251110,70204,74160,999997,1,6,99,1,99,2,9,1,48,0,0,7,0,999999,320530,10,2062,0,0,8,999997,,.00,.00,.00,7020400,1,4,5.5,2,1,CNPJ,0,10,19,0,0,0,0,0,0,0,0,0,0,0,1198,1,0,0,111
999997,999997,999997,999,999,999,21,251110,71197,74209,999997,0,4,5,6,99,4,9,44,29,0,0,0,3,999999,310620,10,2062,0,0,8,999997,,.00,3392.00,2.23,7119702,1,6,22.4,0,1,CNPJ,0,10,19,3790.35,3614.52,2771.13,0,0,0,0,0,0,0,0,1198,0,0,0,101
999997,999997,999997,999,999,999,0,251110,72207,73202,999997,1,6,99,99,99,5,9,99,40,0,1,0,0,999999,330455,10,2062,0,0,2,999997,,.00,.00,.00,7220700,2,4,31.5,0,1,CNPJ,0,10,19,0,0,0,0,0,0,0,0,0,0,0,1198,1,0,0,111
999997,999997,999997,999,999,999,0,251110,85317,80314,999997,1,6,9,5,8,7,10,40,40,0,0,0,0,999999,330455,10,1104,0,0,2,999997,10332.56,6.80,11390.55,7.50,8531700,1,10,110.2,0,1,CNPJ,0,30,23,12081.55,10553.03,10553.03,10672.26,11332.56,16498.84,11332.56,11332.56,11332.56,10332.56,10332.56,1198,0,0,0,301
999997,999997,999997,999,999,999,0,251110,71197,74209,999997,1,4,5,6,5,4,9,44,29,0,0,0,0,999999,310620,10,2062,0,0,2,999997,3806.81,2.50,3786.16,2.49,7119702,1,6,21.4,0,1,CNPJ,0,10,19,3614.52,3614.52,3614.52,3614.52,3614.52,3614.52,3614.52,4905.09,3806.81,3806.81,3806.81,1198,0,0,0,101
999997,999997,999997,999,999,999,0,251110,82113,74993,999997,1,5,6,6,6,4,9,44,34,0,1,0,0,999999,310620,10,2135,0,0,2,999997,5055.36,3.33,4995.77,3.29,8211300,1,2,15.4,0,1,CNPJ,0,10,19,4800.00,4800.00,4800.00,4800.00,4800.00,4800.00,5310.72,5055.36,5055.36,5055.36,5617.07,1198,0,0,0,101
999997,999997,999997,999,999,999,0,251110,71120,74209,999997,1,4,2,6,2,3,9,44,26,0,0,2,0,999999,310620,10,2151,0,0,8,999997,1518.00,1.00,1508.14,.99,7112000,2,5,10.9,2,1,CNPJ,0,10,19,0,1409.57,1518.00,1518.00,1518.00,1518.00,1518.00,1518.00,1518.00,1518.00,1518.00,1198,0,0,0,101
999997,999997,999997,999,999,999,0,251110,84116,75116,999997,1,4,5,5,5,3,9,40,25,0,0,1,0,999999,310420,10,1244,0,0,8,999997,3461.46,2.28,3765.65,2.48,8411600,1,10,11.9,2,1,CNPJ,0,35,24,3346.08,3461.46,3461.46,3461.46,3461.46,3461.46,0,6922.92,3461.46,3461.46,3461.46,1198,0,0,0,302
999997,999997,999997,999,999,999,21,251110,69206,74128,999997,0,7,5,6,99,7,9,44,51,0,1,0,3,999999,320530,10,2062,0,0,2,999997,,.00,3114.31,2.05,6920601,2,5,64.6,0,1,CNPJ,0,10,19,4010.21,3839.56,1493.15,0,0,0,0,0,0,0,0,1198,0,0,0,101
999997,999997,999997,999,999,999,0,251110,71120,74209,999997,1,4,5,6,5,2,9,44,27,0,0,8,0,999999,310620,10,2240,0,0,8,999997,4378.29,2.88,3662.32,2.41,7112000,2,6,4.6,2,1,CNPJ,0,10,19,0,0,0,0,0,0,0,2533.33,3800.00,3800.00,3800.00,1198,0,0,0,101
999997,999997,999997,999,999,999,0,251110,72207,73202,999997,1,4,5,99,5,4,9,99,26,0,1,0,0,999999,330455,10,2062,0,0,2,999997,3356.91,2.21,3839.26,2.52,7220700,2,4,12.4,0,1,CNPJ,0,10,19,4025.74,3672.39,3157.10,4048.99,3708.44,3550.13,2977.27,4619.51,5477.19,4066.93,3410.55,1198,1,0,0,111
999997,999997,999997,999,999,999,11,251110,47822,52337,999997,0,5,2,6,99,1,9,44,35,0,1,6,8,999999,330320,10,2062,0,0,2,999997,,.00,1456.67,.95,4782201,2,4,2.4,2,1,CNPJ,0,60,16,0,0,0,0,0,1836.67,1900.00,633.33,0,0,0,1198,0,0,0,101
999997,999997,999997,999,999,999,0,251110,84116,75116,999997,1,4,7,5,6,6,10,40,28,0,0,0,0,999999,310620,10,1104,0,0,2,999997,6043.17,3.98,6910.65,4.55,8411600,2,10,47.0,0,1,CNPJ,0,30,24,8151.68,6587.25,6587.25,6802.15,6372.35,9380.87,7062.84,6810.74,7043.17,6043.17,6043.17,1198,0,0,0,301
999997,999997,999997,999,999,999,0,251110,85317,80314,999997,1,8,10,5,10,0,10,40,74,0,0,0,0,999999,330455,10,1104,0,0,2,999997,16745.71,11.03,18158.61,11.96,8531700,2,10,.0,0,1,CNPJ,0,30,23,22111.07,17101.63,17101.63,17101.63,17101.63,25199.63,17101.63,17101.63,17745.71,16745.71,16745.71,1198,0,0,0,301
999997,999997,999997,999,999,999,21,251110,47822,52337,999997,0,5,1,6,99,1,9,44,34,0,1,3,3,999999,330320,10,2062,0,0,8,999997,,.00,540.00,.35,4782201,1,4,.3,2,1,CNPJ,0,60,16,0,0,540.00,0,0,0,0,0,0,0,0,1198,0,0,0,101
999997,999997,999997,999,999,999,21,251110,69206,74128,999997,0,5,5,6,99,3,9,44,33,0,1,0,4,999999,320530,10,2062,0,0,2,999997,,.00,3119.00,2.05,6920601,2,5,6.3,0,1,CNPJ,0,10,19,3497.94,3497.94,3497.94,1982.17,0,0,0,0,0,0,0,1198,0,0,0,101
999997,999997,999997,999,999,999,0,251110,71120,74209,999997,1,5,6,6,6,3,10,44,33,0,0,6,0,999999,310620,10,2240,0,0,4,999997,6060.00,3.99,5797.14,3.82,7112000,2,6,6.7,2,1,CNPJ,0,10,19,0,0,0,0,0,4400.00,6000.00,6000.00,6000.00,6060.00,6060.00,1198,0,0,0,101
999997,999997,999997,999,999,999,0,251110,69206,74128,999997,1,7,5,6,5,3,9,44,55,0,1,2,0,999999,320530,10,2062,0,0,8,999997,4003.20,2.63,3416.67,2.25,6920601,1,5,10.6,2,1,CNPJ,0,10,19,0,2098.76,3497.94,3497.94,3497.94,3497.94,3497.94,3497.94,3497.94,3497.94,3497.94,1198,0,0,0,101
999997,999997,999997,999,999,999,21,251110,72207,73202,999997,0,5,6,5,99,5,11,40,33,0,0,0,6,999999,310620,10,2062,0,0,4,999997,,.00,4569.47,3.01,7220700,1,2,28.2,0,1,CNPJ,0,10,19,5423.30,5199.94,5199.94,5329.94,5223.70,1039.99,0,0,0,0,0,1198,0,0,0,101
999997,999997,999997,50,999,999,0,251110,84116,75116,999997,1,5,3,5,4,8,9,40,33,0,0,0,0,999999,310230,10,1066,0,120,9,999997,2500.00,1.64,2210.00,1.45,8411600,2,5,154.4,0,1,CNPJ,0,35,24,1818.34,1818.34,2081.80,1906.16,1906.16,3176.93,1906.16,1906.16,2500.00,2500.00,2500.00,1198,0,0,0,302
999997,999997,999997,999,999,999,11,251110,47822,52337,999997,0,6,3,6,3,1,9,44,40,0,1,11,12,999999,330320,10,2062,0,0,4,999997,2171.38,1.43,1529.03,1.01,4782201,2,4,1.3,2,1,CNPJ,0,60,16,0,0,0,0,0,0,0,0,0,0,886.67,1198,0,0,0,101
999997,999997,999997,40,999,999,0,251110,71197,74209,999997,1,5,7,6,7,6,9,44,39,0,0,0,0,999999,310620,10,2062,0,1,8,999997,7346.07,4.83,6609.92,4.35,7119702,1,6,58.7,0,1,CNPJ,0,10,19,5173.73,5173.73,5173.73,5173.73,5941.43,7683.64,6974.99,8537.84,7448.04,7346.07,7346.07,1198,0,0,0,101
999997,999997,999997,999,999,999,0,251110,85317,80314,999997,1,6,9,5,10,8,11,40,42,0,0,0,0,999999,330455,10,1104,0,0,2,999997,20645.61,13.60,15011.61,9.88,8531700,1,10,130.2,0,1,CNPJ,0,30,23,17263.34,14412.29,13235.92,13235.92,14763.74,14763.74,14763.74,14763.74,14763.74,13763.74,13763.74,1198,0,0,0,301
999997,999997,999997,999,999,999,0,251110,47822,52337,999997,1,3,3,6,99,4,9,44,21,0,1,0,0,999999,330320,10,2062,0,0,8,999997,,.00,1520.00,1.00,4782201,2,4,19.0,0,1,CNPJ,0,10,16,1800.00,1800.00,120.00,960.00,0,0,0,0,0,0,0,1198,0,0,0,101
999997,999997,999997,999,999,999,0,251110,47814,52329,999997,1,7,4,6,5,1,9,42,58,0,1,11,0,999999,320120,10,2062,0,0,2,999997,3439.32,2.26,2611.93,1.72,4781400,2,3,1.9,2,1,CNPJ,0,60,16,0,0,0,0,0,0,0,0,0,0,1784.53,1198,0,0,0,101
999997,999997,999997,999,999,999,0,251110,85317,80314,999997,1,3,4,5,4,1,9,40,22,0,0,10,0,999999,330610,10,3069,0,0,2,999997,3018.21,1.98,2381.03,1.56,8531700,1,8,2.3,2,1,CNPJ,0,60,23,0,0,0,0,0,0,0,0,0,1106.68,3018.21,1198,0,0,0,101
999997,999997,999997,999,999,999,0,251110,72207,73202,999997,1,7,99,99,99,7,9,99,52,0,1,0,0,999999,330455,10,2062,0,0,8,999997,,.00,.00,.00,7220700,1,4,71.4,0,1,CNPJ,0,10,19,0,0,0,0,0,0,0,0,0,0,0,1198,1,0,0,111
999997,999997,999997,999,999,999,0,251110,47814,52329,999997,1,6,3,8,4,1,9,48,43,0,1,10,0,999999,320120,10,2062,0,0,2,999997,2660.75,1.75,2045.86,1.34,4781400,2,2,2.9,2,1,CNPJ,0,60,16,0,0,0,0,0,0,0,0,0,1585.14,1891.69,1198,0,0,0,101
999997,999997,999997,999,999,999,12,251110,47741,52493,999997,0,6,2,6,99,1,9,42,41,0,1,0,1,999999,320310,10,2135,0,0,2,999997,,.00,1485.77,.97,4774100,2,1,2.9,0,1,CNPJ,0,10,16,1485.77,0,0,0,0,0,0,0,0,0,0,1198,0,0,0,101
999997,999997,999997,999,999,999,21,251110,47822,52337,999997,0,7,3,6,99,1,9,44,55,0,1,9,10,999999,330320,10,2062,0,0,2,999997,,.00,1710.00,1.12,4782201,2,4,1.8,2,1,CNPJ,0,60,16,0,0,0,0,0,0,0,0,1710.00,1710.00,0,1198,0,0,0,101
999997,999997,999997,999,999,999,0,251110,84116,75116,999997,1,8,7,5,7,8,9,40,73,0,0,0,0,999999,313760,10,1244,0,0,2,999997,7247.59,4.77,7198.15,4.74,8411600,2,10,507.0,0,1,CNPJ,0,31,24,6802.69,7247.58,7247.58,7247.58,7247.58,7247.58,7247.58,7247.58,0,0,0,1198,0,0,0,301
999997,999997,999997,999,999,999,0,251110,85317,80314,999997,1,5,10,5,9,8,10,40,36,0,0,0,0,999999,330455,10,1104,0,0,2,999997,14886.87,9.80,16085.30,10.59,8531700,1,10,130.2,0,1,CNPJ,0,30,23,20117.50,14997.72,13725.36,20088.04,15886.87,15886.87,15886.87,15886.87,15886.87,14886.87,14886.87,1198,0,0,0,301
999997,999997,999997,999,999,999,12,251110,78205,74500,999997,0,5,8,5,99,3,9,40,39,0,0,2,10,999999,310620,10,2062,0,0,8,999997,,.00,8403.57,5.53,7820500,1,9,8.9,2,1,CNPJ,0,50,19,0,7392.61,8529.94,8529.94,8529.94,8529.94,8529.94,8529.94,8529.94,8529.94,0,1198,0,0,0,106
999997,999997,999997,999,999,999,0,251110,72207,73202,999997,1,6,99,99,99,7,9,99,45,0,1,0,0,999999,330455,10,2062,0,0,4,999997,,.00,.00,.00,7220700,2,4,89.0,0,1,CNPJ,0,10,19,0,0,0,0,0,0,0,0,0,0,0,1198,1,0,0,111
999997,999997,999997,999,999,999,21,251110,47890,52493,999997,0,3,2,8,99,1,9,48,21,0,1,3,5,999999,320120,10,2062,0,0,2,999997,,.00,1324.61,.87,4789001,2,3,2.6,2,1,CNPJ,0,60,16,0,0,928.56,1547.60,1497.68,0,0,0,0,0,0,1198,0,0,0,101
999997,999997,999997,999,999,999,0,251110,47822,52337,999997,1,4,3,6,4,1,9,44,27,0,1,10,0,999999,330320,10,2062,0,0,8,999997,2945.68,1.94,2227.45,1.46,4782201,2,4,2.9,2,1,CNPJ,0,60,16,0,0,0,0,0,0,0,0,0,1836.67,1900.00,1198,0,0,0,101
999997,999997,999997,999,999,999,21,251110,47822,52337,999997,0,7,2,6,2,1,9,44,55,0,1,12,12,999999,330320,10,2062,0,0,2,999997,760.00,.50,760.00,.50,4782201,2,4,.4,2,1,CNPJ,0,60,16,0,0,0,0,0,0,0,0,0,0,0,1198,0,0,0,101
999997,999997,999997,999,999,999,0,251110,72207,73202,999997,1,4,5,99,4,6,9,99,27,0,1,0,0,999999,330455,10,2062,0,0,4,999997,2947.73,1.94,3125.21,2.06,7220700,2,4,40.6,0,1,CNPJ,0,10,19,3849.02,1725.15,2899.73,3383.19,4618.42,4173.91,642.36,2899.73,3560.41,3734.34,3068.56,1198,1,0,0,111
999997,999997,999997,999,999,999,21,251110,84116,75116,999997,0,4,4,5,99,2,9,40,27,0,0,1,4,999999,310420,10,1244,0,0,8,999997,,.00,2855.71,1.88,8411600,1,10,3.8,2,1,CNPJ,0,35,24,3346.08,3461.46,3461.46,1153.82,0,0,0,0,0,0,0,1198,0,0,0,302
999997,999997,999997,999,999,999,0,251110,85317,80314,999997,1,6,10,5,10,8,11,40,44,0,0,0,0,999999,330455,10,1104,0,0,2,999997,16745.71,11.03,17827.89,11.74,8531700,2,10,172.4,0,1,CNPJ,0,30,23,24115.30,14763.74,14763.74,14763.74,17101.64,25957.54,17101.64,17384.44,17745.71,16745.71,16745.71,1198,0,0,0,301
999997,999997,999997,999,999,999,0,251110,64620,74144,999997,1,6,8,5,8,7,9,40,42,0,0,0,0,999999,330455,10,2054,0,0,9,999997,8458.74,5.57,8795.89,5.79,6462000,1,7,74.3,0,1,CNPJ,0,10,19,8120.38,8458.73,8458.73,8458.73,8458.73,10118.31,10526.42,8458.73,9115.72,8458.73,8458.73,1198,0,0,0,101
999997,999997,999997,999,999,999,0,251110,47814,52329,999997,1,4,3,6,3,2,9,43,25,0,1,7,0,999999,320120,10,2062,0,0,2,999997,1989.89,1.31,1610.85,1.06,4781400,2,3,5.3,2,1,CNPJ,0,10,16,0,0,0,0,0,0,464.28,1547.60,1738.94,1934.50,1989.89,1198,0,0,0,101
999997,999997,999997,999,999,999,0,251110,47822,52337,999997,1,5,3,6,5,3,9,44,38,0,1,4,0,999999,330320,10,2062,0,0,8,999997,4502.42,2.96,2220.73,1.46,4782201,2,4,8.7,2,1,CNPJ,0,10,16,0,0,0,1433.54,2107.44,2305.81,2157.98,1869.84,1869.84,1869.84,1869.84,1198,0,0,0,101
999997,999997,999997,999,999,999,0,251110,72207,73202,999997,1,5,6,99,5,7,9,99,38,0,1,0,0,999999,330455,10,2062,0,0,2,999997,3754.81,2.47,5327.48,3.50,7220700,1,4,89.4,0,1,CNPJ,0,10,19,5925.53,6764.61,6294.24,4816.97,7556.01,2761.72,2820.98,7115.65,4616.62,5649.07,5853.59,1198,1,0,0,111
999997,999997,999997,999,999,999,0,251110,72207,73202,999997,1,5,7,6,7,7,9,44,33,0,1,0,0,999999,330455,10,2062,0,0,8,999997,6446.15,4.24,6130.00,4.03,7220700,1,4,107.9,0,1,CNPJ,0,10,19,4831.21,4364.07,4315.92,4637.86,5981.42,5878.98,4042.50,7476.79,8356.03,8546.42,8682.59,1198,0,0,0,101
999997,999997,999997,999,999,999,0,251110,84116,75116,999997,1,4,6,5,6,2,10,40,29,0,0,8,0,999999,314610,10,1244,0,0,2,999997,6054.97,3.98,5691.67,3.74,8411600,1,10,4.6,2,1,CNPJ,0,97,24,0,0,0,0,0,0,0,4238.47,6054.97,6054.97,6054.97,1198,0,0,0,306
999997,999997,999997,999,999,999,0,251110,1156,99999,999997,1,3,99,6,99,6,9,44,24,0,0,0,0,999999,314980,10,9999,0,0,4,999997,,.00,.00,.00,115600,1,2,54.0,0,5,CAEPF,0,15,25,0,0,0,0,0,0,0,0,0,0,0,1198,0,0,0,101
999997,999997,999997,999,999,999,11,251110,72207,73202,999997,0,6,7,5,99,4,11,40,44,0,0,0,7,999999,310620,10,2062,0,0,2,999997,,.00,6119.32,4.03,7220700,1,2,13.4,0,1,CNPJ,0,10,19,6315.38,6865.19,6847.16,6485.31,7444.09,2758.79,0,0,0,0,0,1198,0,0,0,101
999997,999997,999997,999,999,999,11,251110,72207,73202,999997,0,5,5,5,99,5,9,40,30,0,0,0,8,999999,310620,10,2062,0,0,8,999997,,.00,4131.32,2.72,7220700,2,2,25.2,0,1,CNPJ,0,10,19,4232.92,4336.91,4054.52,4054.52,4054.52,4054.52,392.37,0,0,0,0,1198,0,0,0,101
999997,999997,999997,999,999,999,12,251110,47814,52329,999997,0,4,2,6,99,2,9,43,25,0,1,0,3,999999,320120,10,2062,0,0,2,999997,,.00,1345.35,.88,4781400,2,3,3.0,0,1,CNPJ,0,10,16,1783.98,1751.39,500.69,0,0,0,0,0,0,0,0,1198,0,0,0,101
999997,999997,999997,999,999,999,21,251110,68218,70319,999997,0,7,5,8,99,6,9,48,57,0,0,0,6,999999,330330,10,2062,0,0,2,999997,,.00,3201.39,2.10,6821801,2,1,56.5,0,1,CNPJ,0,10,19,3730.94,3730.94,3730.94,3730.94,1083.18,0,0,0,0,0,0,1198,0,0,0,101
999997,999997,999997,999,999,999,11,251110,47598,52434,999997,0,3,2,5,99,1,9,40,18,0,1,7,8,999999,320120,10,2062,0,0,2,999997,,.00,1322.95,.87,4759801,2,2,1.7,2,1,CNPJ,0,60,16,0,0,0,0,0,0,1098.30,1547.60,0,0,0,1198,0,0,0,101
999997,999997,999997,999,999,999,0,251110,71197,74209,999997,1,5,6,6,6,7,9,44,33,0,1,0,0,999999,320120,10,2062,0,0,8,999997,4763.14,3.13,4867.76,3.20,7119701,1,2,62.1,0,1,CNPJ,0,10,19,4430.83,4763.14,4763.14,6350.85,4763.14,4763.14,4763.14,4763.14,4763.14,4763.14,4763.14,1198,0,0,0,101
999997,999997,999997,999,999,999,0,251110,47822,52337,999997,1,4,3,6,4,4,9,44,26,0,1,0,0,999999,330320,10,2062,0,0,8,999997,2289.85,1.50,1945.42,1.28,4782201,2,4,19.0,0,1,CNPJ,0,10,16,1800.00,1800.00,1800.00,1800.00,2011.80,1900.00,1900.00,1900.00,1773.34,2596.66,1773.34,1198,0,0,0,101
999997,999997,999997,999,999,999,0,251110,85317,80314,999997,1,5,9,5,9,7,10,40,34,0,0,0,0,999999,330455,10,1104,0,0,2,999997,10745.86,7.07,11603.08,7.64,8531700,2,10,86.5,0,1,CNPJ,0,30,23,13671.15,10553.03,10553.03,10553.03,11332.56,16498.84,11332.56,11332.56,11332.56,10585.87,10745.86,1198,0,0,0,301
999997,999997,999997,999,999,999,0,251110,70204,74160,999997,1,6,99,1,99,1,10,1,47,0,0,10,0,999999,320530,10,2062,0,0,2,999997,,.00,.00,.00,7020400,1,4,2.3,2,1,CNPJ,0,60,19,0,0,0,0,0,0,0,0,0,0,0,1198,1,0,0,111
999997,999997,999997,999,999,999,0,251110,1334,99999,999997,1,7,3,6,2,7,9,44,57,0,0,0,0,999999,330180,10,4014,0,0,2,999997,1518.00,1.00,1551.73,1.02,133408,1,2,71.9,0,5,CAEPF,0,25,25,1518.00,1737.27,1703.53,1518.00,1518.00,1518.00,1518.00,1518.00,1518.00,1518.00,1518.00,1198,0,0,0,101
999997,999997,999997,999,999,999,11,251110,72207,73202,999997,0,6,4,6,99,1,9,44,43,0,1,10,12,999999,330455,10,2062,0,0,8,999997,,.00,2416.67,1.59,7220700,1,1,1.9,2,1,CNPJ,0,60,19,0,0,0,0,0,0,0,0,0,2333.33,2500.00,1198,0,0,0,101
999997,999997,999997,999,999,999,0,251110,47440,52442,999997,1,7,5,6,5,8,9,44,55,0,1,0,0,999999,310620,10,2062,0,0,8,999997,4415.82,2.90,3993.27,2.63,4744002,1,3,223.0,0,1,CNPJ,0,10,16,3792.01,3669.97,3621.69,4182.38,3978.89,3943.15,3943.33,3935.13,4003.32,4542.30,3891.20,1198,0,0,0,101
999997,999997,999997,999,999,999,21,251110,23915,26913,999997,0,4,3,7,99,3,9,45,25,0,1,0,4,999999,320503,10,2062,0,0,2,999997,,.00,1768.09,1.16,2391503,2,4,10.5,0,1,CNPJ,0,10,2,1758.77,2400.18,2354.19,559.20,0,0,0,0,0,0,0,1198,0,0,0,101
999997,999997,999997,999,999,999,0,251110,84116,75116,999997,1,6,5,5,5,3,9,40,49,0,0,5,0,999999,310420,10,1244,0,0,8,999997,3461.46,2.28,3245.12,2.14,8411600,1,10,7.5,2,1,CNPJ,0,35,24,0,0,0,0,1730.73,3461.46,3461.46,3461.46,3461.46,3461.46,3461.46,1198,0,0,0,302
999997,999997,999997,999,999,999,0,251110,47890,52493,999997,1,3,3,6,3,4,9,43,19,0,1,0,0,999999,312230,10,2062,0,0,2,999997,1998.52,1.31,1979.24,1.30,4789099,1,3,13.2,0,1,CNPJ,0,20,16,1941.20,1941.20,1941.20,1941.20,2016.26,1978.73,1998.52,1998.52,1998.52,1998.52,1998.52,1198,0,0,0,101
999997,999997,999997,999,999,999,0,251110,71197,74209,999997,1,5,8,6,8,7,9,44,37,0,0,0,0,999999,310620,10,2062,0,0,8,999997,7882.50,5.19,8050.15,5.30,7119702,1,6,72.9,0,1,CNPJ,0,10,19,7479.47,7479.47,7479.47,7479.47,7479.47,8522.07,7479.47,9931.40,7882.50,7964.78,9541.68,1198,0,0,0,101
999997,999997,999997,999,999,999,0,251110,85503,74160,999997,1,8,3,1,3,4,9,10,72,0,0,0,0,999999,310620,10,3999,0,0,2,999997,1621.23,1.06,1623.71,1.06,8550302,2,10,18.9,0,1,CNPJ,0,10,19,1541.09,1541.09,1541.09,1621.23,1621.23,1621.23,1621.23,1891.45,1621.23,1621.23,1621.23,1198,0,0,0,101
999997,999997,999997,999,999,999,0,251110,84116,75116,999997,1,5,5,5,5,3,9,40,39,0,0,3,0,999999,310420,10,1244,0,0,8,999997,3461.46,2.28,3403.77,2.24,8411600,1,10,9.8,2,1,CNPJ,0,35,24,0,0,2884.55,3461.46,3461.46,3461.46,3461.46,3461.46,3461.46,3461.46,3461.46,1198,0,0,0,302
999997,999997,999997,999,999,999,0,251110,72207,73202,999997,1,5,99,99,99,7,9,99,32,0,1,0,0,999999,330455,10,2062,0,0,2,999997,,.00,.00,.00,7220700,2,4,85.7,0,1,CNPJ,0,10,19,0,0,0,0,0,0,0,0,0,0,0,1198,1,0,0,111
999997,999997,999997,999,999,999,0,251110,72207,73202,999997,1,5,99,99,99,6,9,99,32,0,1,0,0,999999,330455,10,2062,0,0,2,999997,,.00,.00,.00,7220700,2,4,40.7,0,1,CNPJ,0,10,19,0,0,0,0,0,0,0,0,0,0,0,1198,1,0,0,111
999997,999997,999997,999,999,999,12,251110,47814,52329,999997,0,3,3,8,99,1,9,48,19,0,1,0,2,999999,320120,10,2062,0,0,2,999997,,.00,2003.30,1.32,4781400,2,2,2.9,0,1,CNPJ,0,60,16,1873.60,2133.00,0,0,0,0,0,0,0,0,0,1198,0,0,0,101
999997,999997,999997,999,999,999,12,251110,47598,52434,999997,0,3,2,5,99,1,9,40,21,0,1,0,1,999999,320120,10,2062,0,0,2,999997,,.00,1222.67,.80,4759801,2,2,2.9,0,1,CNPJ,0,60,16,1222.67,0,0,0,0,0,0,0,0,0,0,1198,0,0,0,101
999997,999997,999997,999,999,999,21,251110,72207,73202,999997,0,4,4,99,99,2,9,99,26,0,1,4,10,999999,330455,10,2062,0,0,4,999997,,.00,2356.78,1.55,7220700,2,4,5.2,2,1,CNPJ,0,10,19,0,0,0,344.28,2585.68,2487.12,2298.05,2356.34,2056.69,57.37,0,1198,1,0,0,111
999997,999997,999997,999,999,999,0,251110,64620,74144,999997,1,7,9,6,9,1,9,44,55,0,0,12,0,999999,330455,10,2046,0,0,2,999997,12274.27,8.08,12274.27,8.08,6462000,2,9,.9,2,1,CNPJ,0,10,19,0,0,0,0,0,0,0,0,0,0,0,1198,0,0,0,101
999997,999997,999997,999,999,999,11,251110,47814,52329,999997,0,6,3,5,4,4,9,40,49,0,1,0,12,999999,320500,10,2062,0,0,2,999997,2950.28,1.94,1934.54,1.27,4781400,2,2,12.8,0,1,CNPJ,0,10,16,2025.00,1844.45,1687.93,1838.38,1724.80,1770.14,1790.12,1828.73,1890.11,1882.13,1982.45,1198,0,0,0,101
999997,999997,999997,999,999,999,11,251110,72207,73202,999997,0,5,7,5,99,5,11,40,30,0,0,0,4,999999,310620,10,2062,0,0,2,999997,,.00,6081.41,4.00,7220700,1,2,26.1,0,1,CNPJ,0,10,19,5506.90,6655.92,0,0,0,0,0,0,0,0,0,1198,0,0,0,101
999997,999997,999997,999,999,999,0,251110,68102,70106,999997,1,6,6,6,7,7,9,44,49,0,0,0,0,999999,320490,10,2054,0,0,8,999997,6096.79,4.01,5425.95,3.57,6810203,1,6,90.8,0,1,CNPJ,0,10,19,5362.91,5080.65,5080.65,5080.65,5080.65,5893.55,5487.10,5487.10,5487.10,5487.10,5487.10,1198,0,0,0,101
999997,999997,999997,999,999,999,0,251110,63119,72303,999997,1,5,9,6,9,2,9,44,34,0,0,7,0,999999,320530,10,2062,0,0,8,999997,11000.00,7.24,10645.16,7.01,6311900,2,5,5.8,2,1,CNPJ,0,10,19,0,0,0,0,0,0,8870.97,11000.00,11000.00,11000.00,11000.00,1198,0,0,0,101
999997,999997,999997,999,999,999,0,251110,72207,73202,999997,1,4,5,99,4,2,9,99,29,0,1,8,0,999999,330455,10,2062,0,0,2,999997,2784.76,1.83,3899.29,2.57,7220700,1,4,4.9,2,1,CNPJ,0,10,19,0,0,0,0,0,0,0,3191.50,4543.64,4771.31,4205.24,1198,1,0,0,111
999997,999997,999997,999,999,999,12,251110,47814,52329,999997,0,6,1,5,99,1,9,40,43,0,1,0,1,999999,320120,10,2062,0,0,2,999997,,.00,474.72,.31,4781400,2,3,.6,0,1,CNPJ,0,60,16,474.72,0,0,0,0,0,0,0,0,0,0,1198,0,0,0,101
999997,999997,999997,999,999,999,0,251110,82113,74993,999997,1,4,6,6,6,3,9,44,27,0,1,6,0,999999,310620,10,2135,0,0,2,999997,5055.36,3.33,5020.10,3.31,8211300,1,2,6.9,2,1,CNPJ,0,10,19,0,0,0,0,0,4640.00,5223.87,5055.36,5055.36,5055.36,5055.36,1198,0,0,0,101
999997,999997,999997,999,999,999,0,251110,2306,99999,999997,1,5,7,99,7,8,9,99,39,0,0,0,0,999999,314800,10,2062,0,0,4,999997,6202.62,4.08,6677.46,4.39,230600,2,6,141.7,0,1,CNPJ,0,10,19,6086.71,7535.93,6086.71,7091.01,6588.86,6588.86,7297.34,6588.86,7373.97,6486.02,6202.62,1198,0,0,0,101
999997,999997,999997,999,999,999,0,251110,85317,80314,999997,1,5,9,5,9,7,9,40,39,0,0,0,0,999999,330455,10,1104,0,0,2,999997,11543.32,7.60,12743.26,8.39,8531700,2,10,113.0,0,1,CNPJ,0,30,23,16015.04,11261.97,11261.97,11261.97,12543.32,18314.98,12543.32,12543.32,12543.32,11543.32,11543.32,1198,0,0,0,301
999997,999997,999997,999,999,999,11,251110,7103,13102,999997,0,5,6,6,99,6,9,44,36,0,0,0,9,999999,315680,10,2062,0,0,8,999997,,.00,6023.09,3.97,710301,1,5,39.0,0,1,CNPJ,0,10,1,5723.30,5723.30,5723.30,5723.30,5723.30,5723.30,7821.85,200.57,0,0,0,1198,0,0,0,101
999997,999997,999997,999,999,999,0,251110,47822,52337,999997,1,4,4,6,6,4,9,44,28,0,1,0,0,999999,330320,10,2062,0,0,8,999997,5206.66,3.42,2517.09,1.65,4782201,2,4,16.9,0,1,CNPJ,0,10,16,1800.00,1800.00,2874.02,2557.62,2927.44,2348.45,2123.71,2295.47,1919.77,1979.18,2372.77,1198,0,0,0,101
999997,999997,999997,999,999,999,0,251110,47814,52329,999997,1,5,3,7,5,4,9,45,33,0,1,0,0,999999,320120,10,2062,0,0,2,999997,3820.85,2.51,2214.11,1.45,4781400,2,3,13.1,0,1,CNPJ,0,10,16,2292.60,2093.57,2097.81,1891.71,1895.44,2099.43,2032.26,2518.08,1890.08,1915.06,2022.45,1198,0,0,0,101
999997,999997,999997,999,999,999,0,251110,47717,52418,999997,1,5,3,6,3,3,9,44,36,0,1,5,0,999999,330452,10,2062,0,0,8,999997,1719.30,1.13,1667.20,1.10,4771701,2,3,7.8,2,1,CNPJ,0,10,16,0,0,0,0,1302.50,1719.30,1719.30,1719.30,1719.30,1719.30,1719.30,1198,0,0,0,101
999997,999997,999997,999,999,999,11,251110,71120,74209,999997,0,5,5,6,99,2,9,44,39,0,1,0,3,999999,330555,10,2062,0,0,4,999997,,.00,4279.51,2.81,7112000,1,3,4.0,0,1,CNPJ,0,10,19,5835.69,5835.69,1167.14,0,0,0,0,0,0,0,0,1198,0,0,0,101
999997,999997,999997,999,999,999,0,251110,23915,26913,999997,1,4,4,7,5,3,9,45,26,0,1,2,0,999999,320503,10,2062,0,0,2,999997,3303.70,2.17,2646.00,1.74,2391503,2,4,10.2,2,1,CNPJ,0,10,2,0,374.46,2210.69,2283.95,2532.57,2707.31,2861.74,2250.00,2770.00,2770.00,2770.00,1198,0,0,0,101
999997,999997,999997,999,999,999,0,251110,85317,80314,999997,1,6,9,5,9,8,9,40,49,0,0,0,0,999999,330455,10,1104,0,0,4,999997,10751.63,7.08,12142.35,8.00,8531700,2,10,190.9,0,1,CNPJ,0,30,23,13729.43,10558.17,11643.57,11752.77,12630.22,16507.18,11338.12,12870.33,12423.48,10751.63,10751.63,1198,0,0,0,301
999997,999997,999997,999,999,999,31,251110,47822,52337,999997,0,5,4,6,99,4,9,44,30,0,1,0,6,999999,330320,10,2062,0,0,8,999997,,.00,2355.56,1.55,4782201,2,4,12.1,0,1,CNPJ,0,10,16,1916.35,1927.05,2961.74,2409.95,2562.70,60.00,0,0,0,0,0,1198,0,0,0,101
999997,999997,999997,999,999,999,11,251110,71120,74209,999997,0,4,6,6,99,2,9,44,28,0,1,3,7,999999,330555,10,2062,0,0,8,999997,,.00,5651.02,3.72,7112000,1,3,3.8,2,1,CNPJ,0,10,19,0,0,5097.00,5835.69,5835.69,5835.69,389.05,0,0,0,0,1198,0,0,0,101
999997,999997,999997,999,999,999,11,251110,42235,45292,999997,0,4,5,6,99,2,9,44,28,1,0,7,11,999999,314070,10,9999,0,0,8,999997,,.00,4310.02,2.83,4223500,1,6,4.3,2,6,CNO,0,10,15,0,0,0,0,0,0,4842.42,5797.76,5279.02,5096.72,534.18,1198,0,0,0,101
999997,999997,999997,999,999,999,0,251110,94936,91995,999997,1,5,5,5,5,3,9,40,38,0,0,2,0,999999,150420,10,1155,0,0,8,999997,4247.97,2.79,4108.78,2.70,9493600,2,7,10.8,2,1,CNPJ,0,35,21,0,3392.00,3960.40,3960.40,3960.40,4435.54,4247.97,4247.97,4247.97,4247.97,4247.97,1198,0,0,0,302
999997,999997,999997,999,999,999,0,251110,72207,73202,999997,1,6,3,4,3,4,9,30,48,0,1,0,0,999999,110020,10,2062,0,0,8,999997,1804.73,1.18,1560.17,1.03,7220700,1,3,15.0,0,1,CNPJ,0,10,19,1518.00,1518.00,1518.00,1518.00,1518.00,1518.00,1518.00,1737.27,1518.00,1518.00,1518.00,1198,0,0,0,101
999997,999997,999997,999,999,999,12,251110,84116,75116,999997,0,5,8,5,99,4,9,40,30,0,0,0,3,999999,150553,10,1244,0,0,2,999997,,.00,7654.32,5.04,8411600,1,10,12.0,0,1,CNPJ,0,97,24,7560.26,7560.26,7842.43,0,0,0,0,0,0,0,0,1198,0,0,0,306
999997,999997,999997,999,999,999,0,251110,90035,92320,999997,1,4,5,5,5,6,11,40,29,0,0,0,0,999999,130260,10,3077,0,0,9,999997,4351.52,2.86,4390.12,2.89,9003500,1,9,41.6,0,1,CNPJ,0,10,21,4104.93,4104.93,4104.93,4104.93,5656.60,4496.27,4351.23,4351.52,4351.52,4351.52,4351.52,1198,0,0,0,101
999997,999997,999997,999,999,999,0,251110,43134,45136,999997,1,4,3,6,3,4,9,44,28,0,0,0,0,999999,150550,10,2062,0,0,8,999997,1641.58,1.08,1841.02,1.21,4313400,1,8,19.5,0,1,CNPJ,0,10,15,2021.01,1983.77,1595.62,1596.57,1886.86,2015.73,1640.60,1938.75,1795.19,2332.38,1644.17,1198,0,0,0,101
999997,999997,999997,999,999,999,0,251110,85317,80314,999997,1,5,9,5,9,7,11,40,36,0,0,0,0,999999,130260,10,1139,0,0,2,999997,12866.77,8.47,13890.32,9.15,8531700,1,10,94.8,0,1,CNPJ,0,30,23,11998.55,11998.55,11998.55,11998.55,18865.20,19623.81,13866.77,13866.77,13866.77,12866.77,12866.77,1198,0,0,0,301
999997,999997,999997,999,999,999,11,251110,43134,45136,999997,0,5,3,6,99,3,9,44,38,0,0,0,5,999999,150550,10,2062,0,0,8,999997,,.00,1800.80,1.18,4313400,1,8,6.1,0,1,CNPJ,0,10,15,1887.19,1762.06,1753.16,18.02,0,0,0,0,0,0,0,1198,0,0,0,101
999997,999997,999997,999,999,999,0,251110,72207,73202,999997,1,4,5,6,5,2,9,44,26,0,1,9,0,999999,150680,10,2062,0,0,8,999997,4554.00,3.00,3832.95,2.53,7220700,1,3,3.3,2,1,CNPJ,0,10,19,0,0,0,0,0,0,0,0,1669.80,4554.00,4554.00,1198,0,0,0,101
999997,999997,999997,999,999,999,0,251110,43134,45136,999997,1,5,3,6,2,4,9,44,30,0,0,0,0,999999,150550,10,2062,0,0,2,999997,1427.98,.94,1812.61,1.19,4313400,1,8,12.9,0,1,CNPJ,0,10,15,2813.53,1895.87,2016.04,1906.11,1846.48,1687.18,1629.53,1738.07,2002.51,1493.22,1294.84,1198,0,0,0,101
999997,999997,999997,999,999,999,11,251110,94936,91995,999997,0,5,5,5,99,1,9,40,31,0,0,1,4,999999,150420,10,1155,0,0,8,999997,,.00,3619.36,2.38,9493600,2,7,2.7,2,1,CNPJ,0,35,21,2937.28,3960.40,3960.40,284.20,0,0,0,0,0,0,0,1198,0,0,0,302
999997,999997,999997,999,999,999,0,251110,71197,74209,999997,1,6,7,6,7,3,9,44,41,0,0,5,0,999999,130260,10,2062,0,0,8,999997,7077.55,4.66,6636.83,4.37,7119702,1,10,7.8,2,1,CNPJ,0,10,19,0,0,0,0,4399.37,7072.18,6771.25,6955.44,6946.24,6771.25,7101.35,1198,0,0,0,101
999997,999997,999997,999,999,999,11,251110,71197,74209,999997,0,4,5,6,99,1,9,44,27,0,0,6,8,999999,130260,10,2062,0,0,8,999997,,.00,3850.33,2.53,7119702,1,10,1.3,2,1,CNPJ,0,60,19,0,0,0,0,0,1863.68,6771.25,2916.07,0,0,0,1198,0,0,0,101
999997,999997,999997,999,999,999,0,251110,47814,52329,999997,1,5,2,6,2,2,9,44,39,0,0,8,0,999999,130130,10,2135,0,0,8,999997,1518.00,1.00,1518.00,1.00,4781400,2,2,5.0,2,1,CNPJ,0,10,16,0,0,0,0,0,0,0,1518.00,1518.00,1518.00,1518.00,1198,0,0,0,101
999997,999997,999997,999,999,999,0,251110,94936,91995,999997,1,5,5,5,5,3,9,40,34,0,0,4,0,999999,150420,10,1155,0,0,8,999997,4247.97,2.79,4192.28,2.75,9493600,1,7,8.9,2,1,CNPJ,0,35,21,0,0,0,3846.72,3960.40,4435.54,4247.97,4247.97,4247.97,4247.97,4247.97,1198,0,0,0,302
999997,999997,999997,999,999,999,0,251110,47814,52329,999997,1,3,2,6,2,2,9,44,20,0,0,9,0,999999,130130,10,2135,0,0,8,999997,1518.00,1.00,1518.00,1.00,4781400,1,2,4.0,2,1,CNPJ,0,10,16,0,0,0,0,0,0,0,0,1518.00,1518.00,1518.00,1198,0,0,0,101
999997,999997,999997,999,999,999,0,251110,84124,75124,999997,1,6,7,5,7,8,9,40,46,0,0,0,0,999999,130260,10,1023,0,0,8,999997,6151.78,4.05,6151.78,4.05,8412400,2,8,153.6,0,1,CNPJ,0,30,24,6151.78,6151.78,6151.78,6151.78,6151.78,6151.78,6151.78,6151.78,6151.78,6151.78,6151.78,1198,0,0,0,301
999997,999997,999997,40,999,999,0,251110,62040,72109,999997,1,7,6,6,99,7,9,44,52,0,0,0,0,999999,130260,10,2062,0,365,8,999997,,.00,5337.81,3.51,6204000,1,7,69.9,0,1,CNPJ,0,20,19,0,0,0,0,0,5337.81,5337.81,5337.81,0,0,5337.81,1198,0,0,0,101
999997,999997,999997,999,999,999,11,251110,72207,73202,999997,0,7,99,99,99,3,9,99,59,0,1,0,3,999999,110020,10,2062,0,0,8,999997,,.00,.00,.00,7220700,2,3,10.9,0,1,CNPJ,0,10,19,0,0,18.18,0,0,0,0,0,0,0,0,1198,1,0,0,111
999997,999997,999997,999,999,999,0,251110,94936,91995,999997,1,3,5,5,5,3,9,40,23,0,0,3,0,999999,150420,10,1155,0,0,8,999997,4247.97,2.79,4215.09,2.77,9493600,2,7,9.1,2,1,CNPJ,0,35,21,0,0,0,4052.06,3960.40,4435.54,4247.97,4247.97,4247.97,4247.97,4247.97,1198,0,0,0,302
999997,999997,999997,999,999,999,11,251110,72207,73202,999997,0,6,99,6,99,7,9,44,46,0,0,0,1,999999,150140,10,2062,0,0,8,999997,,.00,.00,.00,7220700,2,2,60.4,0,1,CNPJ,0,10,19,0,0,0,0,0,0,0,0,0,0,0,1198,0,0,0,101
999997,999997,999997,999,999,999,11,251110,94936,91995,999997,0,5,4,5,99,1,9,40,33,0,0,1,3,999999,150420,10,1155,0,0,8,999997,,.00,2513.95,1.65,9493600,1,7,1.8,2,1,CNPJ,0,35,21,2937.28,3960.40,644.18,0,0,0,0,0,0,0,0,1198,0,0,0,302
999997,999997,999997,999,999,999,0,251110,35204,40207,999997,1,6,6,6,6,5,9,44,40,0,0,0,0,999999,130260,10,2038,0,0,8,999997,6054.75,3.98,6041.44,3.97,3520402,1,7,35.4,0,1,CNPJ,0,10,14,6059.79,6068.77,5759.30,5847.02,6754.92,5789.57,5704.26,5771.42,6598.62,6034.13,6054.75,1198,0,0,0,101
999997,999997,999997,999,999,999,0,251110,72207,73202,999997,1,5,6,6,6,2,9,44,32,0,1,7,0,999999,150680,10,2062,0,0,8,999997,5313.00,3.50,5075.57,3.34,7220700,2,3,5.6,2,1,CNPJ,0,10,19,0,0,0,0,0,0,3427.74,5773.70,5313.00,5313.00,5313.00,1198,0,0,0,101
999997,999997,999997,999,999,999,0,251110,36006,41009,999997,1,6,6,5,6,1,10,40,45,0,0,11,0,999999,160030,10,2038,0,0,8,999997,5516.94,3.63,5333.04,3.51,3600601,2,8,1.9,2,1,CNPJ,0,35,14,0,0,0,0,0,0,0,0,0,0,5149.14,1198,0,0,0,302
999997,999997,999997,999,999,999,0,251110,72207,73202,999997,1,6,99,99,99,4,9,99,42,0,1,0,0,999999,110020,10,2062,0,0,8,999997,,.00,.00,.00,7220700,2,3,19.9,0,1,CNPJ,0,10,19,0,0,222.67,0,0,222.67,0,0,0,0,166.61,1198,1,0,0,111
999997,999997,999997,999,999,999,0,251110,72207,73202,999997,1,6,5,6,5,2,9,44,40,0,1,9,0,999999,150680,10,2062,0,0,1,999997,4554.00,3.00,3832.95,2.53,7220700,1,3,3.3,2,1,CNPJ,0,10,19,0,0,0,0,0,0,0,0,1669.80,4554.00,4554.00,1198,0,0,0,101
999997,999997,999997,999,999,999,0,251110,94936,91995,999997,1,5,5,5,5,1,9,40,32,0,0,10,0,999999,150420,10,1155,0,0,8,999997,4247.97,2.79,4200.77,2.76,9493600,1,7,2.9,2,1,CNPJ,0,35,21,0,0,0,0,0,0,0,0,0,4106.37,4247.97,1198,0,0,0,302
999997,999997,999997,999,999,999,0,251110,72207,73202,999997,1,5,5,6,5,3,9,44,39,0,1,5,0,999999,110020,10,2062,0,0,8,999997,4000.00,2.63,3916.67,2.58,7220700,1,3,7.8,2,1,CNPJ,0,10,19,0,0,0,0,3333.33,4000.00,4000.00,4000.00,4000.00,4000.00,4000.00,1198,0,0,0,101
999997,999997,999997,999,999,999,0,251110,94936,91995,999997,1,5,5,5,99,3,9,40,31,0,0,1,0,999999,150420,10,1155,0,0,8,999997,,.00,3619.36,2.38,9493600,1,7,11.7,2,1,CNPJ,0,35,21,2937.28,3960.40,3960.40,284.20,0,0,0,0,0,0,0,1198,0,0,0,302
999997,999997,999997,999,999,999,11,251110,63194,72400,999997,0,6,3,6,99,8,9,44,47,0,0,0,4,999999,150140,10,2062,0,0,8,999997,,.00,2071.02,1.36,6319400,2,6,161.2,0,1,CNPJ,0,10,19,3030.76,1111.28,0,0,0,0,0,0,0,0,0,1198,0,0,0,101
999997,999997,999997,999,999,999,11,251110,71197,74209,999997,0,7,7,6,99,1,9,44,56,0,0,4,5,999999,130260,10,2062,0,0,8,999997,,.00,6195.12,4.08,7119702,1,10,1.8,2,1,CNPJ,0,60,19,0,0,0,5639.99,6750.25,0,0,0,0,0,0,1198,0,0,0,101
999997,999997,999997,999,999,999,0,251110,72207,73202,999997,1,8,1,99,99,2,9,99,65,0,1,9,0,999999,110020,10,2062,0,0,8,999997,,.00,644.00,.42,7220700,1,3,3.7,2,1,CNPJ,0,10,19,0,0,0,0,0,0,0,0,644.00,429.33,352.67,1198,1,0,0,111
999997,999997,999997,999,999,999,0,251110,58123,22152,999997,1,7,5,6,5,8,9,42,60,0,0,0,0,999999,150140,10,2054,0,0,4,999997,4102.09,2.70,3860.65,2.54,5812301,1,7,340.0,0,1,CNPJ,0,10,8,3725.80,3725.80,3725.80,3725.80,3725.80,3725.80,4515.21,4178.32,3725.80,3725.80,3725.80,1198,0,0,0,101
999997,999997,999997,999,999,999,0,251110,72207,73202,999997,1,5,99,99,99,1,9,99,38,0,1,10,0,999999,110020,10,2062,0,0,8,999997,,.00,.00,.00,7220700,1,3,2.8,2,1,CNPJ,0,10,19,0,0,0,0,0,0,0,0,0,74.23,111.33,1198,1,0,0,111
999997,999997,999997,999,999,999,21,251110,72207,73202,999997,0,5,4,6,99,1,9,44,31,0,1,3,6,999999,110020,10,2062,0,0,8,999997,,.00,2533.34,1.66,7220700,1,3,2.5,2,1,CNPJ,0,10,19,0,0,1466.67,4000.00,4000.00,666.67,0,0,0,0,0,1198,0,0,0,101
999997,999997,999997,999,999,999,0,251110,14118,18112,999997,1,5,6,6,5,1,9,44,32,0,1,11,0,999999,230440,10,2062,0,0,8,999997,4250.00,2.79,4614.80,3.04,1411802,2,5,1.9,4,1,CNPJ,0,10,11,0,0,0,0,0,0,0,0,0,0,4979.60,1198,0,0,0,101
999997,999997,999997,999,999,999,0,251110,72207,73202,999997,1,4,99,6,99,7,9,44,27,0,0,0,0,999999,230440,10,3999,0,0,8,999997,,.00,.00,.00,7220700,1,5,80.6,0,1,CNPJ,0,10,19,0,0,0,0,0,0,0,0,0,0,0,1198,0,0,0,101
999997,999997,999997,999,999,999,0,251110,74901,74993,999997,1,4,5,6,6,3,9,44,29,0,1,1,0,999999,261160,10,2062,0,0,2,999997,4824.00,3.17,4124.04,2.71,7490199,2,3,11.3,2,1,CNPJ,0,10,19,1664.52,4300.00,4300.00,4300.00,4300.00,4300.00,4300.00,4300.00,4300.00,4300.00,4300.00,1198,0,0,0,101
999997,999997,999997,999,999,999,0,251110,84116,75116,999997,1,5,7,5,7,5,9,40,33,0,0,0,0,999999,250750,10,1112,0,0,8,999997,6263.66,4.12,6263.66,4.12,8411600,2,9,26.0,0,1,CNPJ,0,96,24,6263.66,6263.66,6263.66,6263.66,6263.66,6263.66,6263.66,6263.66,6263.66,6263.66,6263.66,1198,0,0,0,306
999997,999997,999997,999,999,999,0,251110,71120,74209,999997,1,5,99,6,99,5,9,44,36,0,0,0,0,999999,261160,10,2062,0,0,8,999997,,.00,.00,.00,7112000,1,4,34.0,0,1,CNPJ,0,10,19,0,0,0,0,0,0,0,0,0,0,0,1198,0,0,0,101
999997,999997,999997,999,999,999,21,251110,74901,74993,999997,0,5,3,6,99,3,10,44,35,0,1,0,1,999999,261160,10,2062,0,0,8,999997,,.00,2219.35,1.46,7490199,2,3,7.0,0,1,CNPJ,0,10,19,2219.35,0,0,0,0,0,0,0,0,0,0,1198,0,0,0,101
999997,999997,999997,999,999,999,0,251110,74901,74993,999997,1,4,7,6,8,5,9,44,29,0,0,0,0,999999,261160,10,2062,0,0,9,999997,7707.21,5.07,7111.19,4.68,7490199,2,6,26.5,0,1,CNPJ,0,10,19,7056.00,6615.00,6615.00,6615.00,8257.74,7078.05,7078.05,7078.05,7078.05,7078.05,7078.05,1198,0,0,0,101
999997,999997,999997,999,999,999,0,251110,47814,52329,999997,1,4,3,6,2,6,9,44,29,0,1,0,0,999999,230840,10,2135,0,0,8,999997,1518.00,1.00,1560.17,1.03,4781400,2,2,43.4,0,1,CNPJ,0,10,16,1518.00,1518.00,1518.00,1518.00,1518.00,1518.00,1518.00,2024.00,1518.00,1518.00,1518.00,1198,0,0,0,101
999997,999997,999997,999,999,999,0,251110,72207,73202,999997,1,4,99,6,99,7,9,44,27,0,0,0,0,999999,230440,10,3999,0,0,8,999997,,.00,.00,.00,7220700,1,5,78.4,0,1,CNPJ,0,10,19,0,0,0,0,0,0,0,0,0,0,0,1198,0,0,0,101
999997,999997,999997,999,999,999,21,251110,70204,74160,999997,0,4,5,6,99,2,9,44,27,0,0,4,10,999999,261160,10,2062,0,0,8,999997,,.00,4122.27,2.71,7020400,2,3,5.9,2,1,CNPJ,0,10,19,0,0,0,4122.27,4122.27,4122.27,4122.27,4122.27,4122.27,221.48,0,1198,0,0,0,101
999997,999997,999997,999,999,999,0,251110,72207,73202,999997,1,4,5,6,5,4,9,44,25,0,0,0,0,999999,230440,10,2062,0,0,8,999997,3500.00,2.30,3598.79,2.37,7220700,1,2,15.4,0,1,CNPJ,0,10,19,3500.00,3500.00,3500.00,3500.00,3500.00,3500.00,3500.00,3500.00,3500.00,3713.25,4472.23,1198,0,0,0,101
999997,999997,999997,999,999,999,0,251110,70204,74160,999997,1,5,6,6,6,1,11,44,34,0,1,12,0,999999,261160,10,2062,0,0,8,999997,5116.15,3.37,5116.15,3.37,7020400,2,4,1.0,4,1,CNPJ,0,10,19,0,0,0,0,0,0,0,0,0,0,0,1198,0,0,0,101
999997,999997,999997,999,999,999,0,251110,70204,74160,999997,1,4,6,6,6,1,9,44,26,0,1,12,0,999999,261160,10,2062,0,0,8,999997,4998.57,3.29,4998.57,3.29,7020400,1,4,1.0,4,1,CNPJ,0,10,19,0,0,0,0,0,0,0,0,0,0,0,1198,0,0,0,101
999997,999997,999997,999,999,999,11,251110,74901,74993,999997,0,5,5,6,99,4,9,44,32,0,0,0,11,999999,240810,10,2062,0,0,8,999997,,.00,3281.27,2.15,7490199,1,5,13.0,0,1,CNPJ,0,10,19,3278.75,3278.75,3278.75,3278.75,3278.75,3303.90,3278.75,3278.75,3278.75,3278.75,265.52,1198,0,0,0,101
999997,999997,999997,999,999,999,0,251110,74901,74993,999997,1,4,3,6,3,4,9,44,28,0,0,0,0,999999,261160,10,2062,0,0,8,999997,1793.35,1.18,2157.00,1.42,7490199,1,6,15.7,0,1,CNPJ,0,10,19,2105.80,2335.64,2674.34,2194.94,1776.04,2296.31,2161.27,2236.74,2346.68,2013.90,1949.02,1198,0,0,0,101
999997,999997,999997,999,999,999,11,251110,74901,74993,999997,0,5,3,6,99,4,10,44,38,0,0,0,2,999999,261160,10,2062,0,0,9,999997,,.00,1981.07,1.30,7490199,1,6,22.2,0,1,CNPJ,0,10,19,1981.07,0,0,0,0,0,0,0,0,0,0,1198,0,0,0,101
999997,999997,999997,999,999,999,0,251110,74901,74993,999997,1,3,3,6,2,2,9,44,22,0,0,8,0,999999,261160,10,2062,0,0,8,999997,853.33,.56,1738.72,1.14,7490199,1,6,4.6,2,1,CNPJ,0,10,19,0,0,0,0,0,0,0,1129.31,2198.17,2527.38,1985.42,1198,0,0,0,101
999997,999997,999997,999,999,999,0,251110,84116,75116,999997,1,5,7,5,7,4,9,40,31,0,0,0,0,999999,250750,10,1112,0,0,8,999997,6263.65,4.12,6420.97,4.22,8411600,2,9,23.0,0,1,CNPJ,0,96,24,6263.65,6263.65,6263.65,6263.65,8151.53,6263.65,6263.65,6263.65,6263.65,6263.65,6263.65,1198,0,0,0,306
999997,999997,999997,999,999,999,0,251110,72207,73202,999997,1,4,5,6,5,4,9,44,28,0,0,0,0,999999,230440,10,2062,0,0,2,999997,4000.00,2.63,4116.49,2.71,7220700,2,2,19.7,0,1,CNPJ,0,10,19,4000.00,4000.00,4000.00,4000.00,4000.00,4666.66,4731.19,4000.00,4000.00,4000.00,4000.00,1198,0,0,0,101
999997,999997,999997,999,999,999,0,251110,72207,73202,999997,1,4,5,6,5,6,9,44,28,0,1,0,0,999999,292740,10,2135,0,0,4,999997,4308.67,2.83,4332.08,2.85,7220700,2,2,36.9,0,1,CNPJ,0,10,19,4215.00,4215.00,4215.00,4215.00,4215.00,4215.00,4215.00,4215.00,4215.00,4215.00,5526.33,1198,0,0,0,101
999997,999997,999997,999,999,999,0,251110,74901,74993,999997,1,3,5,6,5,2,9,44,23,0,1,8,0,999999,261160,10,2062,0,0,8,999997,4487.45,2.95,3942.65,2.59,7490199,2,3,4.8,2,1,CNPJ,0,10,19,0,0,0,0,0,0,0,3225.81,4000.00,4000.00,4000.00,1198,0,0,0,101
999997,999997,999997,999,999,999,31,251110,70204,74160,999997,0,5,5,6,99,6,11,44,34,0,0,0,11,999999,261160,10,2062,0,0,8,999997,,.00,4221.09,2.78,7020400,2,3,40.0,0,1,CNPJ,0,10,19,4122.27,4122.27,4122.27,4122.27,4122.27,4122.27,4122.27,4122.27,5209.31,4122.27,4122.27,1198,0,0,0,101
999997,999997,999997,999,999,999,31,251110,70204,74160,999997,0,4,5,6,99,6,9,44,26,0,0,0,11,999999,261160,10,2062,0,0,8,999997,,.00,4197.22,2.76,7020400,1,3,45.0,0,1,CNPJ,0,10,19,4122.27,4122.27,4122.27,4122.27,4122.27,4168.07,4900.91,4122.27,4122.27,4122.27,4122.27,1198,0,0,0,101
999997,999997,999997,999,999,999,0,251110,94308,91995,999997,1,5,6,5,6,5,9,40,30,0,0,0,0,999999,292530,10,3999,0,0,8,999997,4941.78,3.25,5068.83,3.33,9430800,1,4,31.7,0,1,CNPJ,0,10,21,6338.43,5069.70,4941.78,4941.78,4941.78,4941.78,4941.78,4941.78,4941.78,4941.78,4941.78,1198,0,0,0,101
999997,999997,999997,999,999,999,0,251110,72207,73202,999997,1,7,99,6,99,7,9,44,50,0,0,0,0,999999,230440,10,3999,0,0,8,999997,,.00,.00,.00,7220700,1,5,78.4,0,1,CNPJ,0,10,19,0,0,0,0,0,0,0,0,0,0,0,1198,0,0,0,101
999997,999997,999997,999,999,999,0,251110,72207,73202,999997,1,7,99,6,99,7,9,44,50,0,0,0,0,999999,230440,10,3999,0,0,8,999997,,.00,.00,.00,7220700,1,5,74.8,0,1,CNPJ,0,10,19,0,0,0,0,0,0,0,0,0,0,0,1198,0,0,0,101
999997,999997,999997,999,999,999,0,251110,74901,74993,999997,1,5,8,6,8,5,9,44,37,0,0,0,0,999999,261160,10,2062,0,0,8,999997,8696.82,5.72,7942.20,5.22,7490199,2,6,29.0,0,1,CNPJ,0,10,19,7615.74,8101.86,7451.56,7442.45,8883.50,7802.09,7802.09,8103.99,7802.09,7802.09,7802.09,1198,0,0,0,101
999997,999997,999997,999,999,999,0,251110,71120,74209,999997,1,5,99,6,99,5,9,44,31,0,0,0,0,999999,261160,10,2062,0,0,2,999997,,.00,.00,.00,7112000,2,4,34.0,0,1,CNPJ,0,10,19,0,0,0,0,0,0,0,0,0,0,0,1198,0,0,0,101
999997,999997,999997,999,999,999,0,251110,84116,75116,999997,1,5,7,5,7,4,9,40,34,0,0,0,0,999999,250750,10,1112,0,0,8,999997,6263.65,4.12,6420.97,4.22,8411600,1,9,20.0,0,1,CNPJ,0,96,24,6263.65,6263.65,6263.65,6263.65,6263.65,6263.65,6263.65,6263.65,6263.65,8151.53,6263.65,1198,0,0,0,306
999997,999997,999997,999,999,999,0,251110,85317,80314,999997,1,5,9,5,9,8,10,40,37,0,0,0,0,999999,221100,10,1139,0,0,8,999997,13073.99,8.61,13299.17,8.76,8531700,1,10,135.0,0,1,CNPJ,0,30,23,18225.03,11745.86,11745.86,11745.86,13087.64,13087.64,13571.14,13571.14,13571.14,13090.75,13073.99,1198,0,0,0,301
999997,999997,999997,999,999,999,11,251110,72207,73202,999997,0,4,5,6,99,4,9,44,29,0,0,0,10,999999,230440,10,2062,0,0,2,999997,,.00,3106.86,2.04,7220700,1,2,16.8,0,1,CNPJ,0,10,19,3000.00,3000.00,3000.00,3000.00,3000.00,3500.00,3548.39,2806.45,0,0,0,1198,0,0,0,101
999997,999997,999997,999,999,999,0,251110,47113,52124,999997,1,5,5,6,4,4,9,44,33,0,0,0,0,999999,220770,10,2062,0,0,8,999997,2824.54,1.86,3270.17,2.15,4711302,1,7,18.0,0,1,CNPJ,0,10,16,3218.16,3218.16,3330.01,3330.01,3330.01,4321.80,3330.01,3330.01,3274.51,2910.26,2824.54,1198,0,0,0,101
999997,999997,999997,999,999,999,0,251110,72207,73202,999997,1,5,5,6,5,2,9,44,36,0,0,7,0,999999,211130,10,2062,0,0,8,999997,3500.00,2.30,3247.22,2.13,7220700,1,3,5.5,2,1,CNPJ,0,10,19,0,0,0,0,0,0,1983.33,3500.00,3500.00,3500.00,3500.00,1198,0,0,0,101
999997,999997,999997,999,999,999,0,251110,85325,80322,999997,1,5,10,5,9,8,9,40,39,0,0,0,0,999999,280670,10,1139,0,0,4,999997,14367.93,9.46,15412.59,10.15,8532500,1,10,137.5,0,1,CNPJ,0,30,23,12850.80,13344.75,13344.75,19751.92,14831.99,22110.58,14831.99,0,15367.93,14367.93,14367.93,1198,0,0,0,301
999997,999997,999997,999,999,999,12,251110,70204,74160,999997,0,4,4,6,99,1,9,44,29,0,0,9,11,999999,261160,10,2062,0,0,8,999997,,.00,2649.05,1.74,7020400,2,3,1.9,2,1,CNPJ,0,60,19,0,0,0,0,0,0,0,0,3160.41,4122.28,664.46,1198,0,0,0,101
999997,999997,999997,999,999,999,0,251110,70204,74160,999997,1,4,99,6,99,1,9,44,27,0,1,12,0,999999,261160,10,2062,0,0,8,999997,,.00,.00,.00,7020400,2,4,1.0,4,1,CNPJ,0,10,19,0,0,0,0,0,0,0,0,0,0,0,1198,0,0,0,101
999997,999997,999997,999,999,999,0,251110,72207,73202,999997,1,4,5,6,5,3,9,44,26,0,0,6,0,999999,221100,10,2062,0,0,8,999997,4500.00,2.96,4478.57,2.95,7220700,1,2,6.9,2,1,CNPJ,0,10,19,0,0,0,0,0,4350.00,4500.00,4500.00,4500.00,4500.00,4500.00,1198,0,0,0,101
999997,999997,999997,999,999,999,11,251110,70204,74160,999997,0,4,5,6,5,2,9,44,27,0,0,6,12,999999,261160,10,2062,0,0,8,999997,4122.27,2.71,3931.37,2.58,7020400,2,3,5.5,2,1,CNPJ,0,10,19,0,0,0,0,0,2061.13,4122.27,4122.27,4122.27,4122.27,4847.13,1198,0,0,0,101
999997,999997,999997,999,999,999,0,251110,85325,80322,999997,1,6,9,5,10,8,9,40,45,0,0,0,0,999999,280670,10,1139,0,0,8,999997,18062.74,11.89,13042.69,8.59,8532500,1,10,137.5,0,1,CNPJ,0,30,23,10897.50,11293.41,11293.41,16830.35,12578.67,12578.67,12810.24,13041.83,13041.83,12041.83,12041.83,1198,0,0,0,301
999997,999997,999997,999,999,999,0,251110,74901,74993,999997,1,5,7,6,7,5,10,44,32,0,0,0,0,999999,261160,10,2062,0,0,8,999997,7078.05,4.66,7095.34,4.67,7490199,1,6,31.0,0,1,CNPJ,0,10,19,6621.09,6923.31,6968.48,6615.00,7078.05,7363.14,7159.68,7078.05,7889.82,7187.94,7181.50,1198,0,0,0,101
999997,999997,999997,999,999,999,0,251110,74901,74993,999997,1,7,7,6,7,6,9,44,51,0,0,0,0,999999,261160,10,2062,0,0,8,999997,6813.67,4.48,6599.96,4.34,7490199,1,6,38.0,0,1,CNPJ,0,10,19,6598.26,6180.61,6077.91,5827.72,6589.53,6293.69,7334.44,6226.75,6962.90,7937.32,6356.74,1198,0,0,0,101
999997,999997,999997,999,999,999,11,251110,74901,74993,999997,0,4,5,6,99,5,9,44,26,0,0,0,11,999999,261160,10,2062,0,0,8,999997,,.00,3787.87,2.49,7490199,2,6,26.2,0,1,CNPJ,0,10,19,4446.50,4164.22,4150.00,4150.00,2142.94,2960.33,0,3848.43,4440.50,148.02,0,1198,0,0,0,101
999997,999997,999997,999,999,999,0,251110,74901,74993,999997,1,6,7,6,7,4,9,44,47,0,0,0,0,999999,261160,10,2062,0,0,8,999997,7300.18,4.80,6749.15,4.44,7490199,2,6,19.0,0,1,CNPJ,0,10,19,6370.00,6300.00,6300.00,6300.00,6704.25,6704.25,7523.66,7374.68,6704.25,6704.25,6704.25,1198,0,0,0,101
999997,999997,999997,999,999,999,0,251110,72207,73202,999997,1,4,99,6,99,7,9,44,27,0,0,0,0,999999,230440,10,3999,0,0,8,999997,,.00,.00,.00,7220700,1,5,78.4,0,1,CNPJ,0,10,19,0,0,0,0,0,0,0,0,0,0,0,1198,0,0,0,101
999997,999997,999997,999,999,999,0,251110,71120,74209,999997,1,4,99,6,99,5,9,44,29,0,0,0,0,999999,261160,10,2062,0,0,8,999997,,.00,.00,.00,7112000,2,4,33.5,0,1,CNPJ,0,10,19,0,0,0,0,0,0,0,0,0,0,0,1198,0,0,0,101
999997,999997,999997,999,999,999,0,251110,74901,74993,999997,1,5,8,6,8,6,9,44,39,0,0,0,0,999999,261160,10,2062,0,0,2,999997,9892.14,6.51,9118.90,6.00,7490199,2,6,42.0,0,1,CNPJ,0,10,19,9056.32,8961.98,9433.67,8490.30,9084.62,9084.62,9084.62,9084.62,9084.62,9084.62,9084.62,1198,0,0,0,101
999997,999997,999997,999,999,999,0,251110,74901,74993,999997,1,4,3,6,3,1,9,44,26,0,0,10,0,999999,261160,10,2062,0,0,8,999997,1932.54,1.27,1795.15,1.18,7490199,1,6,2.6,2,1,CNPJ,0,60,19,0,0,0,0,0,0,0,0,0,1394.61,2058.31,1198,0,0,0,101
999997,999997,999997,999,999,999,0,251110,85325,80322,999997,1,5,9,5,9,8,9,40,38,0,0,0,0,999999,270430,10,1104,0,0,2,999997,10733.17,7.07,10663.92,7.02,8532500,2,10,135.7,0,1,CNPJ,0,30,23,11043.92,10190.54,10030.53,9497.17,10190.54,14785.81,10190.54,10190.54,10190.54,10190.54,10733.17,1198,0,0,0,301
999997,999997,999997,999,999,999,0,251110,74901,74993,999997,1,5,6,6,7,3,9,44,32,0,0,1,0,999999,261160,10,2062,0,0,8,999997,7075.79,4.66,5751.09,3.79,7490199,1,6,11.3,2,1,CNPJ,0,10,19,1666.67,5000.00,5000.00,5000.00,6498.17,6498.17,6498.17,6498.17,6498.17,6281.56,6498.17,1198,0,0,0,101
999997,999997,999997,999,999,999,0,251110,72207,73202,999997,1,5,99,6,99,7,9,44,30,0,0,0,0,999999,230440,10,3999,0,0,8,999997,,.00,.00,.00,7220700,1,5,78.4,0,1,CNPJ,0,10,19,0,0,0,0,0,0,0,0,0,0,0,1198,0,0,0,101
999997,999997,999997,999,999,999,0,251110,84116,75116,999997,1,5,7,5,7,5,9,40,31,0,0,0,0,999999,250750,10,1112,0,0,8,999997,6263.54,4.12,6420.86,4.22,8411600,1,9,25.0,0,1,CNPJ,0,96,24,6263.54,6263.54,6263.54,6263.54,6263.54,6263.54,8151.39,6263.54,6263.54,6263.54,6263.54,1198,0,0,0,306
999997,999997,999997,999,999,999,11,251110,74901,74993,999997,0,4,3,6,99,5,9,44,26,0,0,0,8,999999,261160,10,2062,0,0,9,999997,,.00,2106.20,1.38,7490199,1,6,27.0,0,1,CNPJ,0,10,19,2044.04,2366.56,1952.37,1971.38,2049.23,2253.59,0,0,0,0,0,1198,0,0,0,101
999997,999997,999997,999,999,999,0,251110,74901,74993,999997,1,6,7,6,7,6,9,44,40,0,0,0,0,999999,261160,10,2062,0,0,8,999997,6651.23,4.38,6090.27,4.01,7490199,2,6,42.0,0,1,CNPJ,0,10,19,6495.64,5632.42,6527.37,5741.23,5877.27,6013.29,6195.93,6029.49,5989.78,5980.60,5948.93,1198,0,0,0,101
999997,999997,999997,999,999,999,0,251110,74901,74993,999997,1,7,2,6,99,5,9,44,50,0,1,0,0,999999,261160,10,2062,0,0,2,999997,,.00,1368.42,.90,7490199,1,3,31.0,0,1,CNPJ,0,10,19,0,0,0,0,0,0,0,0,0,0,1368.42,1198,0,0,0,101
999997,999997,999997,999,999,999,0,251110,94308,91995,999997,1,4,6,5,6,4,9,40,28,0,0,0,0,999999,292530,10,3999,0,0,8,999997,4941.78,3.25,4978.61,3.27,9430800,2,4,13.8,0,1,CNPJ,0,10,21,5383.69,4941.78,4941.78,4941.78,4941.78,4941.78,4941.78,4941.78,4941.78,4941.78,4941.78,1198,0,0,0,101
999997,999997,999997,999,999,999,0,251110,74901,74993,999997,1,6,6,6,6,6,9,44,47,0,0,0,0,999999,261160,10,2062,0,0,2,999997,4750.18,3.12,6005.72,3.95,7490199,2,6,39.0,0,1,CNPJ,0,10,19,6116.25,6116.25,6456.04,6134.97,6326.24,5889.95,6544.39,7562.41,6842.47,4579.32,4750.18,1198,0,0,0,101
999997,999997,999997,999,999,999,0,251110,84116,75116,999997,1,5,7,5,7,4,9,40,33,0,0,0,0,999999,250750,10,1112,0,0,8,999997,6263.65,4.12,6420.97,4.22,8411600,2,9,18.0,0,1,CNPJ,0,96,24,6263.65,6263.65,6263.65,6263.65,6263.65,6263.65,6263.65,6263.65,8151.53,6263.65,6263.65,1198,0,0,0,306
999997,999997,999997,999,999,999,0,251110,72207,73202,999997,1,4,7,6,6,4,9,44,28,0,1,0,0,999999,292740,10,2062,0,0,2,999997,5726.07,3.77,6354.08,4.18,7220700,2,3,23.0,0,1,CNPJ,0,10,19,6778.11,6778.11,6778.11,6778.11,6778.11,6778.11,5726.07,5726.07,5726.07,6134.02,6541.95,1198,0,0,0,101
999997,999997,999997,999,999,999,0,251110,74901,74993,999997,1,6,5,6,5,6,9,44,43,0,0,0,0,999999,261160,10,2062,0,0,8,999997,3292.98,2.16,3310.78,2.18,7490199,1,6,42.0,0,1,CNPJ,0,10,19,3528.55,3133.04,3077.55,3434.66,3359.12,3292.98,3306.71,3421.01,3292.98,3296.78,3292.98,1198,0,0,0,101
999997,999997,999997,999,999,999,31,251110,70204,74160,999997,0,5,6,6,99,6,9,44,30,0,0,0,11,999999,261160,10,2062,0,0,8,999997,,.00,4657.72,3.06,7020400,1,3,41.0,0,1,CNPJ,0,10,19,4522.27,4522.27,4522.27,4522.27,4821.36,5713.15,4522.27,4522.27,4522.27,4522.27,4522.27,1198,0,0,0,101
999997,999997,999997,999,999,999,11,251110,74901,74993,999997,0,4,5,6,99,2,10,44,28,0,1,3,8,999999,261160,10,2062,0,0,8,999997,,.00,3490.86,2.30,7490199,2,3,4.8,2,1,CNPJ,0,10,19,0,0,1803.23,4300.00,4300.00,4300.00,4300.00,1941.94,0,0,0,1198,0,0,0,101
999997,999997,999997,999,999,999,0,251110,70204,74160,999997,1,6,5,6,5,1,9,44,41,0,1,12,0,999999,261160,10,2062,0,0,8,999997,3322.27,2.18,3322.27,2.18,7020400,1,4,1.0,4,1,CNPJ,0,10,19,0,0,0,0,0,0,0,0,0,0,0,1198,0,0,0,101
999997,999997,999997,999,999,999,0,251110,45111,50105,999997,1,7,2,6,3,2,9,44,59,0,0,8,0,999999,292740,10,2062,0,0,8,999997,1550.00,1.02,1405.33,.92,4511102,1,2,4.5,4,1,CNPJ,0,10,16,0,0,0,0,0,0,0,826.67,1550.00,1550.00,1550.00,1198,0,0,0,101
999997,999997,999997,999,999,999,0,251110,71120,74209,999997,1,6,99,6,99,6,9,44,42,0,0,0,0,999999,261160,10,2062,0,0,9,999997,,.00,.00,.00,7112000,2,4,40.2,0,1,CNPJ,0,10,19,0,0,0,0,0,0,0,0,0,0,0,1198,0,0,0,101
999997,999997,999997,999,999,999,0,251110,70204,74160,999997,1,5,5,6,5,1,9,44,30,0,1,12,0,999999,261160,10,2062,0,0,8,999997,4522.27,2.97,4522.27,2.97,7020400,2,4,1.0,4,1,CNPJ,0,10,19,0,0,0,0,0,0,0,0,0,0,0,1198,0,0,0,101
999997,999997,999997,999,999,999,0,251110,91023,92525,999997,1,5,7,6,6,4,9,44,39,0,0,0,0,999999,221060,10,3069,0,0,2,999997,5283.05,3.48,6176.70,4.07,9102301,2,5,17.6,0,1,CNPJ,0,10,21,6320.00,6320.00,6320.00,6320.00,6674.30,7028.61,6320.00,6320.00,6320.00,6320.00,4574.44,1198,0,0,0,101
999997,999997,999997,999,999,999,0,251110,84116,75116,999997,1,5,9,5,9,8,10,40,38,0,0,0,0,999999,261160,10,1104,0,0,2,999997,13073.99,8.61,13992.52,9.21,8411600,2,10,134.5,0,1,CNPJ,0,30,24,11745.86,11745.86,11745.86,11745.86,18454.76,19131.46,13087.64,13087.64,17943.31,13073.99,13073.99,1198,0,0,0,301
999997,999997,999997,999,999,999,0,251110,72207,73202,999997,1,4,99,6,99,7,9,44,27,0,0,0,0,999999,230440,10,3999,0,0,8,999997,,.00,.00,.00,7220700,1,5,78.4,0,1,CNPJ,0,10,19,0,0,0,0,0,0,0,0,0,0,0,1198,0,0,0,101
999997,999997,999997,999,999,999,0,251110,71197,74209,999997,1,5,8,6,9,7,9,44,35,0,0,0,0,999999,230440,10,2062,0,0,8,999997,12547.89,8.26,10177.89,6.70,7119702,2,3,80.5,0,1,CNPJ,0,10,19,9777.71,9565.15,9565.15,9565.15,9565.15,9565.15,11159.34,9565.15,9565.15,10846.87,10846.87,1198,0,0,0,101
999997,999997,999997,999,999,999,31,251110,70204,74160,999997,0,6,5,6,99,1,9,44,41,0,0,10,11,999999,261160,10,2062,0,0,8,999997,,.00,3322.27,2.18,7020400,1,3,2.0,2,1,CNPJ,0,10,19,0,0,0,0,0,0,0,0,0,3322.27,3322.27,1198,0,0,0,101
999997,999997,999997,999,999,999,0,251110,84116,75116,999997,1,5,9,5,9,8,9,40,38,0,0,0,0,999999,261160,10,1104,0,0,2,999997,10751.63,7.08,11537.28,7.60,8411600,2,10,190.7,0,1,CNPJ,0,30,24,10506.31,10279.53,10558.17,10558.17,14457.92,16507.18,11338.12,11338.12,11338.12,10338.12,10475.96,1198,0,0,0,301
999997,999997,999997,999,999,999,0,251110,70204,74160,999997,1,5,99,6,99,1,9,44,30,0,1,12,0,999999,261160,10,2062,0,0,8,999997,,.00,.00,.00,7020400,1,4,1.0,4,1,CNPJ,0,10,19,0,0,0,0,0,0,0,0,0,0,0,1198,0,0,0,101
999997,999997,999997,999,999,999,90,251110,70204,74160,999997,0,5,5,6,99,4,9,44,30,0,0,0,3,999999,261160,10,2062,0,0,8,999997,,.00,3513.06,2.31,7020400,1,3,23.6,0,1,CNPJ,0,10,19,4272.27,4272.27,1994.64,0,0,0,0,0,0,0,0,1198,0,0,0,101
999997,999997,999997,999,999,999,0,251110,14118,18112,999997,1,4,3,6,3,1,9,44,27,0,1,11,0,999999,230440,10,2062,0,0,4,999997,1680.01,1.10,1680.01,1.10,1411802,2,5,1.9,4,1,CNPJ,0,10,11,0,0,0,0,0,0,0,0,0,0,1680.01,1198,0,0,0,101
999997,999997,999997,999,999,999,12,251110,74901,74993,999997,0,4,5,6,99,2,9,44,28,0,1,2,5,999999,261160,10,2062,0,0,2,999997,,.00,4105.15,2.70,7490199,2,3,3.0,2,1,CNPJ,0,60,19,0,3992.86,4022.58,4300.00,416.13,0,0,0,0,0,0,1198,0,0,0,101
999997,999997,999997,999,999,999,0,251110,71120,74209,999997,1,5,6,6,6,3,9,42,34,0,0,6,0,999999,261160,10,2151,0,0,8,999997,6000.00,3.95,5971.43,3.93,7112000,2,7,6.9,2,1,CNPJ,0,10,19,0,0,0,0,0,5800.00,6000.00,6000.00,6000.00,6000.00,6000.00,1198,0,0,0,101
999997,999997,999997,999,999,999,0,251110,74901,74993,999997,1,4,3,6,3,5,9,44,29,0,0,0,0,999999,261160,10,2062,0,0,9,999997,2042.46,1.34,2237.15,1.47,7490199,1,6,31.9,0,1,CNPJ,0,10,19,1975.39,2303.31,2147.28,1936.88,2377.04,2022.34,1991.62,2471.41,2940.69,2406.43,2230.94,1198,0,0,0,101
999997,999997,999997,999,999,999,0,251110,74901,74993,999997,1,5,6,6,7,3,9,44,35,0,0,3,0,999999,261160,10,2062,0,0,8,999997,6566.84,4.32,5689.72,3.75,7490199,2,6,10.0,2,1,CNPJ,0,10,19,0,0,4000.00,4000.00,4000.00,6424.08,6424.08,6424.08,6424.08,6209.94,6424.08,1198,0,0,0,101
999997,999997,999997,999,999,999,0,251110,74901,74993,999997,1,4,4,6,4,5,9,44,28,0,0,0,0,999999,261160,10,2062,0,0,8,999997,2305.33,1.51,2524.13,1.66,7490199,1,6,31.9,0,1,CNPJ,0,10,19,2270.98,2718.21,2174.19,2046.26,2131.14,1943.54,3450.05,2636.09,3481.57,2789.10,2343.04,1198,0,0,0,101
999997,999997,999997,999,999,999,11,251110,74901,74993,999997,0,5,5,6,99,2,9,44,36,0,1,2,8,999999,261160,10,2062,0,0,8,999997,,.00,3414.66,2.25,7490199,2,3,5.6,2,1,CNPJ,0,10,19,0,460.71,4300.00,4300.00,4300.00,4300.00,4300.00,1941.94,0,0,0,1198,0,0,0,101
999997,999997,999997,999,999,999,0,251110,72207,73202,999997,1,5,99,6,99,4,9,44,38,0,1,0,0,999999,221100,10,2135,0,0,8,999997,,.00,.00,.00,7220700,1,2,19.9,0,1,CNPJ,0,10,19,0,0,0,0,0,0,0,0,0,0,0,1198,0,0,0,101
999997,999997,999997,999,999,999,11,251110,70204,74160,999997,0,5,5,6,5,6,9,44,30,0,0,0,12,999999,261160,10,2062,0,0,8,999997,4122.27,2.71,4364.75,2.87,7020400,1,3,41.0,0,1,CNPJ,0,10,19,4422.27,4422.27,4122.27,4122.27,4122.27,4653.83,4122.27,5408.20,4614.50,4122.27,4122.27,1198,0,0,0,101
999997,999997,999997,999,999,999,0,251110,47741,52493,999997,1,6,3,6,3,6,9,44,44,0,1,0,0,999999,220120,10,2062,0,0,8,999997,1610.35,1.06,1655.08,1.09,4774100,2,3,59.0,0,1,CNPJ,0,10,16,1610.35,1610.35,1610.35,1610.35,1610.35,1610.35,1610.35,1610.35,1610.35,1610.35,2147.13,1198,0,0,0,101
999997,999997,999997,999,999,999,31,251110,70204,74160,999997,0,5,5,6,99,6,9,44,34,0,0,0,11,999999,261160,10,2062,0,0,8,999997,,.00,4305.86,2.83,7020400,2,3,41.0,0,1,CNPJ,0,10,19,4122.27,4122.27,4122.27,4122.27,4122.27,4122.27,4122.27,4363.89,4122.27,5681.34,4341.03,1198,0,0,0,101
999997,999997,999997,999,999,999,0,251110,74901,74993,999997,1,3,3,6,3,4,9,44,20,0,0,0,0,999999,261160,10,2062,0,0,8,999997,1988.90,1.31,1604.43,1.05,7490199,1,6,15.7,0,1,CNPJ,0,10,19,1635.14,1686.84,1799.75,1889.61,1424.59,725.69,0,0,0,0,1684.93,1198,0,0,0,101
999997,999997,999997,999,999,999,0,251110,74901,74993,999997,1,5,7,6,7,6,9,44,38,0,0,0,0,999999,261160,10,2062,0,0,8,999997,6891.35,4.53,6892.45,4.54,7490199,1,6,38.0,0,1,CNPJ,0,10,19,6652.27,6203.11,7520.45,5827.72,6226.75,6293.69,8030.57,6281.19,7302.75,8316.33,7163.19,1198,0,0,0,101
999997,999997,999997,999,999,999,0,251110,74901,74993,999997,1,6,7,6,7,6,9,44,41,0,0,0,0,999999,261160,10,2062,0,0,2,999997,6282.08,4.13,6226.54,4.10,7490199,1,6,42.0,0,1,CNPJ,0,10,19,7360.66,5791.58,5819.38,5827.72,6226.75,6293.69,6175.51,6226.75,6182.13,6175.51,6356.74,1198,0,0,0,101
999997,999997,999997,999,999,999,0,251110,84116,75116,999997,1,6,10,5,11,8,11,40,40,0,0,0,0,999999,261160,10,1104,0,0,2,999997,24420.84,16.08,16323.28,10.75,8411600,2,10,178.5,0,1,CNPJ,0,30,24,13087.64,13087.64,13087.64,13087.64,20634.14,14596.94,15694.24,16654.38,18967.10,16280.56,16280.56,1198,0,0,0,301
999997,999997,999997,999,999,999,0,251110,70204,74160,999997,1,5,5,6,5,1,9,44,34,0,1,12,0,999999,261160,10,2062,0,0,8,999997,4122.27,2.71,4122.27,2.71,7020400,2,4,1.0,4,1,CNPJ,0,10,19,0,0,0,0,0,0,0,0,0,0,0,1198,0,0,0,101
999997,999997,999997,999,999,999,0,251110,70204,74160,999997,1,7,5,6,5,1,9,44,55,0,1,12,0,999999,261160,10,2062,0,0,8,999997,4122.27,2.71,4122.27,2.71,7020400,2,4,1.0,4,1,CNPJ,0,10,19,0,0,0,0,0,0,0,0,0,0,0,1198,0,0,0,101
999997,999997,999997,999,999,999,0,251110,72207,73202,999997,1,6,5,6,5,7,9,44,48,0,1,0,0,999999,292740,10,2062,0,0,8,999997,4259.76,2.80,4259.76,2.80,7220700,1,3,62.8,0,1,CNPJ,0,10,19,4259.76,4259.76,4259.76,4259.76,4259.76,4259.76,4259.76,4259.76,4259.76,4259.76,4259.76,1198,0,0,0,101
999997,999997,999997,999,999,999,0,251110,70204,74160,999997,1,5,99,6,99,1,9,44,32,0,1,12,0,999999,261160,10,2062,0,0,8,999997,,.00,.00,.00,7020400,1,4,1.0,4,1,CNPJ,0,10,19,0,0,0,0,0,0,0,0,0,0,0,1198,0,0,0,101
999997,999997,999997,999,999,999,0,251110,72207,73202,999997,1,5,5,6,5,1,9,44,37,0,1,11,0,999999,280030,10,2062,0,0,2,999997,3140.00,2.06,3140.00,2.06,7220700,2,3,1.1,2,1,CNPJ,0,60,19,0,0,0,0,0,0,0,0,0,0,0,1198,0,0,0,101
999997,999997,999997,999,999,999,0,251110,84116,75116,999997,1,6,7,5,7,5,9,40,48,0,0,0,0,999999,250750,10,1112,0,0,8,999997,6263.66,4.12,6420.98,4.22,8411600,2,9,26.0,0,1,CNPJ,0,96,24,6263.66,8151.55,6263.66,6263.66,6263.66,6263.66,6263.66,6263.66,6263.66,6263.66,6263.66,1198,0,0,0,306
999997,999997,999997,999,999,999,0,251110,74901,74993,999997,1,3,3,6,3,3,9,44,23,0,0,4,0,999999,261160,10,2062,0,0,8,999997,1819.89,1.19,1987.04,1.30,7490199,1,6,9.0,2,1,CNPJ,0,10,19,0,0,0,1987.97,2169.01,1593.92,0,160.93,1775.23,2772.28,1791.00,1198,0,0,0,101
999997,999997,999997,999,999,999,0,251110,74901,74993,999997,1,5,7,6,6,6,9,44,38,0,0,0,0,999999,261160,10,2062,0,0,8,999997,5877.64,3.87,6653.12,4.38,7490199,1,6,42.0,0,1,CNPJ,0,10,19,6309.85,6285.01,7046.22,5827.72,7375.81,7680.80,8233.82,6781.66,6871.13,6060.41,5487.35,1198,0,0,0,101
999997,999997,999997,999,999,999,0,251110,94308,91995,999997,1,6,7,6,7,6,9,44,45,0,0,0,0,999999,292530,10,3999,0,0,8,999997,6523.10,4.29,6607.66,4.35,9430800,1,4,45.0,0,1,CNPJ,0,10,21,6523.10,6233.18,7827.72,6523.10,6523.10,6523.10,6523.10,6523.10,6523.10,6523.10,6523.10,1198,0,0,0,101
999997,999997,999997,999,999,999,0,251110,74901,74993,999997,1,5,5,6,4,5,9,44,31,0,0,0,0,999999,261160,10,2062,0,0,9,999997,2770.44,1.82,3540.70,2.33,7490199,1,6,34.8,0,1,CNPJ,0,10,19,3701.95,3709.52,3226.45,3001.38,3505.99,4114.06,3718.12,4089.93,3815.07,3597.76,3237.70,1198,0,0,0,101
999997,999997,999997,999,999,999,0,251110,84116,75116,999997,1,5,7,5,7,4,9,40,33,0,0,0,0,999999,250750,10,1112,0,0,8,999997,6263.65,4.12,6420.97,4.22,8411600,2,9,23.9,0,1,CNPJ,0,96,24,6263.65,6263.65,6263.65,6263.65,8151.53,6263.65,6263.65,6263.65,6263.65,6263.65,6263.65,1198,0,0,0,306
999997,999997,999997,999,999,999,11,251110,70204,74160,999997,0,5,5,6,5,1,9,44,37,0,0,9,12,999999,261160,10,2062,0,0,8,999997,4122.28,2.71,3710.05,2.44,7020400,1,3,2.6,2,1,CNPJ,0,60,19,0,0,0,0,0,0,0,0,2473.37,4122.28,4122.28,1198,0,0,0,101
999997,999997,999997,999,999,999,11,251110,70204,74160,999997,0,5,5,6,5,4,9,44,32,0,0,0,12,999999,261160,10,2062,0,0,8,999997,4363.89,2.87,4301.45,2.83,7020400,1,3,16.0,0,1,CNPJ,0,10,19,4122.27,4122.27,4122.27,4122.27,4377.83,4363.89,4122.27,4363.89,4142.76,4546.60,4847.13,1198,0,0,0,101
999997,999997,999997,999,999,999,11,251110,71197,74209,999997,0,5,7,6,99,3,9,44,36,0,0,0,6,999999,230440,10,2062,0,0,8,999997,,.00,6938.61,4.57,7119702,2,3,8.4,0,1,CNPJ,0,10,19,7000.00,7000.00,7000.00,7000.00,10831.65,2800.00,0,0,0,0,0,1198,0,0,0,101
999997,999997,999997,999,999,999,11,251110,70204,74160,999997,0,4,5,6,5,3,9,44,27,0,0,4,12,999999,261160,10,2062,0,0,8,999997,4122.27,2.71,4311.75,2.84,7020400,1,3,8.0,2,1,CNPJ,0,10,19,0,0,0,4122.27,4377.83,4363.89,4122.27,4605.51,4122.27,4122.27,4847.13,1198,0,0,0,101
999997,999997,999997,999,999,999,0,251110,74901,74993,999997,1,6,7,6,7,6,9,44,46,0,0,0,0,999999,261160,10,2062,0,0,2,999997,6282.08,4.13,6235.89,4.10,7490199,1,6,42.0,0,1,CNPJ,0,10,19,5819.38,5791.58,5819.38,7481.14,6226.75,6293.69,6175.51,6226.75,6182.13,6175.51,6356.74,1198,0,0,0,101
999997,999997,999997,999,999,999,0,251110,84116,75116,999997,1,5,7,5,7,4,9,40,38,0,0,0,0,999999,250750,10,1112,0,0,8,999997,6263.65,4.12,6420.97,4.22,8411600,2,9,23.9,0,1,CNPJ,0,96,24,6263.65,6263.65,8151.53,6263.65,6263.65,6263.65,6263.65,6263.65,6263.65,6263.65,6263.65,1198,0,0,0,306
999997,999997,999997,999,999,999,11,251110,70204,74160,999997,0,5,5,6,99,3,9,44,37,0,0,0,2,999999,261160,10,2062,0,0,8,999997,,.00,3866.53,2.55,7020400,1,3,10.9,0,1,CNPJ,0,10,19,4681.35,3051.70,0,0,0,0,0,0,0,0,0,1198,0,0,0,101
999997,999997,999997,999,999,999,31,251110,70204,74160,999997,0,7,5,6,99,5,9,44,55,0,0,0,11,999999,261160,10,2062,0,0,8,999997,,.00,4299.75,2.83,7020400,2,3,32.0,0,1,CNPJ,0,10,19,4122.27,4122.27,4122.27,4122.27,4122.27,4122.27,4122.27,5280.05,4916.73,4122.27,4122.27,1198,0,0,0,101
999997,999997,999997,999,999,999,0,251110,70204,74160,999997,1,5,99,6,99,1,9,44,37,0,1,12,0,999999,261160,10,2062,0,0,8,999997,,.00,.00,.00,7020400,1,4,1.0,4,1,CNPJ,0,10,19,0,0,0,0,0,0,0,0,0,0,0,1198,0,0,0,101
999997,999997,999997,999,999,999,0,251110,71120,74209,999997,1,5,99,6,99,5,9,44,37,0,0,0,0,999999,261160,10,2062,0,0,8,999997,,.00,.00,.00,7112000,1,4,34.0,0,1,CNPJ,0,10,19,0,0,0,0,0,0,0,0,0,0,0,1198,0,0,0,101
999997,999997,999997,999,999,999,0,251110,85325,80322,999997,1,5,10,5,9,8,11,40,38,0,0,0,0,999999,280670,10,1139,0,0,2,999997,15052.29,9.91,16093.36,10.60,8532500,2,10,137.5,0,1,CNPJ,0,30,23,13866.75,13866.77,13866.77,20293.09,15473.35,22710.02,15782.11,16052.29,16052.29,15052.29,15052.29,1198,0,0,0,301
999997,999997,999997,999,999,999,0,251110,72207,73202,999997,1,5,99,6,99,7,9,44,39,0,0,0,0,999999,230440,10,3999,0,0,8,999997,,.00,.00,.00,7220700,1,5,78.4,0,1,CNPJ,0,10,19,0,0,0,0,0,0,0,0,0,0,0,1198,0,0,0,101
999997,999997,999997,999,999,999,0,251110,70204,74160,999997,1,5,99,6,99,5,9,44,32,0,0,0,0,999999,261160,10,2062,0,0,8,999997,,.00,.00,.00,7020400,1,3,34.0,0,1,CNPJ,0,10,19,0,0,0,0,0,0,0,0,0,0,0,1198,0,0,0,101
999997,999997,999997,999,999,999,21,251110,72207,73202,999997,0,5,5,6,99,3,9,44,39,0,0,0,6,999999,211130,10,2062,0,0,2,999997,,.00,3500.00,2.30,7220700,1,3,11.1,0,1,CNPJ,0,10,19,3500.00,0,3500.00,3500.00,3500.00,416.67,0,0,0,0,0,1198,0,0,0,101
999997,999997,999997,999,999,999,0,251110,70204,74160,999997,1,5,6,6,6,1,9,44,30,0,1,12,0,999999,261160,10,2062,0,0,2,999997,5024.49,3.30,5024.49,3.30,7020400,2,4,1.0,4,1,CNPJ,0,10,19,0,0,0,0,0,0,0,0,0,0,0,1198,0,0,0,101
999997,999997,999997,999,999,999,0,251110,72100,73105,999997,1,5,6,5,2,4,10,40,39,0,0,0,0,999999,280030,10,3999,0,0,2,999997,789.85,.52,4773.02,3.14,7210000,1,6,15.5,0,1,CNPJ,0,10,19,4568.67,4568.67,4568.67,4568.67,4911.32,4682.89,4682.89,4682.89,4578.70,4682.89,9990.16,1198,0,0,0,101
999997,999997,999997,999,999,999,11,251110,72207,73202,999997,0,5,4,6,99,2,9,44,36,0,1,1,5,999999,280030,10,2062,0,0,8,999997,,.00,2652.18,1.74,7220700,2,3,3.9,2,1,CNPJ,0,10,19,2890.33,3200.00,2259.20,2259.20,75.31,0,0,0,0,0,0,1198,0,0,0,101
999997,999997,999997,999,999,999,0,251110,70204,74160,999997,1,4,99,6,99,1,9,44,27,0,1,12,0,999999,261160,10,2062,0,0,8,999997,,.00,.00,.00,7020400,1,4,1.0,4,1,CNPJ,0,10,19,0,0,0,0,0,0,0,0,0,0,0,1198,0,0,0,101
999997,999997,999997,999,999,999,0,251110,74901,74993,999997,1,5,5,7,6,3,9,45,32,0,1,5,0,999999,261160,10,2062,0,0,8,999997,4824.00,3.17,4278.81,2.82,7490199,2,3,7.8,2,1,CNPJ,0,10,19,0,0,0,0,3606.45,4300.00,4300.00,4300.00,4300.00,4300.00,4300.00,1198,0,0,0,101
999997,999997,999997,999,999,999,0,251110,94308,91995,999997,1,5,6,5,6,6,9,40,34,0,0,0,0,999999,292530,10,3999,0,0,8,999997,4941.78,3.25,5043.19,3.32,9430800,2,4,37.4,0,1,CNPJ,0,10,21,4941.78,4941.78,4941.78,4941.78,4941.78,4941.78,4941.78,4941.78,4941.78,6158.67,4941.78,1198,0,0,0,101
999997,999997,999997,999,999,999,0,251110,71120,74209,999997,1,5,6,6,6,4,9,42,31,0,0,0,0,999999,292740,10,2240,0,0,8,999997,4712.69,3.10,4720.61,3.10,7112000,1,6,19.9,0,1,CNPJ,0,10,19,4474.64,4474.64,4474.64,4474.64,4474.64,4474.64,4474.64,5469.00,5047.72,5047.72,5047.73,1198,0,0,0,101
999997,999997,999997,999,999,999,0,251110,72207,73202,999997,1,5,99,6,99,7,9,44,38,0,0,0,0,999999,230440,10,3999,0,0,8,999997,,.00,.00,.00,7220700,1,5,80.6,0,1,CNPJ,0,10,19,0,0,0,0,0,0,0,0,0,0,0,1198,0,0,0,101
999997,999997,999997,999,999,999,0,251110,74901,74993,999997,1,3,3,6,3,4,9,44,21,0,0,0,0,999999,261160,10,2062,0,0,8,999997,1964.35,1.29,2184.09,1.43,7490199,1,6,13.9,0,1,CNPJ,0,10,19,1664.55,2963.16,2161.20,2042.57,1966.18,2302.16,2038.74,2324.63,2352.52,2406.33,2022.70,1198,0,0,0,101
999997,999997,999997,999,999,999,0,251110,70204,74160,999997,1,5,5,6,6,5,9,44,32,0,0,0,0,999999,261160,10,2062,0,0,8,999997,5633.29,3.71,4248.19,2.79,7020400,1,3,35.8,0,1,CNPJ,0,10,19,4122.27,4122.27,4122.27,4122.27,4122.27,4122.27,4122.27,4122.27,4122.27,4122.27,4122.27,1198,0,0,0,101
999997,999997,999997,999,999,999,0,251110,72207,73202,999997,1,4,5,6,5,4,9,44,26,0,0,0,0,999999,211130,10,2062,0,0,2,999997,3500.00,2.30,3500.00,2.30,7220700,2,3,16.8,0,1,CNPJ,0,10,19,3500.00,0,3500.00,3500.00,3500.00,3500.00,3500.00,3500.00,3500.00,3500.00,3500.00,1198,0,0,0,101
999997,999997,999997,999,999,999,0,251110,84116,75116,999997,1,5,6,6,6,7,9,44,34,0,0,0,0,999999,260680,10,1244,0,0,9,999997,5336.78,3.51,5336.78,3.51,8411600,1,10,114.5,0,1,CNPJ,0,30,24,5336.78,5336.78,5336.78,5336.78,5336.78,5336.78,5336.78,5336.78,5336.78,5336.78,5336.78,1198,0,0,0,301
999997,999997,999997,999,999,999,31,251110,70204,74160,999997,0,5,5,6,99,6,9,44,30,0,0,0,11,999999,261160,10,2062,0,0,2,999997,,.00,4183.47,2.75,7020400,2,3,41.0,0,1,CNPJ,0,10,19,4122.27,4795.42,4122.27,4122.27,4122.27,4122.27,4122.27,4122.27,4122.27,4122.27,4122.27,1198,0,0,0,101
999997,999997,999997,999,999,999,0,251110,71120,74209,999997,1,5,5,6,5,1,9,42,39,0,0,10,0,999999,261160,10,2062,0,0,8,999997,4200.00,2.76,3206.45,2.11,7112000,1,8,2.2,2,1,CNPJ,0,60,19,0,0,0,0,0,0,0,0,0,1219.35,4200.00,1198,0,0,0,101
999997,999997,999997,999,999,999,0,251110,84116,75116,999997,1,5,4,5,4,3,9,40,39,0,0,7,0,999999,260760,10,1244,0,0,2,999997,2500.00,1.64,2500.00,1.64,8411600,1,9,6.0,2,1,CNPJ,0,97,24,0,0,0,0,0,0,2500.00,2500.00,2500.00,2500.00,2500.00,1198,0,0,0,306
999997,999997,999997,999,999,999,0,251110,84116,75116,999997,1,5,7,5,7,5,9,40,31,0,0,0,0,999999,250750,10,1112,0,0,8,999997,6263.54,4.12,6420.86,4.22,8411600,2,9,25.0,0,1,CNPJ,0,96,24,6263.54,8151.39,6263.54,6263.54,6263.54,6263.54,6263.54,6263.54,6263.54,6263.54,6263.54,1198,0,0,0,306
999997,999997,999997,999,999,999,0,251110,84116,75116,999997,1,5,7,5,7,5,9,40,39,0,0,0,0,999999,250750,10,1112,0,0,8,999997,6263.66,4.12,6420.98,4.22,8411600,1,9,26.0,0,1,CNPJ,0,96,24,6263.66,6263.66,6263.66,6263.66,6263.66,6263.66,8151.55,6263.66,6263.66,6263.66,6263.66,1198,0,0,0,306
999997,999997,999997,999,999,999,0,251110,74901,74993,999997,1,4,5,6,5,2,9,44,27,0,1,8,0,999999,261160,10,2062,0,0,4,999997,4487.45,2.95,3942.65,2.59,7490199,2,3,4.8,2,1,CNPJ,0,10,19,0,0,0,0,0,0,0,3225.81,4000.00,4000.00,4000.00,1198,0,0,0,101
999997,999997,999997,999,999,999,0,251110,72207,73202,999997,1,5,4,6,4,7,9,44,32,0,0,0,0,999999,211130,10,2062,0,0,8,999997,2916.15,1.92,2944.33,1.94,7220700,2,3,64.0,0,1,CNPJ,0,10,19,2916.16,0,3226.15,2916.15,2916.15,2916.15,2916.15,2916.15,2916.15,2916.15,2916.15,1198,0,0,0,101
999997,999997,999997,999,999,999,11,251110,42227,45292,999997,0,5,5,6,99,3,9,44,31,1,0,0,7,999999,290490,10,9999,0,0,8,999997,,.00,4549.97,2.99,4222701,1,2,10.2,0,6,CNO,0,10,15,5158.48,5072.73,5837.41,4767.91,4729.22,1734.05,0,0,0,0,0,1198,0,0,0,101
999997,999997,999997,999,999,999,11,251110,74901,74993,999997,0,5,5,6,99,5,9,44,31,0,0,0,2,999999,261160,10,2062,0,0,2,999997,,.00,3248.32,2.14,7490199,2,6,35.2,0,1,CNPJ,0,10,19,5940.66,555.98,0,0,0,0,0,0,0,0,0,1198,0,0,0,101
999997,999997,999997,999,999,999,0,251110,74901,74993,999997,1,6,4,6,4,6,9,44,42,0,0,0,0,999999,261160,10,2062,0,0,9,999997,2957.67,1.94,3012.43,1.98,7490199,1,6,42.0,0,1,CNPJ,0,10,19,3022.71,3231.19,2831.22,2753.10,2937.79,2994.76,2991.11,3477.73,3029.35,2976.66,2945.82,1198,0,0,0,101
999997,999997,999997,999,999,999,0,251110,72207,73202,999997,1,6,99,6,99,7,9,44,49,0,0,0,0,999999,230440,10,3999,0,0,8,999997,,.00,.00,.00,7220700,1,5,78.4,0,1,CNPJ,0,10,19,0,0,0,0,0,0,0,0,0,0,0,1198,0,0,0,101
999997,999997,999997,999,999,999,0,251110,72207,73202,999997,1,6,5,6,5,7,9,44,46,0,1,0,0,999999,292740,10,2062,0,0,8,999997,4259.76,2.80,4438.12,2.92,7220700,1,3,62.8,0,1,CNPJ,0,10,19,4259.76,5115.86,5543.92,4259.76,4259.76,4259.76,4259.76,4259.76,4259.76,4259.76,4259.76,1198,0,0,0,101
999997,999997,999997,999,999,999,0,251110,74901,74993,999997,1,7,7,6,7,6,9,44,50,0,0,0,0,999999,261160,10,2062,0,0,9,999997,6770.63,4.46,6464.79,4.25,7490199,1,6,38.0,0,1,CNPJ,0,10,19,6647.01,6200.93,6094.16,5827.72,6226.75,6293.69,6283.80,6226.75,7325.97,6763.35,6916.67,1198,0,0,0,101
999997,999997,999997,999,999,999,0,251110,85317,80314,999997,1,5,9,5,9,8,9,40,37,0,0,0,0,999999,292740,10,1104,0,0,2,999997,13073.99,8.61,14019.31,9.23,8531700,2,10,136.1,0,1,CNPJ,0,30,23,11745.86,11745.86,11745.86,11745.86,11745.86,28983.09,13571.14,13571.14,13571.14,13657.94,13073.99,1198,0,0,0,301
999997,999997,999997,999,999,999,0,251110,74901,74993,999997,1,4,3,6,3,3,9,44,25,0,0,4,0,999999,261160,10,2062,0,0,8,999997,1951.16,1.28,2224.20,1.46,7490199,1,6,9.0,2,1,CNPJ,0,10,19,0,0,0,2287.96,1939.24,2352.77,2377.06,2227.53,2371.31,2712.02,1798.79,1198,0,0,0,101
999997,999997,999997,999,999,999,0,251110,47741,52493,999997,1,7,3,6,3,8,9,44,54,0,1,0,0,999999,220120,10,2062,0,0,8,999997,1610.35,1.06,1655.08,1.09,4774100,2,3,136.0,0,1,CNPJ,0,10,16,1610.35,1610.35,1610.35,1610.35,1610.35,1610.35,1610.35,1610.35,1610.35,2147.13,1610.35,1198,0,0,0,101
999997,999997,999997,999,999,999,0,251110,91023,92525,999997,1,5,7,6,7,3,9,44,31,0,0,3,0,999999,221060,10,3069,0,0,2,999997,7200.00,4.74,7200.00,4.74,9102301,2,5,10.0,2,1,CNPJ,0,10,21,0,0,7200.00,7200.00,7200.00,7200.00,7200.00,7200.00,7200.00,7200.00,7200.00,1198,0,0,0,101
999997,999997,999997,999,999,999,0,251110,84116,75116,999997,1,5,10,5,10,8,10,40,39,0,0,0,0,999999,261160,10,1104,0,0,8,999997,22059.70,14.53,15765.13,10.38,8411600,2,10,194.9,0,1,CNPJ,0,30,24,13087.64,14054.64,13571.14,13571.14,21419.59,15140.83,15140.83,15140.83,16582.30,14706.47,14706.47,1198,0,0,0,301
999997,999997,999997,999,999,999,0,251110,74901,74993,999997,1,3,3,6,3,4,9,44,22,0,0,0,0,999999,261160,10,2062,0,0,8,999997,1863.66,1.22,2207.76,1.45,7490199,1,6,15.7,0,1,CNPJ,0,10,19,1623.38,2494.31,2666.09,2534.25,2043.89,1674.67,3082.00,2474.49,2006.70,2245.73,1783.97,1198,0,0,0,101
999997,999997,999997,999,999,999,0,251110,84116,75116,999997,1,4,7,5,7,4,9,40,29,0,0,0,0,999999,250750,10,1112,0,0,8,999997,6263.65,4.12,6420.97,4.22,8411600,1,9,23.9,0,1,CNPJ,0,96,24,6263.65,6263.65,6263.65,6263.65,6263.65,6263.65,6263.65,6263.65,6263.65,8151.53,6263.65,1198,0,0,0,306
999997,999997,999997,999,999,999,0,251110,84116,75116,999997,1,5,7,5,7,4,9,40,34,0,0,0,0,999999,250750,10,1112,0,0,8,999997,6263.65,4.12,6263.65,4.12,8411600,2,9,17.0,0,1,CNPJ,0,96,24,6263.65,6263.65,6263.65,6263.65,6263.65,6263.65,6263.65,6263.65,6263.65,6263.65,6263.65,1198,0,0,0,306
999997,999997,999997,999,999,999,90,251110,72207,73202,999997,0,4,2,5,99,1,9,40,29,0,0,0,1,999999,230440,10,2062,0,0,2,999997,,.00,1129.03,.74,7220700,2,2,2.1,0,1,CNPJ,0,10,19,1129.03,0,0,0,0,0,0,0,0,0,0,1198,0,0,0,101
999997,999997,999997,999,999,999,11,251110,70204,74160,999997,0,4,6,6,6,3,9,44,27,0,0,4,12,999999,261160,10,2062,0,0,8,999997,4663.89,3.07,4556.50,3.00,7020400,2,3,7.9,2,1,CNPJ,0,10,19,0,0,0,4422.27,4422.27,4663.89,4422.27,4422.27,4663.89,4422.27,4905.51,1198,0,0,0,101
999997,999997,999997,999,999,999,0,251110,85325,80322,999997,1,6,10,5,9,7,11,40,42,0,0,0,0,999999,240810,10,1104,0,0,8,999997,15052.29,9.91,15764.13,10.38,8532500,1,10,81.1,0,1,CNPJ,0,30,23,13212.68,12175.70,12175.70,12812.91,14381.42,31097.35,16052.29,16052.29,16052.29,15052.29,15052.29,1198,0,0,0,301
999997,999997,999997,999,999,999,11,251110,70204,74160,999997,0,5,6,6,99,4,9,44,35,0,0,0,9,999999,261160,10,2062,0,0,8,999997,,.00,5481.61,3.61,7020400,2,3,13.7,0,1,CNPJ,0,10,19,5662.30,5862.30,5862.30,5862.30,5862.30,5862.30,5862.30,5862.30,2636.12,0,0,1198,0,0,0,101
999997,999997,999997,999,999,999,0,251110,72207,73202,999997,1,4,5,6,5,6,9,44,29,0,0,0,0,999999,230440,10,2062,0,0,8,999997,3778.95,2.48,3888.66,2.55,7220700,1,2,36.5,0,1,CNPJ,0,10,19,3778.95,3778.95,3778.95,3778.95,3778.95,3778.95,3778.95,4423.67,4450.77,3778.95,3778.95,1198,0,0,0,101
999997,999997,999997,999,999,999,0,251110,72207,73202,999997,1,5,99,6,99,7,9,44,39,0,0,0,0,999999,230440,10,3999,0,0,8,999997,,.00,.00,.00,7220700,1,5,78.4,0,1,CNPJ,0,10,19,0,0,0,0,0,0,0,0,0,0,0,1198,0,0,0,101
999997,999997,999997,999,999,999,11,251110,72207,73202,999997,0,6,2,6,99,5,9,44,48,0,0,0,3,999999,230440,10,3999,0,0,8,999997,,.00,1518.00,1.00,7220700,1,5,25.3,0,1,CNPJ,0,10,19,1518.00,1518.00,253.00,0,0,0,0,0,0,0,0,1198,0,0,0,101
999997,999997,999997,999,999,999,0,251110,70204,74160,999997,1,4,99,6,99,1,9,44,27,0,1,12,0,999999,261160,10,2062,0,0,8,999997,,.00,.00,.00,7020400,2,4,1.0,4,1,CNPJ,0,10,19,0,0,0,0,0,0,0,0,0,0,0,1198,0,0,0,101
999997,999997,999997,999,999,999,0,251110,72207,73202,999997,1,5,99,6,99,7,9,44,38,0,0,0,0,999999,230440,10,3999,0,0,8,999997,,.00,.00,.00,7220700,1,5,80.6,0,1,CNPJ,0,10,19,0,0,0,0,0,0,0,0,0,0,0,1198,0,0,0,101
999997,999997,999997,999,999,999,0,251110,74901,74993,999997,1,5,3,6,3,3,9,44,34,0,0,3,0,999999,261160,10,2062,0,0,8,999997,1574.91,1.03,1993.82,1.31,7490199,1,6,10.0,2,1,CNPJ,0,10,19,0,0,2200.00,2000.00,2023.33,2023.33,2023.33,2023.33,2023.33,2023.33,2023.33,1198,0,0,0,101
999997,999997,999997,999,999,999,12,251110,72207,73202,999997,0,3,2,6,99,1,9,44,22,0,0,11,11,999999,230440,10,2062,0,0,2,999997,,.00,1000.00,.65,7220700,2,2,.3,2,1,CNPJ,0,60,19,0,0,0,0,0,0,0,0,0,0,1000.00,1198,0,0,0,101
999997,999997,999997,999,999,999,0,251110,72207,73202,999997,1,4,99,6,99,7,9,44,25,0,0,0,0,999999,230440,10,3999,0,0,8,999997,,.00,.00,.00,7220700,1,5,78.4,0,1,CNPJ,0,10,19,0,0,0,0,0,0,0,0,0,0,0,1198,0,0,0,101
999997,999997,999997,999,999,999,0,251110,74901,74993,999997,1,5,4,6,3,2,9,44,31,0,0,8,0,999999,261160,10,2062,0,0,8,999997,2247.78,1.48,2421.41,1.59,7490199,1,6,4.6,2,1,CNPJ,0,10,19,0,0,0,0,0,0,0,1495.25,2721.02,3132.20,2510.82,1198,0,0,0,101
999997,999997,999997,999,999,999,0,251110,72207,73202,999997,1,6,7,4,7,4,11,30,48,0,1,0,0,999999,292740,10,2062,0,0,2,999997,7000.00,4.61,7000.00,4.61,7220700,1,3,16.1,0,1,CNPJ,0,10,19,7000.00,7000.00,7000.00,7000.00,7000.00,7000.00,7000.00,7000.00,7000.00,7000.00,7000.00,1198,0,0,0,101
999997,999997,999997,999,999,999,0,251110,72207,73202,999997,1,5,99,6,99,7,9,44,34,0,0,0,0,999999,230440,10,3999,0,0,8,999997,,.00,.00,.00,7220700,1,5,74.8,0,1,CNPJ,0,10,19,0,0,0,0,0,0,0,0,0,0,0,1198,0,0,0,101
999997,999997,999997,999,999,999,0,251110,72207,73202,999997,1,5,99,6,99,7,9,44,34,0,0,0,0,999999,230440,10,3999,0,0,8,999997,,.00,.00,.00,7220700,1,5,78.4,0,1,CNPJ,0,10,19,0,0,0,0,0,0,0,0,0,0,0,1198,0,0,0,101
999997,999997,999997,999,999,999,0,251110,72207,73202,999997,1,7,6,5,6,8,9,34,55,0,1,0,0,999999,421870,10,2062,0,0,2,999997,5472.84,3.60,5052.42,3.32,7220700,1,5,166.0,0,1,CNPJ,0,10,19,4360.63,4022.12,4022.12,4472.12,5189.28,5726.87,5558.04,6222.10,5373.63,5952.15,4257.13,1198,0,0,0,101
999997,999997,999997,999,999,999,0,251110,84116,75116,999997,1,5,4,5,4,6,9,40,33,0,0,0,0,999999,430160,10,1244,0,0,2,999997,2754.11,1.81,3007.78,1.97,8411600,1,10,41.6,0,1,CNPJ,0,30,24,2899.06,2899.06,2899.06,2899.06,2899.06,2899.06,4348.59,2899.06,2899.06,2899.06,2899.06,1198,0,0,0,301
999997,999997,999997,999,999,999,0,251110,72207,73202,999997,1,6,6,5,6,7,9,40,44,0,1,0,0,999999,420540,10,2062,0,0,2,999997,4754.28,3.13,4681.32,3.08,7220700,2,2,95.0,0,1,CNPJ,0,10,19,6535.56,4320.11,4320.11,4320.11,4320.11,4320.11,4320.11,5162.53,4600.92,4600.92,4600.92,1198,0,0,0,101
999997,999997,999997,40,999,999,0,251110,85317,80314,999997,1,5,6,5,6,8,10,40,36,0,0,0,0,999999,420420,10,3069,1,1,2,999997,5015.84,3.30,5083.38,3.34,8531700,2,9,153.0,0,1,CNPJ,4,10,23,6070.07,4519.24,4739.32,4879.50,4869.76,4869.76,5015.84,5973.67,5015.84,5015.84,5015.84,1198,0,0,0,101
999997,999997,999997,999,999,999,0,251110,84116,75116,999997,1,7,6,3,99,4,9,20,51,0,0,0,0,999999,431890,10,1244,0,0,2,999997,,.00,4676.95,3.07,8411600,2,9,13.3,0,1,CNPJ,0,30,24,3701.95,3701.95,3701.95,3701.96,3701.95,3701.95,6193.65,7261.52,7261.52,4769.82,3748.22,1198,0,0,0,301
999997,999997,999997,999,999,999,0,251110,85317,80314,999997,1,5,9,5,9,8,11,40,38,0,0,0,0,999999,410690,10,1104,0,0,2,999997,13103.38,8.63,13869.99,9.13,8531700,1,10,178.2,0,1,CNPJ,0,30,23,13653.50,13608.49,13608.49,13608.49,13608.49,0,13608.49,17460.47,14103.38,13103.38,13103.38,1198,0,0,0,301
999997,999997,999997,40,40,999,11,251110,85317,80314,999997,0,6,2,99,99,5,9,99,41,0,0,0,6,999999,420460,10,3069,0,60,2,999997,,.00,1354.74,.89,8531700,1,10,29.8,0,1,CNPJ,0,10,23,1426.00,1140.80,1197.76,1654.41,361.20,0,0,0,0,0,0,1198,1,0,0,111
999997,999997,999997,999,999,999,0,251110,85317,80314,999997,1,6,4,3,4,2,9,16,41,0,0,8,0,999999,420460,10,3069,0,0,2,999997,2994.40,1.97,2934.51,1.93,8531700,1,10,4.9,2,1,CNPJ,0,60,23,0,0,0,0,0,0,0,2694.96,2994.40,2994.40,2994.40,1198,0,0,0,101
999997,999997,999997,999,999,999,0,251110,71120,74209,999997,1,5,5,6,5,4,9,44,30,0,0,0,0,999999,421950,10,2062,0,0,8,999997,4435.87,2.92,3628.66,2.39,7112000,2,5,19.3,0,1,CNPJ,0,10,19,3200.00,3200.00,3200.00,3360.00,3360.00,3408.00,3876.00,3876.00,3876.00,3876.00,3876.00,1198,0,0,0,101
999997,999997,999997,999,999,999,0,251110,29301,34312,999997,1,6,5,6,5,2,9,44,43,0,0,9,0,999999,430510,10,2062,0,0,2,999997,4132.73,2.72,3457.20,2.27,2930101,1,6,3.5,2,1,CNPJ,0,10,6,0,0,0,0,0,0,0,0,1983.34,3976.87,3735.85,1198,0,0,0,101
999997,999997,999997,70,999,999,0,251110,85503,74160,999997,1,8,99,5,99,8,9,40,65,0,0,0,0,999999,420540,10,3069,0,365,2,999997,,.00,.00,.00,8550302,2,8,352.3,0,1,CNPJ,0,10,19,0,0,0,0,0,0,0,0,0,0,0,1198,0,0,0,101
999997,999997,999997,999,999,999,0,251110,72207,73202,999997,1,5,4,6,4,1,9,44,33,0,1,12,0,999999,431560,10,2062,0,0,8,999997,2600.00,1.71,2600.00,1.71,7220700,2,2,1.0,2,1,CNPJ,0,10,19,0,0,0,0,0,0,0,0,0,0,0,1198,0,0,0,101
999997,999997,999997,999,999,999,21,251110,42219,45314,999997,0,5,6,6,99,7,9,44,37,0,1,0,5,999999,421950,10,2062,0,0,2,999997,,.00,5611.84,3.69,4221901,1,5,76.4,0,1,CNPJ,0,10,15,5923.25,4936.05,7179.71,5182.85,4837.33,0,0,0,0,0,0,1198,0,0,0,101
999997,999997,999997,999,999,999,0,251110,72207,73202,999997,1,6,6,6,6,5,9,44,46,0,1,0,0,999999,421870,10,2062,0,0,2,999997,5758.90,3.79,4880.83,3.21,7220700,1,5,29.4,0,1,CNPJ,0,10,19,4840.30,4347.44,4347.44,4347.44,4539.63,4589.63,4733.34,5107.69,5096.08,5109.02,5753.07,1198,0,0,0,101
999997,999997,999997,999,999,999,0,251110,84116,75116,999997,1,6,6,5,6,8,10,40,42,0,0,0,0,999999,431440,10,1244,0,0,2,999997,5935.89,3.91,4554.63,3.00,8411600,2,10,167.8,0,1,CNPJ,0,30,24,4099.74,4099.74,4099.74,4099.74,4099.74,5466.32,4947.01,4451.92,4451.92,4451.92,4451.92,1198,0,0,0,301
999997,999997,999997,999,999,999,0,251110,85317,80314,999997,1,7,9,5,9,8,10,40,56,0,0,0,0,999999,420540,10,1104,0,0,2,999997,11339.62,7.47,12405.01,8.17,8531700,2,10,150.3,0,1,CNPJ,0,30,23,14648.87,11332.56,11332.56,11332.56,12231.91,17763.55,12175.70,12175.70,12175.70,11175.70,11175.70,1198,0,0,0,301
999997,999997,999997,40,999,999,0,251110,72207,73202,999997,1,5,3,2,3,8,9,14,35,0,1,0,0,999999,421870,10,2062,0,15,2,999997,1915.57,1.26,1952.12,1.28,7220700,1,5,139.4,0,1,CNPJ,0,10,19,1819.75,1819.75,2005.73,1819.75,1895.55,1895.55,1895.55,2089.28,2437.88,1915.57,1915.56,1198,0,0,0,101
999997,999997,999997,999,999,999,0,251110,72207,73202,999997,1,5,9,6,9,7,9,44,38,0,0,0,0,999999,431440,10,3999,0,0,2,999997,11115.16,7.32,11223.12,7.39,7220700,1,2,85.4,0,1,CNPJ,0,10,19,10678.11,10678.11,10678.11,10678.11,10678.11,11115.16,11115.16,11115.16,11115.16,14595.87,11115.16,1198,0,0,0,101
999997,999997,999997,999,999,999,0,251110,72207,73202,999997,1,6,5,99,4,7,11,99,46,0,1,0,0,999999,421870,10,2062,0,0,2,999997,2861.78,1.88,3223.74,2.12,7220700,1,5,119.5,0,1,CNPJ,0,10,19,2709.71,3311.65,5309.15,2709.71,3035.37,2830.01,4133.91,2919.63,3140.35,2861.78,2861.78,1198,0,0,0,101
999997,999997,999997,999,999,999,0,251110,72207,73202,999997,1,5,4,5,5,5,9,40,32,0,1,0,0,999999,431560,10,2135,0,0,9,999997,3100.00,2.04,3012.50,1.98,7220700,2,2,28.7,0,1,CNPJ,0,10,19,2850.00,2850.00,2850.00,2850.00,2850.00,2850.00,2850.00,3515.00,3385.00,3100.00,3100.00,1198,0,0,0,101
999997,999997,999997,999,999,999,0,251110,72207,73202,999997,1,5,5,4,5,7,10,22,36,0,1,0,0,999999,421870,10,2062,0,0,2,999997,3948.66,2.60,3513.75,2.31,7220700,1,5,97.6,0,1,CNPJ,0,10,19,3613.46,3209.71,3627.20,3209.71,3330.01,3330.01,3330.01,3330.01,4020.30,3404.17,3811.78,1198,0,0,0,101
999997,999997,999997,999,999,999,0,251110,84116,75116,999997,1,6,8,5,8,8,10,40,40,0,0,0,0,999999,430700,10,1244,0,0,8,999997,8295.48,5.46,8534.68,5.62,8411600,1,10,125.8,0,1,CNPJ,0,30,24,9312.75,8155.98,8190.48,8877.53,8272.98,8205.48,10148.59,8317.98,8160.48,8137.98,8340.48,1198,0,0,0,301
999997,999997,999997,999,999,999,0,251110,85317,80314,999997,1,7,9,5,9,3,10,40,54,0,0,2,0,999999,410690,10,1104,0,0,2,999997,11175.70,7.36,11417.17,7.52,8531700,2,10,10.2,2,1,CNPJ,0,30,23,0,0,10406.74,0,11745.86,0,0,12064.77,12175.70,11175.70,11175.70,1198,0,0,0,301
999997,999997,999997,999,999,999,21,251110,72207,73202,999997,0,5,7,6,2,8,11,44,37,0,1,0,12,999999,421870,10,2062,0,0,2,999997,903.33,.59,7009.82,4.61,7220700,1,5,170.1,0,1,CNPJ,0,10,19,8135.93,7115.82,7115.82,7115.82,7356.43,7356.43,7471.60,8792.61,7681.85,7652.29,7419.95,1198,0,0,0,101
999997,999997,999997,999,999,999,0,251110,74901,74993,999997,1,8,5,6,5,8,9,44,65,0,1,0,0,999999,410690,10,2062,0,0,2,999997,4205.15,2.77,4200.08,2.76,7490199,1,2,143.2,0,1,CNPJ,0,10,19,4726.52,3883.36,3883.36,3883.36,3883.36,3883.36,4351.36,4117.36,4117.36,4117.36,5349.05,1198,0,0,0,101
999997,999997,999997,999,999,999,0,251110,72207,73202,999997,1,5,99,99,99,4,9,99,35,0,1,0,0,999999,410420,10,2062,0,0,8,999997,,.00,.00,.00,7220700,1,2,19.9,0,1,CNPJ,0,10,19,0,0,0,0,0,0,0,0,296.89,222.89,0,1198,1,0,0,111
999997,999997,999997,999,999,999,0,251110,72207,73202,999997,1,6,5,6,6,1,9,44,46,0,1,11,0,999999,421870,10,2062,0,0,2,999997,4695.10,3.09,3326.41,2.19,7220700,2,5,1.4,2,1,CNPJ,0,60,19,0,0,0,0,0,0,0,0,0,0,1957.71,1198,0,0,0,101
999997,999997,999997,999,999,999,11,251110,82113,74993,999997,0,5,4,6,99,5,9,44,34,0,1,0,3,999999,411520,10,2062,0,0,9,999997,,.00,2913.75,1.92,8211300,1,1,27.2,0,1,CNPJ,0,10,19,4725.00,1102.50,0,0,0,0,0,0,0,0,0,1198,0,0,0,101
999997,999997,999997,999,999,999,0,251110,71120,74209,999997,1,6,99,6,99,4,9,44,43,0,0,0,0,999999,420540,10,2062,0,0,2,999997,,.00,.00,.00,7112000,2,8,19.7,0,1,CNPJ,0,10,19,0,0,0,0,0,0,0,0,0,0,0,1198,0,0,0,101
999997,999997,999997,999,999,999,0,251110,84116,75116,999997,1,6,7,3,7,4,9,20,48,0,0,0,0,999999,431750,10,1244,0,0,2,999997,7019.59,4.62,6509.69,4.29,8411600,1,10,22.8,0,1,CNPJ,0,30,24,5058.80,7230.56,6437.06,4315.00,5313.61,7248.43,6998.78,7373.26,7373.26,6749.12,6998.78,1198,0,0,0,301
999997,999997,999997,999,999,999,0,251110,71120,74209,999997,1,5,6,6,6,7,9,44,33,0,0,0,0,999999,421950,10,2062,0,0,2,999997,5144.89,3.38,4563.16,3.00,7112000,2,5,64.6,0,1,CNPJ,0,10,19,4743.67,3990.00,6438.41,4189.50,4189.50,4249.35,4974.80,4209.45,4209.45,4209.45,4209.45,1198,0,0,0,101
999997,999997,999997,999,999,999,0,251110,71120,74209,999997,1,6,9,6,9,4,9,44,43,0,0,0,0,999999,420540,10,2062,0,0,2,999997,11058.60,7.28,11077.19,7.29,7112000,2,8,19.7,0,1,CNPJ,0,10,19,10500.00,10500.00,10500.00,10500.00,10500.00,10500.00,12250.00,11943.05,11943.05,11672.97,11058.60,1198,0,0,0,101
999997,999997,999997,999,999,999,21,251110,47440,52442,999997,0,5,2,6,99,1,9,44,37,0,0,8,8,999999,421950,10,2062,0,0,2,999997,,.00,1197.58,.78,4744001,2,4,.6,2,1,CNPJ,0,60,16,0,0,0,0,0,0,0,1197.58,0,0,0,1198,0,0,0,101
999997,999997,999997,999,999,999,0,251110,72207,73202,999997,1,4,5,6,5,1,9,44,27,0,0,10,0,999999,411520,10,2062,0,0,8,999997,4500.00,2.96,4500.00,2.96,7220700,1,2,2.0,2,1,CNPJ,0,60,19,0,0,0,0,0,0,0,0,0,150.00,4500.00,1198,0,0,0,101
999997,999997,999997,999,999,999,11,251110,72207,73202,999997,0,6,5,6,99,7,9,44,45,0,0,0,5,999999,420460,10,2062,0,0,2,999997,,.00,4012.50,2.64,7220700,1,1,71.3,0,1,CNPJ,0,10,19,6000.00,4500.00,4500.00,1050.00,0,0,0,0,0,0,0,1198,0,0,0,101
999997,999997,999997,999,999,999,11,251110,85325,80322,999997,0,7,8,5,99,8,10,40,54,0,0,0,2,999999,431560,10,1139,0,0,2,999997,,.00,10406.74,6.85,8532500,2,10,180.5,0,1,CNPJ,0,30,23,10406.74,10406.74,0,0,0,0,0,0,0,0,0,1198,0,0,0,301
999997,999997,999997,999,999,999,0,251110,91023,92525,999997,1,7,9,5,10,8,9,40,59,0,0,0,0,999999,420820,10,1155,1,0,2,999997,15628.86,10.29,13131.03,8.65,9102301,1,5,273.6,0,1,CNPJ,1,30,21,11884.56,11884.56,11884.56,17430.40,12585.60,12600.19,12541.78,12541.78,12541.78,13024.15,13024.15,1198,0,0,0,301
999997,999997,999997,999,999,999,0,251110,84124,75124,999997,1,5,9,5,9,6,9,40,38,0,0,0,0,999999,431490,10,1023,0,0,2,999997,13581.60,8.94,13576.88,8.94,8412400,1,7,40.2,0,1,CNPJ,0,30,24,13438.99,13612.90,13612.90,13612.90,13612.90,13612.90,13612.90,13517.66,13612.90,13454.20,13639.82,1198,0,0,0,301
999997,999997,999997,999,999,999,0,251110,72207,73202,999997,1,4,5,6,7,4,9,44,28,0,1,0,0,999999,421870,10,2062,0,0,8,999997,6364.85,4.19,4351.56,2.86,7220700,2,5,14.8,0,1,CNPJ,0,10,19,3963.78,3963.78,3963.78,3963.78,4146.78,4146.78,4276.62,4416.47,4621.86,4195.10,4195.10,1198,0,0,0,101
999997,999997,999997,999,999,999,0,251110,47571,52493,999997,1,3,3,6,3,2,9,44,19,0,1,7,0,999999,411460,10,2062,0,0,2,999997,2020.86,1.33,2164.44,1.42,4757100,2,2,5.9,2,1,CNPJ,0,10,16,0,0,0,0,0,0,2055.38,2193.82,2174.23,2148.07,2394.29,1198,0,0,0,101
999997,999997,999997,999,999,999,11,251110,71120,74209,999997,0,5,6,6,4,5,9,44,32,0,0,0,12,999999,421950,10,2062,0,0,2,999997,2313.97,1.52,5036.57,3.31,7112000,1,5,29.3,0,1,CNPJ,0,10,19,4666.67,4700.00,6836.36,4935.00,4935.00,6132.43,6085.43,4958.50,4958.50,4958.50,4958.50,1198,0,0,0,101
999997,999997,999997,999,999,999,0,251110,84124,75124,999997,1,5,9,5,8,6,10,40,38,0,0,0,0,999999,431490,10,1023,0,0,2,999997,9975.02,6.57,11224.98,7.39,8412400,2,7,40.5,0,1,CNPJ,0,30,24,9948.10,17513.73,9948.10,9948.10,9948.10,9948.10,9948.10,17642.47,9929.92,9975.02,9975.02,1198,0,0,0,301
999997,999997,999997,999,999,999,0,251110,85325,80322,999997,1,6,9,5,9,8,10,40,44,0,0,0,0,999999,431440,10,1139,0,0,2,999997,13596.94,8.95,13751.65,9.06,8532500,1,10,154.0,0,1,CNPJ,0,30,23,12175.70,17253.09,12175.70,11731.55,14073.99,14073.99,14073.99,14073.99,14596.95,13596.94,13596.94,1198,0,0,0,301
999997,999997,999997,40,40,999,0,251110,84116,75116,999997,1,8,8,5,8,8,9,40,65,0,0,0,0,999999,420910,10,1244,0,2,2,999997,7876.47,5.18,7990.14,5.26,8411600,2,10,351.2,0,1,CNPJ,0,30,24,9619.81,7497.11,7876.47,7876.47,7876.47,7876.47,7876.47,7876.47,7876.47,7876.47,7876.47,1198,0,0,0,301
999997,999997,999997,999,999,999,31,251110,71120,74209,999997,0,6,4,6,99,4,10,44,47,0,0,0,4,999999,420540,10,2240,0,0,2,999997,,.00,2500.00,1.64,7112000,2,5,22.3,0,1,CNPJ,0,10,19,2500.00,2500.00,2500.00,0,0,0,0,0,0,0,0,1198,0,0,0,101
999997,999997,999997,999,999,999,0,251110,72207,73202,999997,1,5,6,6,7,7,9,44,31,0,1,0,0,999999,421870,10,2062,0,0,2,999997,6656.46,4.38,5751.32,3.78,7220700,1,5,62.6,0,1,CNPJ,0,10,19,5798.54,5391.19,5508.16,5483.35,5652.03,5668.73,6101.66,5479.45,5806.90,5622.00,5847.34,1198,0,0,0,101
999997,999997,999997,999,999,999,0,251110,72207,73202,999997,1,4,5,6,5,4,9,44,26,0,1,0,0,999999,410480,10,2062,0,0,2,999997,3762.75,2.47,3740.85,2.46,7220700,1,2,15.6,0,1,CNPJ,0,10,19,3500.00,3762.75,3762.75,3762.75,3762.75,3762.75,3762.75,3762.75,3762.75,3762.75,3762.75,1198,0,0,0,101
999997,999997,999997,999,999,999,0,251110,72207,73202,999997,1,5,3,6,4,7,9,44,36,0,1,0,0,999999,421870,10,2062,0,0,2,999997,2380.00,1.56,2150.56,1.41,7220700,1,2,94.4,0,1,CNPJ,0,10,19,2426.67,2100.00,2100.00,2100.00,2100.00,2100.00,2100.00,2100.00,2100.00,2100.00,2100.00,1198,0,0,0,101
999997,999997,999997,999,999,999,0,251110,72207,73202,999997,1,5,5,6,6,4,9,44,38,0,1,0,0,999999,421870,10,2062,0,0,2,999997,5294.83,3.48,4380.74,2.88,7220700,1,5,15.9,0,1,CNPJ,0,10,19,3963.78,4463.78,3963.78,3963.78,4146.78,4146.78,4276.62,4416.47,5042.54,4245.05,4644.74,1198,0,0,0,101
999997,999997,999997,999,999,999,0,251110,72207,73202,999997,1,4,5,6,6,7,9,44,28,0,1,0,0,999999,421870,10,2062,0,0,8,999997,5190.53,3.41,4553.73,2.99,7220700,1,5,65.7,0,1,CNPJ,0,10,19,4613.44,4176.84,4371.57,4113.78,4701.31,4500.21,4794.89,4762.52,4729.44,4345.10,4345.10,1198,0,0,0,101
999997,999997,999997,999,999,999,0,251110,72207,73202,999997,1,5,5,6,5,5,9,44,36,0,1,0,0,999999,410420,10,2062,0,0,8,999997,4000.00,2.63,4070.37,2.68,7220700,2,2,26.1,0,1,CNPJ,0,10,19,4400.00,4000.00,4000.00,4000.00,4000.00,4000.00,4000.00,4000.00,4000.00,4000.00,4444.44,1198,0,0,0,101
999997,999997,999997,999,999,999,11,251110,71120,74209,999997,0,6,4,6,99,3,10,44,47,0,0,4,12,999999,420540,10,2062,0,0,2,999997,,.00,2901.46,1.91,7112000,2,6,8.3,4,1,CNPJ,0,10,19,0,0,0,2750.00,3083.33,2500.00,2500.00,3638.58,3039.55,2982.20,2718.05,1198,0,0,0,101
999997,999997,999997,999,999,999,0,251110,22293,25291,999997,1,5,5,6,6,1,9,44,35,0,0,11,0,999999,430510,10,2062,0,0,2,999997,5304.21,3.49,3900.13,2.57,2229301,1,6,1.4,2,1,CNPJ,0,60,10,0,0,0,0,0,0,0,0,0,0,2496.04,1198,0,0,0,101
999997,999997,999997,999,999,999,0,251110,84124,75124,999997,1,5,8,5,8,6,10,40,39,0,0,0,0,999999,431490,10,1023,0,0,2,999997,9625.72,6.34,9866.69,6.50,8412400,1,7,41.1,0,1,CNPJ,0,30,24,9766.28,9948.10,9948.10,9948.10,9948.10,9948.10,9948.10,9948.10,9875.37,9948.10,9548.10,1198,0,0,0,301
999997,999997,999997,999,999,999,0,251110,85317,80314,999997,1,6,9,5,9,7,10,40,42,0,0,0,0,999999,420540,10,1104,0,0,8,999997,11076.55,7.29,11101.88,7.31,8531700,1,10,79.0,0,1,CNPJ,0,30,23,12948.78,10068.93,10378.45,10068.93,10837.70,15882.23,10789.64,10789.64,10789.64,9789.64,9802.38,1198,0,0,0,301
999997,999997,999997,999,999,999,0,251110,69117,74110,999997,1,4,6,5,7,5,9,40,26,0,0,0,0,999999,410690,10,2232,0,0,2,999997,6844.95,4.50,5028.80,3.31,6911701,2,3,32.9,0,1,CNPJ,0,10,19,3937.50,4725.00,4725.00,4725.00,4725.00,4725.00,5292.00,5008.50,5008.50,5620.65,5008.50,1198,0,0,0,101
999997,999997,999997,999,999,999,0,251110,72207,73202,999997,1,5,6,6,6,8,9,44,38,0,1,0,0,999999,421870,10,2062,0,0,2,999997,6013.26,3.96,5490.93,3.61,7220700,1,5,139.1,0,1,CNPJ,0,10,19,3580.38,3580.38,3751.14,5896.38,5949.82,5949.82,5949.82,6143.30,6407.91,6655.68,6013.26,1198,0,0,0,101
999997,999997,999997,999,999,999,0,251110,72207,73202,999997,1,6,6,6,6,7,9,44,48,0,1,0,0,999999,421870,10,2062,0,0,8,999997,5548.78,3.65,5351.85,3.52,7220700,1,5,76.4,0,1,CNPJ,0,10,19,5068.64,5068.64,5068.64,5068.64,5306.89,5306.89,5306.89,6048.71,5689.85,5369.79,5369.79,1198,0,0,0,101
999997,999997,999997,40,40,40,0,251110,84116,75116,999997,1,5,7,5,7,7,9,40,37,0,0,0,0,999999,420910,10,1244,0,7,2,999997,7301.61,4.81,7128.54,4.69,8411600,2,10,81.8,0,1,CNPJ,0,30,24,7594.23,6708.41,7047.86,7047.86,7047.86,7047.86,7513.07,7090.16,7047.86,7047.86,7047.86,1198,0,0,0,301
999997,999997,999997,999,999,999,0,251110,71120,74209,999997,1,5,99,99,99,4,9,99,30,0,0,0,0,999999,350570,10,2062,0,0,8,999997,,.00,.00,.00,7112000,1,6,19.2,0,1,CNPJ,0,10,19,0,0,0,0,0,0,0,0,0,0,0,1198,1,0,0,111
999997,999997,999997,40,40,40,11,251110,71120,74209,999997,0,6,99,6,99,7,9,44,42,0,0,0,1,999999,355030,10,2054,0,6,2,999997,,.00,.00,.00,7112000,1,10,81.5,0,1,CNPJ,0,10,19,0,0,0,0,0,0,0,0,0,0,0,1198,0,0,0,101
999997,999997,999997,999,999,999,0,251110,72207,73202,999997,1,7,7,6,6,5,9,44,58,0,1,0,0,999999,350570,10,2062,0,0,8,999997,6014.63,3.96,6373.70,4.20,7220700,1,2,29.0,0,1,CNPJ,0,10,19,5667.23,7596.73,7804.31,6336.41,5667.23,5667.23,5667.23,5667.23,6362.03,7752.18,6281.95,1198,0,0,0,101
999997,999997,999997,999,999,999,0,251110,72207,73202,999997,1,5,99,99,99,4,9,99,35,0,1,0,0,999999,354780,10,2062,0,0,2,999997,,.00,.00,.00,7220700,1,2,16.8,0,1,CNPJ,0,10,19,0,0,0,0,0,0,0,0,0,0,0,1198,1,0,0,111
999997,999997,999997,999,999,999,0,251110,72207,73202,999997,1,6,3,99,99,5,9,99,49,0,0,0,0,999999,355030,10,2062,0,0,2,999997,,.00,1590.03,1.04,7220700,1,5,28.9,0,1,CNPJ,0,10,19,0,0,1656.23,714.96,389.70,735.39,381.32,667.31,2124.42,0,3641.87,1198,1,0,0,111
999997,999997,999997,999,999,999,11,251110,29301,34320,999997,0,5,7,6,99,3,9,44,30,0,0,5,11,999999,355030,10,2062,0,0,2,999997,,.00,7067.89,4.65,2930102,1,6,6.0,2,1,CNPJ,0,10,6,0,0,0,0,7503.55,8519.90,8220.94,8264.36,8254.37,1644.19,0,1198,0,0,0,101
999997,999997,999997,999,999,999,0,251110,72207,73202,999997,1,5,99,6,99,7,9,44,36,0,0,0,0,999999,351518,10,2062,0,0,9,999997,,.00,.00,.00,7220700,1,3,88.7,0,1,CNPJ,0,10,19,0,0,0,0,0,0,0,0,0,0,0,1198,0,0,0,101
999997,999997,999997,999,999,999,0,251110,47814,52329,999997,1,7,3,6,4,7,9,44,61,0,1,0,0,999999,354140,10,2062,0,0,2,999997,2899.06,1.90,2196.43,1.44,4781400,2,2,85.0,0,1,CNPJ,0,10,16,2094.41,2094.41,2144.79,2036.84,2123.21,2108.80,2065.62,2137.59,2108.80,2354.07,2189.55,1198,0,0,0,101
999997,999997,999997,999,999,999,11,251110,71120,74209,999997,0,5,1,6,99,4,9,44,32,0,0,0,2,999999,355030,10,2054,0,0,8,999997,,.00,547.06,.36,7112000,2,10,16.7,0,1,CNPJ,0,10,19,547.06,0,0,0,0,0,0,0,0,0,0,1198,0,0,0,101
999997,999997,999997,999,999,999,0,251110,49302,60275,999997,1,4,5,6,7,5,9,43,28,0,0,0,0,999999,355030,10,2054,0,0,8,999997,6380.58,4.20,4159.92,2.74,4930203,2,9,24.7,0,1,CNPJ,0,10,20,2623.50,2623.50,3840.45,5985.10,5658.30,3208.89,4779.17,3507.15,3507.15,3704.88,4100.33,1198,0,0,0,101
999997,999997,999997,999,999,999,0,251110,69206,74128,999997,1,5,5,6,5,4,9,44,34,0,1,0,0,999999,354880,10,2062,0,0,2,999997,3552.00,2.33,3498.17,2.30,6920601,2,6,23.7,0,1,CNPJ,0,10,19,3288.00,3288.00,3288.00,3288.00,3288.00,3288.00,4490.06,3552.00,3552.00,3552.00,3552.00,1198,0,0,0,101
999997,999997,999997,999,999,999,0,251110,71111,74209,999997,1,5,6,6,7,3,9,44,30,0,0,4,0,999999,355030,10,2240,0,0,2,999997,6345.10,4.17,5860.70,3.86,7111100,1,7,8.0,2,1,CNPJ,0,10,19,0,0,0,379.53,5693.00,5885.46,5981.01,5693.00,5693.00,5902.01,5693.00,1198,0,0,0,101
999997,999997,999997,999,999,999,0,251110,71120,74209,999997,1,5,5,6,5,3,10,44,32,0,0,5,0,999999,355030,10,2054,0,0,8,999997,3888.89,2.56,3271.53,2.15,7112000,2,10,7.3,2,1,CNPJ,0,10,19,0,0,0,0,1283.33,3500.00,3500.00,3500.00,3500.00,3500.00,3500.00,1198,0,0,0,101
999997,999997,999997,999,999,999,0,251110,64611,65994,999997,1,6,12,5,12,4,9,40,41,0,0,0,0,999999,355030,10,2062,0,0,8,999997,30597.00,20.15,30597.00,20.15,6461100,1,7,16.8,0,1,CNPJ,0,10,18,30597.00,30597.00,30597.00,30597.00,30597.00,30597.00,30597.00,30597.00,30597.00,30597.00,30597.00,1198,0,0,0,101
999997,999997,999997,999,999,999,0,251110,71120,74209,999997,1,4,99,99,99,3,9,99,25,0,0,3,0,999999,350570,10,2062,0,0,8,999997,,.00,.00,.00,7112000,1,6,9.5,2,1,CNPJ,0,10,19,0,0,72.29,70.28,0,0,0,0,0,0,0,1198,1,0,0,111
999997,999997,999997,999,999,999,0,251110,26221,30228,999997,1,6,4,6,4,8,9,44,45,0,0,0,0,999999,355030,10,2046,0,0,2,999997,2535.02,1.66,2357.15,1.55,2622100,2,10,160.0,0,1,CNPJ,0,10,4,2196.52,2196.52,2196.52,2196.52,2313.37,2313.37,3084.49,2313.37,2313.37,2313.37,2313.37,1198,0,0,0,101
999997,999997,999997,999,999,999,0,251110,72207,73202,999997,1,6,3,1,4,4,9,2,48,0,1,0,0,999999,354750,10,2062,0,0,2,999997,2320.00,1.52,2107.33,1.38,7220700,1,3,15.0,0,1,CNPJ,0,10,19,2088.00,2088.00,2088.00,2088.00,2088.00,2088.00,2088.00,2088.00,2088.00,2088.00,2088.00,1198,0,0,0,101
999997,999997,999997,999,999,999,0,251110,94308,91995,999997,1,7,8,5,8,8,10,40,55,0,0,0,0,999999,352440,10,1155,0,0,2,999997,9686.15,6.38,9516.36,6.27,9430800,2,5,295.7,0,1,CNPJ,0,30,21,9017.79,8832.13,8707.76,9899.59,9520.76,9686.15,9876.57,9686.15,9910.95,9686.15,9686.15,1198,0,0,0,301
999997,999997,999997,999,999,999,0,251110,72207,73202,999997,1,5,2,6,99,6,9,44,39,0,0,0,0,999999,355030,10,2062,0,0,2,999997,,.00,1440.75,.94,7220700,2,5,40.9,0,1,CNPJ,0,10,19,1440.75,0,0,0,0,0,0,0,0,0,0,1198,0,0,0,101
999997,999997,999997,999,999,999,11,251110,26221,30228,999997,0,6,3,6,99,7,9,44,45,0,0,0,3,999999,355030,10,2046,0,0,8,999997,,.00,2050.08,1.35,2622100,2,10,64.9,0,1,CNPJ,0,10,4,2660.23,1439.93,0,0,0,0,0,0,0,0,0,1198,0,0,0,101
999997,999997,999997,999,999,999,0,251110,72207,73202,999997,1,4,5,6,5,6,9,44,27,0,0,0,0,999999,355030,10,2062,0,0,2,999997,3459.51,2.27,3077.00,2.02,7220700,2,5,50.0,0,1,CNPJ,0,10,19,2994.54,2916.99,2916.99,2916.99,2916.99,2916.99,3139.71,2916.99,3517.01,3095.09,3216.25,1198,0,0,0,101
999997,999997,999997,999,999,999,21,251110,49302,60267,999997,0,5,99,6,99,4,9,44,32,0,1,0,1,999999,354680,10,2062,0,0,2,999997,,.00,.00,.00,4930201,1,5,17.4,0,1,CNPJ,0,10,20,407.97,0,0,0,0,0,0,0,0,0,0,1198,0,0,0,101
999997,999997,999997,999,999,999,11,251110,64638,65994,999997,0,6,11,6,99,5,9,44,46,0,0,0,3,999999,355030,10,2054,0,0,2,999997,,.00,26406.23,17.39,6463800,1,5,27.1,0,1,CNPJ,0,10,18,33710.08,19102.38,0,0,0,0,0,0,0,0,0,1198,0,0,0,101
999997,999997,999997,999,999,999,11,251110,26221,30228,999997,0,5,4,6,99,7,9,44,35,0,0,0,8,999999,355030,10,2046,0,0,2,999997,,.00,2277.87,1.49,2622100,2,10,70.5,0,1,CNPJ,0,10,4,2684.64,2196.52,2196.52,2196.52,2196.52,2196.52,73.22,237.59,0,0,0,1198,0,0,0,101
999997,999997,999997,999,999,999,0,251110,72207,73202,999997,1,5,5,6,6,6,9,44,30,0,0,0,0,999999,355030,10,2062,0,0,2,999997,4613.82,3.03,4540.38,2.99,7220700,1,5,46.9,0,1,CNPJ,0,10,19,4800.40,4666.10,4666.10,4581.10,4751.10,4666.10,4666.10,3777.81,4348.45,4366.92,4580.55,1198,0,0,0,101
999997,999997,999997,999,999,999,11,251110,43991,45217,999997,0,6,6,6,99,4,10,44,44,0,0,0,3,999999,355030,10,2151,0,0,8,999997,,.00,4586.81,3.02,4399101,2,1,13.5,0,1,CNPJ,0,10,15,4586.81,4586.81,0,0,0,0,0,0,0,0,0,1198,0,0,0,101
999997,999997,999997,999,999,999,0,251110,71120,74209,999997,1,5,6,6,6,5,10,44,37,0,0,0,0,999999,355030,10,2054,0,0,2,999997,5246.24,3.45,5095.57,3.35,7112000,1,10,24.9,0,1,CNPJ,0,10,19,4560.35,4560.35,4560.35,5054.39,5046.44,5046.44,5246.24,5246.24,6087.31,5246.24,5246.24,1198,0,0,0,101
999997,999997,999997,999,999,999,11,251110,71120,74209,999997,0,5,5,6,99,6,9,44,36,0,0,0,6,999999,350570,10,2062,0,0,8,999997,,.00,3633.71,2.39,7112000,1,6,54.9,0,1,CNPJ,0,10,19,3140.00,4836.62,4178.06,4443.89,1570.00,0,0,0,0,0,0,1198,0,0,0,101
999997,999997,999997,999,999,999,0,251110,26221,30228,999997,1,6,4,6,5,7,9,44,43,0,0,0,0,999999,355030,10,2046,0,0,9,999997,3239.18,2.13,2870.07,1.89,2622100,1,10,102.6,0,1,CNPJ,0,10,4,2483.01,2483.01,2483.01,2483.01,2615.11,2615.11,3007.38,3007.38,3976.41,3040.81,3007.38,1198,0,0,0,101
999997,999997,999997,999,999,999,0,251110,74901,74993,999997,1,5,8,6,8,7,9,44,33,0,0,0,0,999999,355030,10,2240,0,0,2,999997,9568.50,6.30,9345.37,6.15,7490199,1,6,118.0,0,1,CNPJ,0,10,19,11445.33,8584.00,8669.00,8669.00,8669.00,8669.00,8669.00,8669.00,10595.44,10368.72,9568.50,1198,0,0,0,101
999997,999997,999997,999,999,999,0,251110,71120,74209,999997,1,5,6,6,6,4,9,44,34,0,0,0,0,999999,355030,10,2054,0,0,8,999997,5152.36,3.39,4639.92,3.05,7112000,2,10,23.0,0,1,CNPJ,0,10,19,4231.50,4231.50,4231.50,4443.08,4576.37,4576.37,4643.87,4643.87,4643.87,5660.84,4643.87,1198,0,0,0,101
999997,999997,999997,999,999,999,0,251110,72207,73202,999997,1,6,9,6,9,8,9,44,42,0,0,0,0,999999,355030,10,2240,0,0,2,999997,15131.39,9.96,14955.54,9.85,7220700,1,4,215.9,0,1,CNPJ,0,10,19,14191.14,14021.19,14021.19,14021.19,14021.19,14021.19,14021.19,15108.89,15153.89,20073.56,15680.52,1198,0,0,0,101
999997,999997,999997,999,999,999,11,251110,72207,73202,999997,0,5,6,6,99,4,10,44,37,0,0,0,5,999999,355030,10,2062,0,0,2,999997,,.00,5963.22,3.92,7220700,2,5,23.1,0,1,CNPJ,0,10,19,6507.85,6338.21,6338.21,6338.21,4293.62,0,0,0,0,0,0,1198,0,0,0,101
999997,999997,999997,999,999,999,11,251110,71120,74209,999997,0,6,4,6,99,3,9,44,47,0,0,0,6,999999,355030,10,2151,0,0,8,999997,,.00,2291.67,1.50,7112000,2,3,9.2,0,1,CNPJ,0,10,19,2500.00,2500.00,2500.00,2500.00,2500.00,1250.00,0,0,0,0,0,1198,0,0,0,101
999997,999997,999997,999,999,999,11,251110,74901,74993,999997,0,5,4,6,99,2,9,44,30,0,1,7,11,999999,350130,10,2062,0,0,2,999997,,.00,2726.91,1.79,7490199,1,1,4.0,2,1,CNPJ,0,10,19,0,0,0,0,0,0,3175.33,3286.25,3000.00,3000.00,1172.96,1198,0,0,0,101
999997,999997,999997,999,999,999,11,251110,26221,30228,999997,0,6,3,6,99,7,9,44,45,0,0,0,3,999999,355030,10,2046,0,0,8,999997,,.00,2196.52,1.44,2622100,2,10,69.5,0,1,CNPJ,0,10,4,2196.52,292.87,0,0,0,0,0,0,0,0,0,1198,0,0,0,101
999997,999997,999997,999,999,999,12,251110,71120,74209,999997,0,3,3,6,99,1,9,44,24,0,0,2,3,999999,350570,10,2062,0,0,8,999997,,.00,1652.26,1.09,7112000,1,6,1.0,2,1,CNPJ,0,60,19,0,2467.18,837.33,0,0,0,0,0,0,0,0,1198,0,0,0,101
999997,999997,999997,999,999,999,0,251110,47814,52329,999997,1,6,3,6,4,7,9,44,47,0,1,0,0,999999,354140,10,2062,0,0,2,999997,2853.28,1.87,2198.15,1.44,4781400,2,2,106.0,0,1,CNPJ,0,10,16,2094.41,2065.62,2151.98,2094.41,2123.20,2108.80,2065.62,2137.59,2108.80,2354.07,2220.07,1198,0,0,0,101
999997,999997,999997,40,999,999,0,251110,71120,74209,999997,1,5,6,6,6,6,9,44,35,0,0,0,0,999999,355030,10,2054,0,1,2,999997,5480.26,3.61,5549.06,3.65,7112000,2,10,52.7,0,1,CNPJ,0,10,19,5200.00,5200.00,5200.00,6355.56,5480.26,5480.26,5480.26,5480.26,5480.26,6271.32,5480.26,1198,0,0,0,101
999997,999997,999997,999,999,999,0,251110,43991,45500,999997,1,7,99,6,99,4,9,44,54,0,1,0,0,999999,355070,10,2062,0,0,8,999997,,.00,.00,.00,4399103,1,5,14.8,0,1,CNPJ,0,10,15,0,0,0,0,0,0,0,0,0,0,0,1198,0,0,0,101
999997,999997,999997,999,999,999,0,251110,43991,45500,999997,1,7,99,6,99,4,9,44,54,0,1,0,0,999999,355070,10,2062,0,0,8,999997,,.00,.00,.00,4399103,1,5,14.9,0,1,CNPJ,0,10,15,0,0,0,0,0,0,0,0,0,0,0,1198,0,0,0,101
999997,999997,999997,999,999,999,0,251110,43991,45500,999997,1,7,5,6,5,4,9,44,54,0,1,0,0,999999,355070,10,2062,0,0,8,999997,3320.00,2.18,3119.99,2.05,4399103,1,5,14.9,0,1,CNPJ,0,10,15,2824.13,2824.13,2824.13,2824.13,2824.13,2824.13,2824.13,3320.00,3320.00,4390.97,3320.00,1198,0,0,0,101
999997,999997,999997,10,999,999,0,251110,71120,74209,999997,1,4,5,6,5,5,9,44,28,0,0,0,0,999999,355030,10,2054,0,14,9,999997,3331.84,2.19,3485.49,2.29,7112000,1,10,30.3,0,1,CNPJ,0,10,19,3315.17,3315.17,3315.17,3315.17,3493.85,3493.85,3493.85,3493.85,4270.26,3493.85,3493.85,1198,0,0,0,101
999997,999997,999997,999,999,999,0,251110,72207,73202,999997,1,6,6,5,6,8,9,40,44,0,0,0,0,999999,354990,10,2240,0,0,2,999997,5517.86,3.63,5472.93,3.60,7220700,1,3,142.0,0,1,CNPJ,0,10,19,5201.16,5201.16,5201.16,5201.16,5201.16,5201.16,6878.95,5517.86,5517.86,5517.86,5517.86,1198,0,0,0,101
999997,999997,999997,999,999,999,0,251110,71111,74209,999997,1,7,7,6,8,4,9,44,53,0,0,0,0,999999,355030,10,2240,0,0,4,999997,7635.45,5.02,7135.89,4.70,7111100,1,7,22.4,0,1,CNPJ,0,10,19,6283.77,6939.02,6834.19,7957.26,7105.90,7127.98,7674.63,7114.05,7004.53,7517.80,6436.10,1198,0,0,0,101
999997,999997,999997,999,999,999,11,251110,71120,74209,999997,0,3,4,6,99,3,9,44,23,0,0,0,3,999999,355030,10,2054,0,0,4,999997,,.00,2800.00,1.84,7112000,2,10,7.6,0,1,CNPJ,0,10,19,3500.00,2100.00,0,0,0,0,0,0,0,0,0,1198,0,0,0,101
999997,999997,999997,999,999,999,0,251110,72207,73202,999997,1,5,8,6,8,6,9,44,37,0,0,0,0,999999,355030,10,2062,0,0,2,999997,8721.57,5.74,7731.32,5.09,7220700,1,5,47.4,0,1,CNPJ,0,10,19,7636.74,7402.50,7402.50,7402.50,7402.50,7982.77,7402.50,7402.50,8308.62,7855.56,7855.56,1198,0,0,0,101
999997,999997,999997,999,999,999,0,251110,26221,30228,999997,1,5,4,6,4,7,9,44,33,0,0,0,0,999999,355030,10,2046,0,0,2,999997,2580.00,1.69,2360.90,1.55,2622100,1,10,77.7,0,1,CNPJ,0,10,4,2196.52,2196.52,2196.52,2196.52,2313.37,2313.37,2313.37,2827.45,2570.41,2313.37,2313.37,1198,0,0,0,101
999997,999997,999997,999,999,999,0,251110,26221,30228,999997,1,6,4,6,3,7,9,44,44,0,0,0,0,999999,355030,10,2046,0,0,9,999997,2227.42,1.46,2304.12,1.51,2622100,1,10,105.8,0,1,CNPJ,0,10,4,2196.52,2196.52,2196.52,2196.52,2313.37,2313.37,3084.49,2313.37,2313.37,2313.37,1984.65,1198,0,0,0,101
999997,999997,999997,999,999,999,0,251110,84116,75116,999997,1,4,5,5,5,4,9,40,28,0,0,0,0,999999,352030,10,1244,0,0,2,999997,3891.01,2.56,4303.64,2.83,8411600,1,10,18.4,0,1,CNPJ,0,97,24,4130.00,4100.00,4726.95,4100.00,4291.80,4261.80,4351.80,4231.80,5372.40,4200.44,3985.68,1198,0,0,0,306
999997,999997,999997,999,999,999,0,251110,71111,74209,999997,1,4,5,6,6,3,9,44,26,0,0,2,0,999999,355030,10,2240,0,0,2,999997,5693.00,3.75,3106.33,2.04,7111100,2,7,10.6,2,1,CNPJ,0,10,19,0,1537.80,2701.00,2701.00,2701.00,2701.00,2701.00,2701.00,2520.93,2518.90,5693.00,1198,0,0,0,101
999997,999997,999997,999,999,999,0,251110,72207,73202,999997,1,6,99,6,99,7,9,44,42,0,0,0,0,999999,351518,10,2062,0,0,9,999997,,.00,.00,.00,7220700,1,3,77.0,0,1,CNPJ,0,10,19,0,0,0,0,0,0,0,0,0,0,0,1198,0,0,0,101
999997,999997,999997,999,999,999,0,251110,72207,73202,999997,1,6,99,6,99,7,9,44,49,0,0,0,0,999999,351518,10,2062,0,0,8,999997,,.00,.00,.00,7220700,1,3,85.3,0,1,CNPJ,0,10,19,0,0,0,0,0,0,0,0,0,0,0,1198,0,0,0,101
999997,999997,999997,999,999,999,11,251110,71120,74209,999997,0,5,3,6,99,4,9,44,37,0,0,0,2,999999,350570,10,2062,0,0,2,999997,,.00,2040.00,1.34,7112000,2,6,22.7,0,1,CNPJ,0,10,19,2400.00,1680.00,0,0,0,0,0,0,0,0,0,1198,0,0,0,101
999997,999997,999997,999,999,999,0,251110,72207,73202,999997,1,5,5,5,6,1,10,32,33,0,0,11,0,999999,355030,10,2062,0,0,2,999997,4598.23,3.02,4335.48,2.85,7220700,2,5,1.9,2,1,CNPJ,0,60,19,0,0,0,0,0,0,0,0,0,0,4072.73,1198,0,0,0,101
999997,999997,999997,999,999,999,0,251110,72207,73202,999997,1,5,5,6,5,6,9,44,35,0,1,0,0,999999,354750,10,2062,0,0,8,999997,4000.00,2.63,4062.96,2.67,7220700,1,3,47.8,0,1,CNPJ,0,10,19,4222.22,4000.00,4000.00,4000.00,4000.00,4000.00,4488.89,4044.44,4000.00,4000.00,4000.00,1198,0,0,0,101
999997,999997,999997,999,999,999,21,251110,71120,74209,999997,0,5,4,6,99,3,10,44,37,0,0,0,1,999999,355030,10,2054,0,0,2,999997,,.00,2573.08,1.69,7112000,2,10,9.2,0,1,CNPJ,0,10,19,2573.08,0,0,0,0,0,0,0,0,0,0,1198,0,0,0,101
999997,999997,999997,999,999,999,11,251110,43991,45217,999997,0,4,3,6,99,5,9,44,25,0,0,0,3,999999,355030,10,2151,0,0,2,999997,,.00,1833.24,1.20,4399101,1,1,29.9,0,1,CNPJ,0,10,15,1833.24,1833.24,0,0,0,0,0,0,0,0,0,1198,0,0,0,101
999997,999997,999997,999,999,999,0,251110,47725,52418,999997,1,3,99,6,99,5,9,44,20,0,0,0,0,999999,353440,10,2062,0,0,8,999997,,.00,.00,.00,4772500,1,3,31.4,0,1,CNPJ,0,10,16,0,0,0,0,0,0,0,0,0,0,0,1198,0,0,0,101
999997,999997,999997,999,999,999,0,251110,71120,74209,999997,1,5,2,99,99,2,9,99,37,0,0,7,0,999999,350570,10,2062,0,0,2,999997,,.00,1223.95,.80,7112000,2,6,5.7,2,1,CNPJ,0,10,19,0,0,0,0,0,0,911.38,1072.54,1427.18,1484.68,0,1198,1,0,0,111
999997,999997,999997,999,999,999,0,251110,72207,73202,999997,1,6,6,6,6,5,9,44,42,0,1,0,0,999999,354750,10,2062,0,0,8,999997,5309.33,3.49,5407.65,3.56,7220700,2,3,31.9,0,1,CNPJ,0,10,19,5604.30,5309.33,5309.33,5309.33,5309.33,5309.33,6194.22,5309.33,5309.33,5309.33,5309.33,1198,0,0,0,101
999997,999997,999997,999,999,999,0,251110,74901,74993,999997,1,6,8,6,8,7,10,44,42,0,0,0,0,999999,355030,10,2240,0,0,8,999997,10497.00,6.91,10380.80,6.83,7490199,2,6,77.4,0,1,CNPJ,0,10,19,9818.00,9818.00,9818.00,9818.00,9818.00,12981.57,10013.03,9903.00,9903.00,11685.00,10497.00,1198,0,0,0,101
999997,999997,999997,999,999,999,21,251110,46451,51454,999997,0,4,6,5,99,6,9,40,29,0,0,0,6,999999,355030,10,2062,0,0,2,999997,,.00,5763.89,3.79,4645101,1,7,36.8,0,1,CNPJ,0,10,17,6159.14,6382.73,6435.65,6090.00,6710.31,2805.50,0,0,0,0,0,1198,0,0,0,101
999997,999997,999997,999,999,999,0,251110,72207,73202,999997,1,7,6,6,6,4,10,44,50,0,0,0,0,999999,355030,10,2240,0,0,8,999997,5540.44,3.64,5332.63,3.51,7220700,1,3,12.4,0,1,CNPJ,0,10,19,5482.49,6218.76,4658.82,4659.84,6840.58,5630.41,4537.07,4537.07,5903.30,5400.45,4582.38,1198,0,0,0,101
999997,999997,999997,999,999,999,11,251110,71120,74209,999997,0,6,4,6,99,4,9,44,46,0,0,0,2,999999,355030,10,2054,0,0,8,999997,,.00,2403.80,1.58,7112000,1,10,13.1,0,1,CNPJ,0,10,19,2403.80,0,0,0,0,0,0,0,0,0,0,1198,0,0,0,101
999997,999997,999997,999,999,999,0,251110,72207,73202,999997,1,6,99,6,99,8,9,44,47,0,0,0,0,999999,351518,10,2062,0,0,2,999997,,.00,.00,.00,7220700,2,3,190.0,0,1,CNPJ,0,10,19,0,0,0,0,0,0,0,0,0,0,0,1198,0,0,0,101
999997,999997,999997,999,999,999,0,251110,71120,74209,999997,1,5,5,6,5,3,9,44,34,0,0,6,0,999999,355030,10,2054,0,0,2,999997,3500.00,2.30,3450.94,2.27,7112000,2,10,6.8,2,1,CNPJ,0,10,19,0,0,0,0,0,3033.33,3500.00,3500.00,3500.00,3623.28,3500.00,1198,0,0,0,101
999997,999997,999997,999,999,999,0,251110,71120,74209,999997,1,6,5,6,5,3,9,44,46,0,0,5,0,999999,355030,10,2054,0,0,8,999997,4242.00,2.79,4286.21,2.82,7112000,1,10,7.8,2,1,CNPJ,0,10,19,0,0,0,0,3676.40,4242.00,4242.00,4242.00,4819.49,4583.82,4242.00,1198,0,0,0,101
999997,999997,999997,999,999,999,0,251110,72207,73202,999997,1,5,5,6,5,7,9,44,36,0,1,0,0,999999,354750,10,2062,0,0,9,999997,4225.63,2.78,4303.88,2.83,7220700,2,3,77.0,0,1,CNPJ,0,10,19,4225.63,4225.63,4225.63,4225.63,4225.63,4225.63,4601.24,4789.05,4225.63,4225.63,4225.63,1198,0,0,0,101
999997,999997,999997,999,999,999,0,251110,71120,74209,999997,1,6,6,6,6,3,9,44,46,0,0,6,0,999999,355030,10,2054,0,0,2,999997,5366.49,3.53,5162.05,3.40,7112000,1,10,6.7,2,1,CNPJ,0,10,19,0,0,0,0,0,3935.43,5366.49,5366.49,5366.49,5366.49,5366.49,1198,0,0,0,101
999997,999997,999997,40,999,999,11,251110,71120,74209,999997,0,5,4,5,99,5,9,40,34,0,0,0,3,999999,355030,10,2054,0,1,2,999997,,.00,2846.37,1.87,7112000,2,10,34.1,0,1,CNPJ,0,10,19,3557.96,2134.78,0,0,0,0,0,0,0,0,0,1198,0,0,0,101
999997,999997,999997,40,999,999,0,251110,72207,73202,999997,1,6,8,5,8,7,9,40,42,0,0,0,0,999999,355030,10,2062,0,15,9,999997,9579.91,6.31,8581.30,5.65,7220700,2,5,64.9,0,1,CNPJ,0,10,19,8604.81,8127.97,8127.97,8127.97,9648.97,8127.97,8127.97,8127.97,9123.03,8625.50,8625.50,1198,0,0,0,101
999997,999997,999997,999,999,999,0,251110,43991,45500,999997,1,7,99,6,99,4,9,44,53,0,1,0,0,999999,355070,10,2062,0,0,8,999997,,.00,.00,.00,4399103,1,5,14.9,0,1,CNPJ,0,10,15,0,0,0,0,0,0,0,0,0,0,0,1198,0,0,0,101
999997,999997,999997,999,999,999,0,251110,43991,45500,999997,1,7,5,6,5,4,9,44,53,0,1,0,0,999999,355070,10,2062,0,0,8,999997,3320.00,2.18,3056.05,2.01,4399103,1,5,15.0,0,1,CNPJ,0,10,15,3127.80,2824.13,2824.13,2824.13,2824.13,2824.13,2824.13,3320.00,3320.00,3320.00,3320.00,1198,0,0,0,101
999997,999997,999997,999,999,999,11,251110,26221,30228,999997,0,6,3,6,99,7,9,44,41,0,0,0,5,999999,355030,10,2046,0,0,8,999997,,.00,2196.52,1.44,2622100,2,10,72.2,0,1,CNPJ,0,10,4,2196.52,2196.52,2196.52,219.65,0,0,0,0,0,0,0,1198,0,0,0,101
999997,999997,999997,999,999,999,0,251110,26221,30228,999997,1,6,3,6,4,1,9,44,40,0,0,10,0,999999,355030,10,2046,0,0,8,999997,2313.37,1.52,1979.22,1.30,2622100,1,10,2.5,2,1,CNPJ,0,10,4,0,0,0,0,0,0,0,0,0,1310.91,2313.37,1198,0,0,0,101
999997,999997,999997,999,999,999,11,251110,71120,74209,999997,0,5,2,6,99,5,9,44,31,0,0,0,1,999999,350570,10,2062,0,0,8,999997,,.00,1066.67,.70,7112000,1,6,33.2,0,1,CNPJ,0,10,19,1066.67,0,0,0,0,0,0,0,0,0,0,1198,0,0,0,101
999997,999997,999997,999,999,999,0,251110,71120,74209,999997,1,5,2,99,99,2,9,99,31,0,0,7,0,999999,350570,10,2062,0,0,4,999997,,.00,991.96,.65,7112000,1,6,5.7,2,1,CNPJ,0,10,19,0,0,0,0,0,0,911.38,1072.54,0,0,0,1198,1,0,0,111
999997,999997,999997,40,999,999,0,251110,46192,51195,999997,1,6,6,6,6,6,9,42,41,0,0,0,0,999999,355030,10,2062,0,3,2,999997,5253.17,3.46,4903.59,3.23,4619200,2,6,48.0,0,1,CNPJ,0,10,17,5199.81,4664.77,4895.10,4800.87,4783.61,4709.44,4664.77,4929.29,5334.89,4851.73,4755.59,1198,0,0,0,101
999997,999997,999997,999,999,999,0,251110,71120,74209,999997,1,5,99,6,99,5,9,44,36,0,0,0,0,999999,350570,10,2062,0,0,8,999997,,.00,.00,.00,7112000,2,6,32.5,0,1,CNPJ,0,10,19,0,0,309.71,247.97,0,0,0,60.33,58.38,58.10,66.00,1198,0,0,0,101
999997,999997,999997,999,999,999,11,251110,71120,74209,999997,0,6,4,6,99,4,9,44,40,0,0,0,2,999999,355030,10,2054,0,0,1,999997,,.00,2376.55,1.56,7112000,1,10,16.6,0,1,CNPJ,0,10,19,2376.55,0,0,0,0,0,0,0,0,0,0,1198,0,0,0,101
999997,999997,999997,999,999,999,0,251110,72207,73202,999997,1,5,99,6,99,7,9,44,30,0,0,0,0,999999,351518,10,2062,0,0,6,999997,,.00,.00,.00,7220700,1,3,76.8,0,1,CNPJ,0,10,19,0,0,0,0,0,0,0,0,0,0,0,1198,0,0,0,101
999997,999997,999997,999,999,999,0,251110,43991,45500,999997,1,6,99,6,99,4,9,44,44,0,1,0,0,999999,355070,10,2062,0,0,8,999997,,.00,.00,.00,4399103,1,5,14.9,0,1,CNPJ,0,10,15,0,0,0,0,0,0,0,0,0,0,0,1198,0,0,0,101
999997,999997,999997,999,999,999,0,251110,71111,74209,999997,1,4,6,6,7,4,9,44,25,0,0,0,0,999999,355030,10,2240,0,0,8,999997,6337.98,4.17,5736.21,3.78,7111100,2,7,19.8,0,1,CNPJ,0,10,19,5522.04,5402.00,5693.00,5693.00,5693.00,5693.00,5693.00,5910.37,5693.00,5693.00,5811.13,1198,0,0,0,101
999997,999997,999997,999,999,999,0,251110,10996,15890,999997,1,6,6,6,6,7,9,44,46,0,0,0,0,999999,352590,10,2062,0,0,2,999997,4978.11,3.27,5314.63,3.49,1099601,2,6,106.5,0,1,CNPJ,0,10,13,5060.69,4767.49,4978.11,4978.11,5816.74,4978.11,4978.11,4978.11,4978.11,4978.11,8305.80,1198,0,0,0,101
999997,999997,999997,999,999,999,0,251110,43991,45500,999997,1,7,5,6,5,4,9,44,53,0,1,0,0,999999,355070,10,2062,0,0,8,999997,3320.00,2.18,3113.71,2.05,4399103,1,5,15.0,0,1,CNPJ,0,10,15,2824.13,3698.27,2945.59,2824.13,2824.13,2824.13,2824.13,3320.00,3320.00,3320.00,3320.00,1198,0,0,0,101
999997,999997,999997,999,999,999,0,251110,72207,73202,999997,1,6,8,5,9,7,9,40,45,0,0,0,0,999999,355030,10,2062,0,0,9,999997,11445.58,7.53,10233.34,6.74,7220700,2,5,87.2,0,1,CNPJ,0,10,19,11947.81,9707.36,9707.36,9707.36,9707.36,9707.36,9707.36,9707.36,10873.92,10290.64,10290.64,1198,0,0,0,101
999997,999997,999997,999,999,999,21,251110,71120,74209,999997,0,4,99,99,99,4,9,99,29,0,0,0,2,999999,350570,10,2062,0,0,8,999997,,.00,.00,.00,7112000,2,6,15.1,0,1,CNPJ,0,10,19,0,0,0,0,0,0,0,0,0,0,0,1198,1,0,0,111
999997,999997,999997,999,999,999,11,251110,74901,74993,999997,0,5,4,6,99,3,9,44,30,0,1,1,11,999999,350130,10,2062,0,0,2,999997,,.00,2632.10,1.73,7490199,1,1,9.3,2,1,CNPJ,0,10,19,800.00,3000.00,3000.00,3000.00,3000.00,3000.00,3000.00,3000.00,3000.00,3000.00,1153.14,1198,0,0,0,101
999997,999997,999997,999,999,999,0,251110,43991,45500,999997,1,6,5,6,5,4,9,44,44,0,1,0,0,999999,355070,10,2062,0,0,8,999997,3391.40,2.23,3134.24,2.06,4399103,1,5,15.0,0,1,CNPJ,0,10,15,3613.67,2756.90,2641.93,2635.85,2824.13,2824.13,2824.13,3320.00,3320.00,3105.80,4352.89,1198,0,0,0,101
999997,999997,999997,999,999,999,0,251110,72207,73202,999997,1,5,99,6,99,7,9,44,35,0,0,0,0,999999,351518,10,2062,0,0,8,999997,,.00,.00,.00,7220700,2,3,90.7,0,1,CNPJ,0,10,19,0,0,0,0,0,0,0,0,0,0,0,1198,0,0,0,101
999997,999997,999997,999,999,999,0,251110,43991,45500,999997,1,7,99,6,99,4,9,44,53,0,1,0,0,999999,355070,10,2062,0,0,8,999997,,.00,.00,.00,4399103,1,5,14.9,0,1,CNPJ,0,10,15,0,0,0,0,0,0,0,0,0,0,0,1198,0,0,0,101
999997,999997,999997,999,999,999,0,251110,46192,51195,999997,1,5,6,6,6,6,9,42,31,0,0,0,0,999999,355030,10,2062,0,0,8,999997,4974.82,3.27,4985.18,3.28,4619200,2,6,48.0,0,1,CNPJ,0,10,17,5420.47,4559.44,5045.31,4559.44,5111.54,4559.44,4762.15,4610.12,6348.80,4943.79,4926.85,1198,0,0,0,101
999997,999997,999997,999,999,999,0,251110,72207,73202,999997,1,7,5,6,5,4,9,44,53,0,0,0,0,999999,355030,10,2062,0,0,2,999997,4182.55,2.75,4247.55,2.79,7220700,1,5,15.9,0,1,CNPJ,0,10,19,4042.50,3960.00,3960.00,4824.00,5214.00,3960.00,4097.35,3960.00,4405.10,4182.55,4182.55,1198,0,0,0,101
999997,999997,999997,999,999,999,0,251110,71120,74209,999997,1,4,99,99,99,4,9,99,29,0,0,0,0,999999,350570,10,2062,0,0,8,999997,,.00,.00,.00,7112000,1,6,19.2,0,1,CNPJ,0,10,19,0,0,0,0,0,0,0,0,0,0,0,1198,1,0,0,111
999997,999997,999997,999,999,999,0,251110,72207,73202,999997,1,5,99,99,99,4,9,99,33,0,1,0,0,999999,354780,10,2062,0,0,2,999997,,.00,.00,.00,7220700,1,2,16.8,0,1,CNPJ,0,10,19,0,0,0,0,0,0,0,0,0,0,0,1198,1,0,0,111
999997,999997,999997,999,999,999,0,251110,91023,92525,999997,1,5,6,6,6,5,9,44,34,0,1,0,0,999999,350590,10,2135,0,0,2,999997,6000.00,3.95,5993.98,3.95,9102301,1,2,26.6,0,1,CNPJ,0,10,21,5927.78,6000.00,6000.00,6000.00,6000.00,6000.00,6000.00,6000.00,6000.00,6000.00,6000.00,1198,0,0,0,101
999997,999997,999997,999,999,999,0,251110,55108,55131,999997,1,7,10,6,10,8,9,44,55,0,0,0,0,999999,355030,10,2062,0,0,2,999997,19092.00,12.57,19139.21,12.60,5510801,1,7,167.9,0,1,CNPJ,0,10,21,18285.00,18285.00,18285.00,18285.00,18285.00,18285.00,23743.97,19848.58,19092.00,19092.00,19092.00,1198,0,0,0,101
999997,999997,999997,999,999,999,0,251110,72207,73202,999997,1,5,9,5,9,8,9,40,33,0,0,0,0,999999,355030,10,2062,0,0,2,999997,14334.52,9.44,12439.54,8.19,7220700,2,5,144.9,0,1,CNPJ,0,10,19,12537.30,11710.14,11710.14,11710.14,11710.14,12913.38,11710.14,11710.14,14137.23,12690.08,12401.10,1198,0,0,0,101
999997,999997,999997,999,999,999,21,251110,72207,73202,999997,0,5,2,99,99,4,9,99,31,0,0,0,10,999999,355030,10,2062,0,0,8,999997,,.00,1498.98,.98,7220700,2,5,20.5,0,1,CNPJ,0,10,19,0,0,1656.23,1787.44,1071.68,392.22,1429.95,1429.95,1618.62,.00,0,1198,1,0,0,111
999997,999997,999997,999,999,999,11,251110,26221,30228,999997,0,5,3,6,99,4,9,44,34,0,0,0,7,999999,355030,10,2046,0,0,2,999997,,.00,2064.90,1.36,2622100,1,10,13.1,0,1,CNPJ,0,10,4,1867.48,1867.48,2005.46,2387.58,2196.52,219.65,0,0,0,0,0,1198,0,0,0,101
999997,999997,999997,999,999,999,11,251110,72207,73202,999997,0,5,5,6,99,4,9,44,30,0,0,0,3,999999,351518,10,2062,0,0,9,999997,,.00,3858.17,2.54,7220700,1,3,21.7,0,1,CNPJ,0,10,19,4200.00,4515.00,2859.50,0,0,0,0,0,0,0,0,1198,0,0,0,101
999997,999997,999997,999,999,999,0,251110,43991,45500,999997,1,7,4,6,4,4,9,44,51,0,1,0,0,999999,355070,10,2062,0,0,8,999997,2510.00,1.65,2962.38,1.95,4399103,1,5,15.0,0,1,CNPJ,0,10,15,2702.66,2824.13,2550.83,2824.13,2824.13,2824.13,2824.13,3105.80,5760.00,2510.00,2288.66,1198,0,0,0,101
999997,999997,999997,999,999,999,0,251110,43991,45500,999997,1,6,5,6,5,4,9,44,49,0,1,0,0,999999,355070,10,2062,0,0,8,999997,3676.99,2.42,3060.49,2.01,4399103,1,5,13.9,0,1,CNPJ,0,10,15,2824.13,2824.13,2824.13,2824.13,2824.13,2824.13,2824.13,3320.00,3320.00,3320.00,3320.00,1198,0,0,0,101
999997,999997,999997,999,999,999,0,251110,26221,30228,999997,1,6,4,6,4,7,9,44,46,0,0,0,0,999999,355030,10,2046,0,0,2,999997,2584.94,1.70,2361.31,1.55,2622100,1,10,63.9,0,1,CNPJ,0,10,4,2196.52,2196.52,2196.52,2196.52,2313.37,2313.37,3084.49,2313.37,2313.37,2313.37,2313.37,1198,0,0,0,101
999997,999997,999997,999,999,999,0,251110,72207,73202,999997,1,7,99,99,99,5,9,99,54,0,0,0,0,999999,355030,10,2062,0,0,9,999997,,.00,.00,.00,7220700,2,5,28.9,0,1,CNPJ,0,10,19,0,0,0,0,0,0,0,0,0,0,0,1198,1,0,0,111
999997,999997,999997,999,999,999,0,251110,26221,30228,999997,1,6,4,6,3,7,9,44,44,0,0,0,0,999999,355030,10,2046,0,0,4,999997,2063.24,1.35,2314.59,1.52,2622100,1,10,78.7,0,1,CNPJ,0,10,4,2196.52,2196.52,2196.52,2928.69,2196.52,2196.52,2547.07,2313.37,2313.37,2313.37,2313.37,1198,0,0,0,101
999997,999997,999997,999,999,999,0,251110,71120,74209,999997,1,7,6,6,6,3,9,44,51,0,0,6,0,999999,355030,10,2054,0,0,2,999997,5962.77,3.92,5426.12,3.57,7112000,1,10,6.9,2,1,CNPJ,0,10,19,0,0,0,0,0,5187.61,5366.49,5366.49,5366.49,5366.49,5366.49,1198,0,0,0,101
999997,999997,999997,40,40,40,0,251110,71120,74209,999997,1,5,6,5,6,5,10,40,38,0,0,0,0,999999,355030,10,2054,0,10,4,999997,5352.71,3.52,4803.73,3.16,7112000,2,10,33.6,0,1,CNPJ,0,10,19,4155.53,4617.26,4155.53,4571.08,4817.44,4817.44,4817.44,4817.44,4924.49,5780.94,4817.44,1198,0,0,0,101
999997,999997,999997,999,999,999,90,251110,72207,73202,999997,0,4,5,6,99,3,9,44,27,0,1,0,4,999999,354850,10,2062,0,0,8,999997,,.00,4519.76,2.98,7220700,1,1,9.9,0,1,CNPJ,0,10,19,4539.51,4500.00,450.00,0,0,0,0,0,0,0,0,1198,0,0,0,101
999997,999997,999997,999,999,999,0,251110,26221,30228,999997,1,5,4,6,4,7,9,44,32,0,0,0,0,999999,355030,10,2046,0,0,2,999997,2479.88,1.63,2349.31,1.54,2622100,2,10,73.4,0,1,CNPJ,0,10,4,2635.82,2489.39,2196.52,2196.52,2313.37,2313.37,2313.37,2313.37,2313.37,2313.37,2313.37,1198,0,0,0,101
999997,999997,999997,999,999,999,0,251110,72207,73202,999997,1,5,99,6,99,7,9,44,31,0,0,0,0,999999,351518,10,2062,0,0,2,999997,,.00,.00,.00,7220700,1,3,88.3,0,1,CNPJ,0,10,19,0,0,0,0,0,0,0,0,0,0,0,1198,0,0,0,101
999997,999997,999997,999,999,999,0,251110,74901,74993,999997,1,5,10,5,10,4,9,40,35,0,0,0,0,999999,355030,10,2054,0,0,2,999997,20938.91,13.79,18172.81,11.97,7490104,1,5,20.0,0,1,CNPJ,0,10,19,16236.69,16236.69,16236.69,16236.69,16236.69,16236.69,16236.69,17171.39,24428.74,20938.91,20938.91,1198,0,0,0,101
999997,999997,999997,999,999,999,0,251110,22226,25224,999997,1,3,5,6,5,4,9,44,23,0,0,0,0,999999,355680,10,2062,0,0,2,999997,3568.90,2.35,3188.88,2.10,2222600,2,8,18.0,0,1,CNPJ,0,10,10,2832.47,2832.47,2832.47,2832.47,3030.74,3030.74,3030.74,3568.90,3568.90,3568.90,3568.90,1198,0,0,0,101
999997,999997,999997,999,999,999,0,251110,71120,74209,999997,1,4,5,6,5,3,9,44,26,0,0,6,0,999999,355030,10,2054,0,0,2,999997,3888.89,2.56,3372.22,2.22,7112000,2,10,6.6,2,1,CNPJ,0,10,19,0,0,0,0,0,2216.67,3500.00,3500.00,3500.00,3500.00,3500.00,1198,0,0,0,101
999997,999997,999997,999,999,999,0,251110,26221,30228,999997,1,5,3,6,4,6,9,44,34,0,0,0,0,999999,355030,10,2046,0,0,2,999997,2590.43,1.70,2132.03,1.40,2622100,2,10,49.8,0,1,CNPJ,0,10,4,2399.05,2034.91,1927.81,1927.81,2030.37,2030.37,2030.37,2030.37,2030.37,2030.37,2522.12,1198,0,0,0,101
999997,999997,999997,999,999,999,0,251110,72207,73202,999997,1,6,99,99,99,4,11,99,44,0,1,0,0,999999,354780,10,2062,0,0,2,999997,,.00,.00,.00,7220700,1,2,22.0,0,1,CNPJ,0,10,19,0,0,0,0,0,0,0,0,0,0,0,1198,1,0,0,111
999997,999997,999997,999,999,999,0,251110,43991,45500,999997,1,7,99,6,99,4,9,44,51,0,1,0,0,999999,355070,10,2062,0,0,8,999997,,.00,.00,.00,4399103,1,5,14.9,0,1,CNPJ,0,10,15,0,0,0,0,0,0,0,0,0,0,0,1198,0,0,0,101
999997,999997,999997,999,999,999,0,251110,71120,74209,999997,1,5,99,99,99,4,9,99,36,0,0,0,0,999999,350570,10,2062,0,0,8,999997,,.00,.00,.00,7112000,2,6,23.7,0,1,CNPJ,0,10,19,0,0,0,0,0,0,0,67.04,64.87,64.55,0,1198,1,0,0,111
999997,999997,999997,999,999,999,0,251110,26221,30228,999997,1,6,4,6,4,8,9,44,44,0,0,0,0,999999,355030,10,2046,0,0,8,999997,2543.80,1.67,2348.21,1.54,2622100,2,10,130.6,0,1,CNPJ,0,10,4,2196.52,2196.52,2709.04,2416.17,2236.26,2313.37,2313.37,2313.37,2313.37,2313.37,2313.37,1198,0,0,0,101
999997,999997,999997,999,999,999,21,251110,71120,74209,999997,0,5,99,99,99,4,9,99,34,0,0,0,7,999999,350570,10,2062,0,0,8,999997,,.00,.00,.00,7112000,1,6,13.3,0,1,CNPJ,0,10,19,0,0,348.57,70.28,67.04,73.33,0,0,0,0,0,1198,1,0,0,111
999997,999997,999997,999,999,999,0,251110,71111,74209,999997,1,4,5,6,6,4,9,44,26,0,0,0,0,999999,355030,10,2240,0,0,2,999997,5693.00,3.75,4423.33,2.91,7111100,2,7,14.8,0,1,CNPJ,0,10,19,2563.00,2563.00,2701.00,2701.00,2701.00,5693.00,5693.00,5693.00,5693.00,5693.00,5693.00,1198,0,0,0,101
999997,999997,999997,999,999,999,11,251110,71120,74209,999997,0,7,5,6,99,6,9,44,51,0,0,0,3,999999,355030,10,2054,0,0,2,999997,,.00,4412.45,2.91,7112000,1,10,48.6,0,1,CNPJ,0,10,19,5605.00,3219.89,0,0,0,0,0,0,0,0,0,1198,0,0,0,101
999997,999997,999997,999,999,999,0,251110,71111,74209,999997,1,4,6,6,7,4,9,44,27,0,0,0,0,999999,355030,10,2240,0,0,2,999997,6386.17,4.20,4991.31,3.28,7111100,2,7,14.8,0,1,CNPJ,0,10,19,3500.00,3500.00,3688.00,3688.00,3688.00,5693.00,6562.47,5693.00,6111.02,5693.00,5693.00,1198,0,0,0,101
999997,999997,999997,999,999,999,21,251110,71120,74209,999997,0,4,5,99,99,4,9,99,26,0,0,0,9,999999,355030,10,2054,0,0,2,999997,,.00,3549.07,2.33,7112000,2,10,20.7,0,1,CNPJ,0,10,19,3535.00,3535.00,3535.00,3535.00,3641.05,3641.05,3641.05,3641.05,3237.47,0,0,1198,0,0,0,101
999997,999997,999997,999,999,999,0,251110,71120,74209,999997,1,4,5,6,5,1,9,44,27,0,0,11,0,999999,355030,10,2054,0,0,2,999997,3500.00,2.30,3383.34,2.23,7112000,2,10,1.9,2,1,CNPJ,0,60,19,0,0,0,0,0,0,0,0,0,0,3266.67,1198,0,0,0,101
999997,999997,999997,999,999,999,0,251110,71120,74209,999997,1,5,5,6,6,1,10,44,34,0,0,10,0,999999,355030,10,2054,0,0,2,999997,4600.00,3.03,3628.89,2.39,7112000,1,10,2.3,2,1,CNPJ,0,60,19,0,0,0,0,0,0,0,0,0,1686.67,4600.00,1198,0,0,0,101
999997,999997,999997,999,999,999,0,251110,72207,73202,999997,1,7,3,99,99,5,9,99,57,0,0,0,0,999999,355030,10,2062,0,0,2,999997,,.00,2175.00,1.43,7220700,1,5,28.9,0,1,CNPJ,0,10,19,0,0,0,0,0,392.22,0,0,404.66,2175.00,404.66,1198,1,0,0,111
999997,999997,999997,999,999,999,11,251110,71120,74209,999997,0,5,4,6,99,4,9,44,31,0,0,0,3,999999,355030,10,2054,0,0,4,999997,,.00,2456.26,1.61,7112000,1,10,19.6,0,1,CNPJ,0,10,19,3702.72,1209.80,0,0,0,0,0,0,0,0,0,1198,0,0,0,101
999997,999997,999997,999,999,999,0,251110,71120,74209,999997,1,4,5,6,5,4,9,44,25,0,0,0,0,999999,350570,10,2062,0,0,2,999997,3140.00,2.06,3115.60,2.04,7112000,2,6,20.3,0,1,CNPJ,0,10,19,0,1046.76,3670.94,3889.31,3140.00,3140.00,3684.56,3140.00,3140.00,3140.00,3140.00,1198,0,0,0,101
999997,999997,999997,999,999,999,0,251110,26221,30228,999997,1,7,4,6,4,8,9,44,50,0,0,0,0,999999,355030,10,2046,0,0,8,999997,2583.02,1.70,2361.15,1.55,2622100,2,10,139.9,0,1,CNPJ,0,10,4,2196.52,2196.52,2196.52,2196.52,2313.37,2313.37,2313.37,2313.37,2313.37,2776.04,2621.82,1198,0,0,0,101
999997,999997,999997,999,999,999,0,251110,49302,60267,999997,1,7,5,6,4,6,9,44,63,0,1,0,0,999999,354680,10,2062,0,0,2,999997,2998.03,1.97,3241.23,2.13,4930201,1,5,54.3,0,1,CNPJ,0,10,20,2447.81,2961.33,3367.73,2926.39,3016.54,4504.03,3585.38,3627.83,3514.61,3004.30,2940.81,1198,0,0,0,101
