Bairros SP - Código;Bairros Fortaleza - Código;Bairros RJ - Código;Causa Afastamento 1 - Código;Causa Afastamento 2 - Código;Causa Afastamento 3 - Código;Motivo Desligamento - Código;CBO 2002 Ocupação - Código;CNAE 2.0 Classe - Código;CNAE 95 Classe - Código;Distritos SP - Código;Ind Vínculo Ativo 31/12 - Código;Faixa Etária - Código;Faixa Rem Média (SM) - Código;Faixa Hora Contrat - Código;Faixa Rem Dez (SM) - Código;Faixa Tempo Emprego - Código;Escolaridade Após 2005 - Código;Qtd Hora Contr;Idade;Ind CEI Vinculado - Código;Ind Estabelecimento Participante SIMPLES - Código;Mês Admissão - Código;Mês Desligamento - Código;Município Trab - Código;Município - Código;Nacionalidade - Código;Natureza Jurídica - Código;Ind Portador Defic - Código;Qtd Dias Afastamento;Raça Cor - Código;Região Adm DF - Código;Vl Rem Dezembro Nom;Vl Rem Dezembro (SM);Vl Rem Média Nom;Vl Rem Média (SM);CNAE 2.0 Subclasse - Código;Sexo - Código;Tamanho Estabelecimento - Código;Tempo Emprego;Tipo Admissão Trabalhador - Código;Tipo Estabelecimento - Código;Tipo Estabelecimento - Nome;Tipo Deficiência - Código;Tipo Vínculo - Código;IBGE Subsetor - Código;Vl Rem Janeiro SC;Vl Rem Fevereiro SC;Vl Rem Março SC;Vl Rem Abril SC;Vl Rem Maio SC;Vl Rem Junho SC;Vl Rem Julho SC;Vl Rem Agosto SC;Vl Rem Setembro SC;Vl Rem Outubro SC;Vl Rem Novembro SC;Ano Chegada Brasil;Ind Trabalho Intermitente - Código;Ind Trabalho Parcial - Código;Ind Vínculo Abandonado - Código
999997;999997;999997;999;999;999;0;251110;8211;7499;999997;1;6;99;6;99;7;9;44;46;0;0;0;0;999999;530010;10;2062;0;0;9;999997;;.00;.00;.00;8211300;2;3;95.0;0;1;CNPJ;0;10;19;0;0;0;0;0;0;0;0;0;0;0;1198;0;0;0
999997;999997;999997;999;999;999;11;251110;7220;7320;999997;0;3;5;6;99;3;9;44;24;0;0;0;7;999999;520870;10;2062;0;0;4;999997;;.00;3325.38;2.35;7220700;2;5;7.5;0;1;CNPJ;0;10;19;2926.10;3135.00;3135.00;3344.15;3135.00;3338.00;4264.39;0;0;0;0;1198;0;0;0
999997;999997;999997;999;999;999;11;251110;7112;7420;999997;0;5;7;6;99;4;9;44;34;0;0;0;12;999999;530010;10;2062;0;0;2;999997;;.00;5745.80;4.06;7112000;2;7;16.7;0;1;CNPJ;0;10;19;5711.30;6109.12;5757.21;5485.77;6162.52;7463.65;5393.54;6558.40;6608.23;6411.22;1542.82;1198;0;0;0
999997;999997;999997;40;40;40;0;251110;7112;7420;999997;1;5;9;6;9;6;9;44;32;0;0;0;0;999999;530010;10;2062;0;7;8;999997;13485.77;9.55;13404.27;9.49;7112000;2;7;41.0;0;1;CNPJ;0;10;19;13020.25;13020.25;13020.25;13020.25;13020.25;13020.25;15300.90;13485.77;13485.77;13485.77;13485.77;1198;0;0;0
999997;999997;999997;999;999;999;0;251110;7220;7320;999997;1;3;5;6;5;4;9;44;24;0;0;0;0;999999;520870;10;2062;0;0;8;999997;3783.07;2.67;3290.51;2.33;7220700;1;5;16.3;0;1;CNPJ;0;10;19;3135.00;3135.00;3135.00;3135.00;3135.00;3338.00;3338.00;3338.00;3338.00;3338.00;3338.00;1198;0;0;0
999997;999997;999997;999;999;999;12;251110;7220;7320;999997;0;5;2;6;99;1;9;44;37;0;0;0;1;999999;520870;10;2062;0;0;2;999997;;.00;1358.50;.96;7220700;2;5;1.4;0;1;CNPJ;0;60;19;1358.50;0;0;0;0;0;0;0;0;0;0;1198;0;0;0
999997;999997;999997;999;999;999;11;251110;7220;7320;999997;0;4;4;6;99;2;9;44;25;0;0;0;5;999999;520870;10;2062;0;0;2;999997;;.00;2809.09;1.99;7220700;2;5;5.2;0;1;CNPJ;0;10;19;3135.00;3135.00;3135.00;1831.37;0;0;0;0;0;0;0;1198;0;0;0
999997;999997;999997;999;999;999;0;251110;7220;7320;999997;1;4;6;6;6;4;9;44;26;0;0;0;0;999999;520870;10;2062;0;0;8;999997;5301.12;3.75;4677.30;3.31;7220700;1;5;22.1;0;1;CNPJ;0;10;19;5434.00;4226.44;4180.00;4180.00;4180.00;4771.00;4771.00;4771.00;4771.00;4771.00;4771.00;1198;0;0;0
999997;999997;999997;999;999;999;12;251110;7220;7320;999997;0;4;5;6;99;1;9;44;25;0;0;3;6;999999;520870;10;2062;0;0;8;999997;;.00;3397.99;2.40;7220700;2;5;2.9;2;1;CNPJ;0;60;19;0;0;2508.00;4180.00;4180.00;2723.97;0;0;0;0;0;1198;0;0;0
999997;999997;999997;999;999;999;12;251110;7220;7320;999997;0;3;5;6;99;1;9;44;23;0;0;0;2;999999;520870;10;2062;0;0;8;999997;;.00;3135.00;2.22;7220700;2;5;1.8;0;1;CNPJ;0;60;19;3135.00;209.00;0;0;0;0;0;0;0;0;0;1198;0;0;0
999997;999997;999997;999;999;999;12;251110;4221;4531;999997;0;5;3;6;99;1;9;44;31;0;0;8;9;999999;530010;10;2054;0;0;8;999997;;.00;1991.40;1.41;4221902;1;10;.9;2;1;CNPJ;0;10;15;0;0;0;0;0;0;0;516.13;3466.67;0;0;1198;0;0;0
999997;999997;999997;999;999;999;0;251110;7220;7320;999997;1;5;5;4;4;7;9;22;37;0;0;0;0;999999;520870;10;3069;0;0;8;999997;2606.87;1.84;4125.35;2.92;7220700;1;4;112.0;0;1;CNPJ;0;10;19;4873.49;5837.55;4873.49;5458.31;6843.95;5424.06;2582.95;2582.95;2606.87;2606.87;3206.87;1198;0;1;0
999997;999997;999997;999;999;999;0;251110;7220;7320;999997;1;5;6;6;7;2;9;44;30;0;0;8;0;999999;520870;10;2062;0;0;2;999997;6032.77;4.27;5023.35;3.55;7220700;2;5;5.0;2;1;CNPJ;0;10;19;0;0;0;0;0;0;0;4771.00;4771.00;4771.00;4771.00;1198;0;0;0
999997;999997;999997;999;999;999;0;251110;4930;6026;999997;1;5;7;6;7;5;9;44;30;0;0;0;0;999999;520140;10;2062;0;0;8;999997;6168.94;4.36;5887.31;4.16;4930202;2;7;35.0;0;1;CNPJ;0;10;20;5356.00;5517.65;5387.66;6489.40;6009.66;6279.20;5840.67;5772.86;6320.60;5782.37;5722.76;1198;0;0;0
999997;999997;999997;999;999;999;0;251110;8211;7499;999997;1;4;6;6;6;1;9;44;25;0;0;10;0;999999;520870;10;2062;0;0;8;999997;4826.60;3.41;4318.54;3.05;8211300;2;5;2.8;2;1;CNPJ;0;90;19;0;0;0;0;0;0;0;0;0;3629.03;4500.00;1198;0;0;0
999997;999997;999997;999;999;999;12;251110;7220;7320;999997;0;5;5;6;99;1;9;44;30;0;0;0;2;999999;520870;10;2062;0;0;2;999997;;.00;4180.00;2.96;7220700;2;5;2.0;0;1;CNPJ;0;60;19;4180.00;278.67;0;0;0;0;0;0;0;0;0;1198;0;0;0
999997;999997;999997;999;999;999;0;251110;4221;4531;999997;1;4;7;6;8;2;9;44;28;0;0;10;0;999999;530010;10;2054;0;0;2;999997;8370.00;5.92;6510.00;4.61;4221902;1;10;3.0;2;1;CNPJ;0;10;15;0;0;0;0;0;0;0;0;0;6510.00;4650.00;1198;0;0;0
999997;999997;999997;999;999;999;12;251110;7220;7320;999997;0;5;5;6;99;1;9;44;31;0;0;6;7;999999;520870;10;2062;0;0;2;999997;;.00;3587.21;2.54;7220700;1;5;1.2;2;1;CNPJ;0;60;19;0;0;0;0;0;1590.33;5584.08;0;0;0;0;1198;0;0;0
999997;999997;999997;999;999;999;0;251110;8211;7499;999997;1;5;6;6;6;1;9;44;32;0;0;10;0;999999;520870;10;2062;0;0;8;999997;4527.19;3.20;4446.52;3.14;8211300;1;5;2.8;2;1;CNPJ;0;90;19;0;0;0;0;0;0;0;0;0;3812.36;5000.00;1198;0;0;0
999997;999997;999997;999;999;999;12;251110;7220;7320;999997;0;4;6;6;99;1;9;44;28;0;0;6;9;999999;520870;10;2062;0;0;2;999997;;.00;4257.14;3.01;7220700;2;5;2.9;2;1;CNPJ;0;60;19;0;0;0;0;0;1590.33;4771.00;4771.00;5896.22;0;0;1198;0;0;0
999997;999997;999997;999;999;999;21;251110;7220;7320;999997;0;4;6;6;99;1;9;44;27;0;0;8;11;999999;520870;10;2062;0;0;2;999997;;.00;4450.93;3.15;7220700;1;5;2.8;2;1;CNPJ;0;10;19;0;0;0;0;0;0;0;3180.67;4771.00;4771.00;5081.04;1198;0;0;0
999997;999997;999997;999;999;999;12;251110;7220;7320;999997;0;4;5;6;99;1;9;44;27;0;0;0;2;999999;520870;10;2062;0;0;2;999997;;.00;4180.00;2.96;7220700;1;5;2.0;0;1;CNPJ;0;60;19;4180.00;307.17;0;0;0;0;0;0;0;0;0;1198;0;0;0
999997;999997;999997;40;40;999;0;251110;8211;7499;999997;1;6;5;6;6;8;9;44;43;0;0;0;0;999999;530010;10;2062;0;44;8;999997;4310.85;3.05;3894.21;2.75;8211300;2;3;135.6;0;1;CNPJ;0;10;19;3437.44;3634.99;4365.55;3746.81;3746.81;3746.81;4351.14;4149.69;3746.81;3746.81;3746.81;1198;0;0;0
999997;999997;999997;999;999;999;11;251110;8211;7499;999997;0;7;9;6;99;4;11;44;62;0;0;0;8;999999;520870;10;2062;0;0;8;999997;;.00;13242.03;9.37;8211300;2;5;15.2;0;1;CNPJ;0;10;19;11200.00;14000.00;14000.00;14000.00;14853.05;17888.88;14000.00;5994.33;0;0;0;1198;0;0;0
999997;999997;999997;999;999;999;0;251110;7220;7320;999997;1;5;6;6;6;4;9;44;36;0;0;0;0;999999;520870;10;2062;0;0;8;999997;5407.13;3.82;4604.85;3.26;7220700;2;5;18.0;0;1;CNPJ;0;10;19;4505.11;4180.00;4180.00;4180.00;4180.00;4771.00;4771.00;4771.00;4771.00;4771.00;4771.00;1198;0;0;0
999997;999997;999997;999;999;999;0;251110;7220;7320;999997;1;4;6;6;7;4;9;44;27;0;0;0;0;999999;520870;10;2062;0;0;8;999997;5725.20;4.05;4705.87;3.33;7220700;1;5;17.8;0;1;CNPJ;0;10;19;4180.00;4180.00;4180.00;4180.00;4180.00;4771.00;4771.00;5990.26;4771.00;4771.00;4771.00;1198;0;0;0
999997;999997;999997;999;999;999;0;251110;7112;7420;999997;1;5;5;6;5;8;9;44;35;0;0;0;0;999999;530010;10;2062;0;0;2;999997;3300.00;2.33;3091.67;2.18;7112000;1;2;129.7;0;1;CNPJ;0;10;19;3233.33;3333.33;3233.34;3000.00;3000.00;3000.00;3000.00;3000.00;3000.00;3000.00;3000.00;1198;0;0;0
999997;999997;999997;999;999;999;11;251110;8211;7499;999997;0;6;3;6;99;2;9;44;44;0;0;2;6;999999;530010;10;2062;0;0;8;999997;;.00;1671.67;1.18;8211300;1;3;4.1;2;1;CNPJ;0;10;19;0;234.48;1700.00;1700.00;1700.00;1586.67;0;0;0;0;0;1198;0;0;0
999997;999997;999997;999;999;999;0;251110;8411;7511;999997;1;7;4;5;4;8;9;40;57;0;0;0;0;999999;530010;10;1163;0;0;6;999997;2145.08;1.51;2145.08;1.51;8411600;2;10;239.3;0;1;CNPJ;0;30;24;0;0;0;0;0;0;0;0;0;0;0;1198;0;0;0
999997;999997;999997;999;999;999;12;251110;7220;7320;999997;0;5;5;6;99;1;9;44;33;0;0;0;2;999999;520870;10;2062;0;0;8;999997;;.00;3135.00;2.22;7220700;2;5;1.6;0;1;CNPJ;0;60;19;3135.00;209.00;0;0;0;0;0;0;0;0;0;1198;0;0;0
999997;999997;999997;999;999;999;12;251110;7220;7320;999997;0;5;6;6;99;1;9;44;35;0;0;5;7;999999;520870;10;2062;0;0;8;999997;;.00;5451.30;3.86;7220700;2;5;2.9;2;1;CNPJ;0;60;19;0;0;0;0;4180.00;4771.00;7402.89;0;0;0;0;1198;0;0;0
999997;999997;999997;999;999;999;21;251110;4221;4531;999997;0;4;2;6;99;1;9;44;29;0;0;10;10;999999;530010;10;2054;0;0;4;999997;;.00;900.00;.63;4221902;1;10;.2;2;1;CNPJ;0;60;15;0;0;0;0;0;0;0;0;0;900.00;0;1198;0;0;0
999997;999997;999997;999;999;999;11;251110;7220;7320;999997;0;5;6;6;99;3;9;44;34;0;0;0;8;999999;520870;10;2062;0;0;8;999997;;.00;4348.86;3.08;7220700;1;5;9.8;0;1;CNPJ;0;10;19;4180.00;4180.00;4180.00;4180.00;4180.00;4771.00;4771.00;352.77;0;0;0;1198;0;0;0
999997;999997;999997;999;999;999;11;251110;7220;7320;999997;0;5;5;6;99;3;9;44;32;0;0;0;3;999999;520870;10;2062;0;0;8;999997;;.00;3854.89;2.73;7220700;1;5;8.4;0;1;CNPJ;0;10;19;4180.00;4180.00;3204.67;0;0;0;0;0;0;0;0;1198;0;0;0
999997;999997;999997;999;999;999;0;251110;6920;7412;999997;1;6;3;6;3;7;9;44;47;0;1;0;0;999999;500110;10;2135;0;0;8;999997;1630.00;1.15;1630.00;1.15;6920601;1;4;115.0;0;1;CNPJ;0;10;19;1630.00;1630.00;1630.00;1630.00;1630.00;1630.00;1630.00;1630.00;1630.00;1630.00;1630.00;1198;0;0;0
999997;999997;999997;999;999;999;12;251110;7220;7320;999997;0;5;5;6;99;1;9;44;31;0;0;6;9;999999;520870;10;2062;0;0;8;999997;;.00;4145.61;2.93;7220700;2;5;2.9;2;1;CNPJ;0;60;19;0;0;0;0;0;1590.33;4771.00;4771.00;5450.09;0;0;1198;0;0;0
999997;999997;999997;999;999;999;0;251110;7220;7320;999997;1;5;2;99;1;4;9;99;30;0;0;0;0;999999;520870;10;2062;0;0;8;999997;547.11;.38;785.32;.55;7220700;1;5;15.4;0;1;CNPJ;0;10;19;755.14;765.28;261.77;974.36;1363.43;1013.33;759.88;785.85;551.54;547.11;575.51;1198;1;0;0
999997;999997;999997;999;999;999;12;251110;7220;7320;999997;0;4;5;6;99;1;9;44;26;0;0;4;5;999999;520870;10;2062;0;0;8;999997;;.00;2951.56;2.09;7220700;1;5;1.3;2;1;CNPJ;0;60;19;0;0;0;1672.00;4231.12;0;0;0;0;0;0;1198;0;0;0
999997;999997;999997;999;999;999;0;251110;8531;8031;999997;1;5;9;5;8;7;11;40;39;0;0;0;0;999999;520870;10;1104;0;0;2;999997;9713.82;6.87;9991.40;7.07;8531700;1;10;88.4;0;1;CNPJ;0;30;23;9371.82;9371.82;9371.82;9371.82;10055.82;14070.73;9713.82;9713.82;9713.82;9713.82;9713.82;1198;0;0;0
999997;999997;999997;999;999;999;11;251110;7220;7320;999997;0;6;4;6;99;1;9;44;42;0;0;4;5;999999;520870;10;2062;0;0;4;999997;;.00;2565.47;1.82;7220700;1;5;1.1;2;1;CNPJ;0;60;19;0;0;0;1811.33;3319.61;0;0;0;0;0;0;1198;0;0;0
999997;999997;999997;999;999;999;0;251110;7220;7320;999997;1;4;6;6;6;5;9;44;27;0;0;0;0;999999;520870;10;2062;0;0;9;999997;4771.00;3.37;4697.62;3.32;7220700;2;5;26.4;0;1;CNPJ;0;10;19;4505.11;4180.00;4180.00;4180.00;4180.00;4771.00;4771.00;4771.00;4771.00;6255.31;5036.05;1198;0;0;0
999997;999997;999997;999;999;999;0;251110;7112;7420;999997;1;4;5;6;5;3;9;44;27;0;0;6;0;999999;530010;10;2062;0;0;2;999997;4000.00;2.83;3695.24;2.61;7112000;1;6;6.4;2;1;CNPJ;0;10;19;0;0;0;0;0;1866.67;4000.00;4000.00;4000.00;4000.00;4000.00;1198;0;0;0
999997;999997;999997;999;999;999;12;251110;7220;7320;999997;0;4;5;6;99;1;9;44;25;0;0;0;2;999999;520870;10;2062;0;0;8;999997;;.00;3135.00;2.22;7220700;2;5;1.7;0;1;CNPJ;0;60;19;3135.00;209.00;0;0;0;0;0;0;0;0;0;1198;0;0;0
999997;999997;999997;999;999;999;0;251110;7220;7320;999997;1;5;5;6;6;7;9;44;31;0;0;0;0;999999;520870;10;3069;0;0;8;999997;4724.93;3.34;4206.30;2.98;7220700;2;4;100.2;0;1;CNPJ;0;10;19;4548.46;4435.09;2920.75;3271.23;5386.66;3095.99;4500.26;3124.93;4675.26;4124.93;5667.08;1198;0;0;0
999997;999997;999997;999;999;999;12;251110;7220;7320;999997;0;5;5;6;99;1;9;44;30;0;0;0;1;999999;520870;10;2062;0;0;8;999997;;.00;3344.00;2.36;7220700;1;5;1.4;0;1;CNPJ;0;60;19;3344.00;0;0;0;0;0;0;0;0;0;0;1198;0;0;0
999997;999997;999997;40;40;40;0;251110;7112;7420;999997;1;5;8;6;8;5;9;44;30;0;0;0;0;999999;530010;10;2062;0;15;2;999997;7319.47;5.18;7299.11;5.17;7112000;2;7;35.0;0;1;CNPJ;0;10;19;7040.48;7431.62;7040.48;7040.48;7040.48;7040.48;7527.15;8150.21;7319.47;7319.47;7319.47;1198;0;0;0
999997;999997;999997;40;999;999;0;251110;7112;7420;999997;1;4;7;6;7;5;9;44;26;0;0;0;0;999999;530010;10;2062;0;9;8;999997;5922.09;4.19;5875.61;4.16;7112000;1;7;27.2;0;1;CNPJ;0;10;19;6219.30;5751.09;5751.09;5751.09;5751.09;5751.09;5922.09;5922.09;5922.09;5922.09;5922.09;1198;0;0;0
999997;999997;999997;999;999;999;0;251110;7220;7320;999997;1;5;6;6;6;5;9;44;31;0;0;0;0;999999;520870;10;2062;0;0;8;999997;4771.00;3.37;4697.62;3.32;7220700;2;5;26.4;0;1;CNPJ;0;10;19;4505.11;4180.00;4180.00;4180.00;4180.00;4771.00;4771.00;4771.00;4771.00;6255.31;5036.05;1198;0;0;0
999997;999997;999997;999;999;999;0;251110;8411;7511;999997;1;7;5;5;5;8;11;40;55;0;0;0;0;999999;530010;10;1163;0;0;2;999997;3064.40;2.17;3064.40;2.17;8411600;2;10;161.3;0;1;CNPJ;0;30;24;0;0;0;0;0;0;0;0;0;0;0;1198;0;0;0
999997;999997;999997;999;999;999;0;251110;7220;7320;999997;1;5;6;6;7;6;9;44;31;0;0;0;0;999999;520870;10;2062;0;0;8;999997;6553.20;4.64;5492.07;3.89;7220700;1;5;40.0;0;1;CNPJ;0;10;19;5921.67;5225.00;5225.00;5225.00;5225.00;5225.00;5461.00;5461.00;5461.00;5461.00;5461.00;1198;0;0;0
999997;999997;999997;999;999;999;11;251110;7220;7320;999997;0;5;5;6;99;3;9;44;30;0;0;0;2;999999;520870;10;2062;0;0;8;999997;;.00;3831.67;2.71;7220700;1;5;6.5;0;1;CNPJ;0;10;19;4180.00;3483.33;0;0;0;0;0;0;0;0;0;1198;0;0;0
999997;999997;999997;999;999;999;12;251110;7220;7320;999997;0;4;3;6;99;1;9;44;29;0;0;0;1;999999;520870;10;2062;0;0;8;999997;;.00;1811.33;1.28;7220700;2;5;1.4;0;1;CNPJ;0;60;19;1811.33;0;0;0;0;0;0;0;0;0;0;1198;0;0;0
999997;999997;999997;999;999;999;12;251110;7220;7320;999997;0;3;5;6;99;1;9;44;24;0;0;0;2;999999;520870;10;2062;0;0;4;999997;;.00;3135.00;2.22;7220700;2;5;2.0;0;1;CNPJ;0;60;19;3135.00;209.00;0;0;0;0;0;0;0;0;0;1198;0;0;0
999997;999997;999997;40;999;999;0;251110;7220;7320;999997;1;5;6;6;6;5;9;44;35;0;0;0;0;999999;520870;10;2062;0;7;8;999997;5461.00;3.86;5434.92;3.85;7220700;2;5;26.0;0;1;CNPJ;0;10;19;6328.05;5225.00;5225.00;5225.00;5225.00;5225.00;5461.00;5461.00;5461.00;5461.00;5461.00;1198;0;0;0
999997;999997;999997;999;999;999;12;251110;7220;7320;999997;0;5;5;6;99;1;9;44;34;0;0;0;2;999999;520870;10;2062;0;0;8;999997;;.00;4180.00;2.96;7220700;2;5;1.9;0;1;CNPJ;0;60;19;4180.00;278.67;0;0;0;0;0;0;0;0;0;1198;0;0;0
999997;999997;999997;999;999;999;0;251110;7112;7420;999997;1;5;5;6;6;2;10;44;33;0;0;9;0;999999;530010;10;2062;0;0;2;999997;4425.33;3.13;3614.02;2.56;7112000;1;7;3.2;2;1;CNPJ;0;10;19;0;0;0;0;0;0;0;0;1180.09;4425.33;4425.33;1198;0;0;0
999997;999997;999997;999;999;999;90;251110;7220;7320;999997;0;8;8;6;99;8;9;44;69;0;0;0;5;999999;520870;10;3069;0;0;2;999997;;.00;7943.71;5.62;7220700;1;4;120.8;0;1;CNPJ;0;10;19;8296.99;9311.07;8942.31;9292.62;3875.57;0;0;0;0;0;0;1198;0;0;0
999997;999997;999997;999;999;999;0;251110;7112;7420;999997;1;5;8;6;8;7;9;44;32;0;0;0;0;999999;530010;10;2062;0;0;8;999997;8169.65;5.78;8210.42;5.81;7112000;1;6;95.9;0;1;CNPJ;0;10;19;7838.10;7838.10;7838.10;7838.10;7838.10;7838.10;7838.10;7838.10;8169.65;9495.85;9985.13;1198;0;0;0
999997;999997;999997;999;999;999;11;251110;7220;7320;999997;0;5;5;6;99;3;9;44;33;0;0;0;5;999999;520870;10;2062;0;0;2;999997;;.00;3644.93;2.58;7220700;1;5;7.4;0;1;CNPJ;0;10;19;4180.00;4180.00;4180.00;2039.70;0;0;0;0;0;0;0;1198;0;0;0
999997;999997;999997;999;999;999;0;251110;8211;7499;999997;1;5;5;6;6;1;9;44;31;0;0;10;0;999999;520870;10;2062;0;0;8;999997;5286.28;3.74;4084.67;2.89;8211300;1;5;2.5;2;1;CNPJ;0;60;19;0;0;0;0;0;0;0;0;0;2467.74;4500.00;1198;0;0;0
999997;999997;999997;999;999;999;12;251110;7220;7320;999997;0;6;5;6;99;1;9;44;42;0;0;0;3;999999;520870;10;2062;0;0;8;999997;;.00;3204.67;2.27;7220700;2;5;2.9;0;1;CNPJ;0;60;19;4180.00;4180.00;1254.00;0;0;0;0;0;0;0;0;1198;0;0;0
999997;999997;999997;10;999;999;0;251110;7220;7320;999997;1;5;99;6;99;4;9;44;31;0;0;0;0;999999;520870;10;2062;0;116;8;999997;;.00;.00;.00;7220700;1;5;16.7;0;1;CNPJ;0;10;19;0;0;0;0;0;0;0;0;0;0;0;1198;0;0;0
999997;999997;999997;999;999;999;11;251110;7220;7320;999997;0;4;5;6;99;2;9;44;28;0;0;4;8;999999;520870;10;2062;0;0;2;999997;;.00;4148.12;2.93;7220700;2;5;3.9;2;1;CNPJ;0;10;19;0;0;0;1950.67;4180.00;4771.00;4771.00;5067.94;0;0;0;1198;0;0;0
999997;999997;999997;50;999;999;11;251110;7220;7320;999997;0;5;6;6;99;4;9;44;36;0;0;0;8;999999;520870;10;2062;0;82;8;999997;;.00;4667.24;3.30;7220700;2;5;17.5;0;1;CNPJ;0;10;19;5225.00;5225.00;5225.00;5225.00;5225.00;5225.00;5461.00;526.91;0;0;0;1198;0;0;0
999997;999997;999997;999;999;999;0;251110;7220;7320;999997;1;5;99;99;99;4;9;99;39;0;1;0;0;999999;330455;10;2062;0;0;2;999997;;.00;.00;.00;7220700;2;5;19.5;0;1;CNPJ;0;10;19;0;0;0;0;0;0;0;0;0;0;0;1198;1;0;0
999997;999997;999997;999;999;999;0;251110;7220;7320;999997;1;5;99;99;99;7;9;99;33;0;1;0;0;999999;330455;10;2062;0;0;2;999997;;.00;.00;.00;7220700;2;5;77.9;0;1;CNPJ;0;10;19;0;0;0;0;0;0;0;0;0;0;0;1198;1;0;0
999997;999997;999997;999;999;999;11;251110;8291;7499;999997;0;7;2;5;99;4;9;40;53;0;1;0;6;999999;310620;10;2062;0;0;2;999997;;.00;1412.00;1.00;8291100;1;2;12.0;0;1;CNPJ;0;10;19;1412.00;1412.00;1412.00;1412.00;1412.00;1412.00;0;0;0;0;0;1198;0;0;0
999997;999997;999997;999;999;999;0;251110;8531;8031;999997;1;8;10;5;10;8;10;40;73;0;0;0;0;999999;330455;10;1104;0;0;2;999997;15560.55;11.02;16085.67;11.39;8531700;2;10;594.0;0;1;CNPJ;0;30;23;15218.55;15218.55;15218.55;15218.55;15902.55;22888.01;15560.55;15560.55;15560.55;15560.55;15560.55;1198;0;0;0
999997;999997;999997;999;999;999;0;251110;7119;7420;999997;1;4;5;6;5;3;9;44;28;0;0;3;0;999999;310620;10;2062;0;0;2;999997;3614.52;2.55;3437.26;2.43;7119702;1;6;9.4;2;1;CNPJ;0;10;19;0;0;1633.33;3830.42;3500.00;3500.00;3839.15;3613.05;3613.05;3614.52;3614.52;1198;0;0;0
999997;999997;999997;999;999;999;0;251110;8531;8031;999997;1;5;8;5;8;7;10;40;39;0;0;0;0;999999;330455;10;1104;0;0;2;999997;9713.82;6.87;9876.91;6.99;8531700;1;10;98.2;0;1;CNPJ;0;30;23;9044.73;9044.73;9044.73;9044.73;9728.73;13580.09;9713.82;10466.13;9713.82;9713.82;9713.82;1198;0;0;0
999997;999997;999997;999;999;999;0;251110;7220;7320;999997;1;4;2;99;2;1;9;99;25;0;1;12;0;999999;330455;10;2062;0;0;2;999997;799.40;.56;799.40;.56;7220700;2;5;.4;2;1;CNPJ;0;10;19;0;0;0;0;0;0;0;0;0;0;0;1198;1;0;0
999997;999997;999997;999;999;999;21;251110;7220;7320;999997;0;6;5;99;4;7;9;99;41;0;1;0;12;999999;330455;10;2062;0;0;2;999997;2447.10;1.73;3848.14;2.72;7220700;1;5;60.5;0;1;CNPJ;0;10;19;0;0;0;0;0;0;4665.19;4358.16;3936.63;4128.13;3553.61;1198;1;0;0
999997;999997;999997;999;999;999;0;251110;8211;7499;999997;1;5;5;6;6;2;9;44;33;0;1;9;0;999999;310620;10;2135;0;0;2;999997;4800.00;3.39;4160.00;2.94;8211300;1;2;3.4;2;1;CNPJ;0;10;19;0;0;0;0;0;0;0;0;2240.00;4800.00;4800.00;1198;0;0;0
999997;999997;999997;999;999;999;0;251110;7119;7420;999997;1;4;5;6;6;4;9;44;28;0;0;0;0;999999;310620;10;2062;0;0;8;999997;4317.86;3.05;3680.26;2.60;7119702;1;6;19.4;0;1;CNPJ;0;10;19;3500.00;3500.00;3500.00;3830.42;3500.00;3500.00;3839.15;3613.05;3833.62;3614.52;3614.52;1198;0;0;0
999997;999997;999997;999;999;999;0;251110;7220;7320;999997;1;5;99;99;99;7;9;99;34;0;1;0;0;999999;330455;10;2062;0;0;2;999997;;.00;.00;.00;7220700;1;5;69.5;0;1;CNPJ;0;10;19;0;0;0;0;0;0;0;0;0;0;0;1198;1;0;0
999997;999997;999997;999;999;999;21;251110;7490;7416;999997;0;5;99;99;99;5;10;99;36;0;0;0;1;999999;330455;10;2062;0;0;8;999997;;.00;.00;.00;7490103;1;7;33.9;0;1;CNPJ;0;10;19;0;0;0;0;0;0;0;0;0;0;0;1198;1;0;0
999997;999997;999997;999;999;999;0;251110;6920;7412;999997;1;5;5;6;5;1;9;44;32;0;1;10;0;999999;320530;10;2062;0;0;2;999997;3253.68;2.30;3000.62;2.12;6920601;2;4;2.7;2;1;CNPJ;0;10;19;0;0;0;0;0;0;0;0;0;2494.49;3253.68;1198;0;0;0
999997;999997;999997;999;999;999;0;251110;6920;7412;999997;1;7;5;6;5;7;9;44;50;0;1;0;0;999999;320530;10;2062;0;0;2;999997;4206.37;2.97;3461.35;2.45;6920601;2;4;62.3;0;1;CNPJ;0;10;19;3470.60;3253.68;3253.68;3253.68;3253.68;3253.68;3940.57;3253.68;3253.68;3571.45;3571.45;1198;0;0;0
999997;999997;999997;999;999;999;0;251110;8411;7511;999997;1;4;7;5;7;5;9;40;27;0;0;0;0;999999;310620;10;1104;0;0;2;999997;5919.30;4.19;5885.69;4.16;8411600;2;10;35.0;0;1;CNPJ;0;30;24;5392.64;5392.64;5392.64;5392.64;6076.64;8013.10;5734.64;5734.64;5740.80;5919.30;5919.30;1198;0;0;0
999997;999997;999997;999;999;999;11;251110;7119;7420;999997;0;5;5;6;99;6;9;44;32;0;1;0;10;999999;320120;10;2062;0;0;2;999997;;.00;3899.13;2.76;7119701;1;2;54.9;0;1;CNPJ;0;10;19;4430.83;5661.61;4676.99;1329.25;3101.58;4430.83;4430.83;5760.08;4578.52;590.78;0;1198;0;0;0
999997;999997;999997;40;999;999;0;251110;7119;7420;999997;1;5;6;6;6;6;9;44;38;0;0;0;0;999999;310620;10;2062;0;1;8;999997;5173.73;3.66;5449.40;3.86;7119702;1;6;46.7;0;1;CNPJ;0;10;19;6732.28;5000.00;5000.00;5472.03;5000.00;5000.00;5484.50;5161.50;6090.32;6104.72;5173.73;1198;0;0;0
999997;999997;999997;50;999;999;0;251110;8411;7511;999997;1;5;3;5;3;8;9;40;32;0;0;0;0;999999;310230;10;1066;0;120;9;999997;1818.34;1.28;1765.25;1.24;8411600;2;4;142.4;0;1;CNPJ;0;35;24;1515.30;1515.30;1725.30;1818.34;1818.34;1818.34;1880.38;1818.34;1818.34;1818.34;1818.34;1198;0;0;0
999997;999997;999997;999;999;999;0;251110;4782;5233;999997;1;3;3;6;5;3;9;44;20;0;1;5;0;999999;330320;10;2062;0;0;8;999997;3645.20;2.58;2080.74;1.47;4782201;2;4;7.0;2;1;CNPJ;0;10;16;0;0;0;0;108.93;1800.00;1860.00;1860.00;1800.00;1800.00;1800.00;1198;0;0;0
999997;999997;999997;999;999;999;0;251110;7220;7320;999997;1;5;6;5;6;4;11;40;32;0;0;0;0;999999;310620;10;2062;0;0;4;999997;5364.74;3.79;5253.41;3.71;7220700;1;3;23.0;0;1;CNPJ;0;10;19;4800.00;4800.00;5689.32;5362.92;5362.92;5269.65;4963.20;5245.63;6256.11;4963.20;4963.20;1198;0;0;0
999997;999997;999997;999;999;999;12;251110;4782;5233;999997;0;3;3;6;3;1;9;44;20;0;1;11;12;999999;330320;10;2062;0;0;8;999997;1572.66;1.11;1476.33;1.04;4782201;2;4;1.5;2;1;CNPJ;0;60;16;0;0;0;0;0;0;0;0;0;0;1380.00;1198;0;0;0
999997;999997;999997;999;999;999;0;251110;8531;8031;999997;1;6;9;5;10;7;11;40;41;0;0;0;0;999999;330455;10;1104;0;0;2;999997;17709.34;12.54;12459.04;8.82;8531700;1;10;118.2;0;1;CNPJ;0;30;23;11379.44;11379.44;11797.56;11797.56;12481.56;12139.56;12265.72;12139.56;12139.56;12139.56;12139.56;1198;0;0;0
999997;999997;999997;999;999;999;11;251110;4782;5233;999997;0;4;3;6;99;2;9;44;28;0;1;5;11;999999;330320;10;2062;0;0;8;999997;;.00;1650.26;1.16;4782201;2;4;5.5;2;1;CNPJ;0;10;16;0;0;0;0;108.93;1800.00;1831.30;1860.00;1800.00;960.00;0;1198;0;0;0
999997;999997;999997;999;999;999;11;251110;7112;7420;999997;0;5;6;6;99;1;9;44;37;0;1;2;4;999999;330555;10;2062;0;0;8;999997;;.00;5316.96;3.76;7112000;1;4;2.7;2;1;CNPJ;0;60;19;0;4279.51;5835.69;5835.69;0;0;0;0;0;0;0;1198;0;0;0
999997;999997;999997;999;999;999;11;251110;7220;7320;999997;0;6;99;99;99;6;9;99;44;0;1;0;7;999999;330455;10;2062;0;0;2;999997;;.00;.00;.00;7220700;1;5;58.4;0;1;CNPJ;0;10;19;0;0;0;0;0;0;0;0;0;0;0;1198;1;0;0
999997;999997;999997;999;999;999;21;251110;8411;7511;999997;0;4;5;4;99;7;9;25;29;0;0;0;11;999999;315780;10;1244;0;0;8;999997;;.00;3789.84;2.68;8411600;2;10;63.5;0;1;CNPJ;0;30;24;3661.89;3661.89;4316.67;3522.85;4248.79;3925.82;4426.12;4446.12;4466.12;4197.71;814.22;1198;0;0;0
999997;999997;999997;999;999;999;0;251110;4774;5249;999997;1;6;3;6;3;1;9;42;40;0;1;11;0;999999;320310;10;2135;0;0;2;999997;1537.00;1.08;1537.00;1.08;4774100;2;2;2.0;2;1;CNPJ;0;10;16;0;0;0;0;0;0;0;0;0;0;1537.00;1198;0;0;0
999997;999997;999997;999;999;999;0;251110;8411;7511;999997;1;8;7;5;7;8;9;40;72;0;0;0;0;999999;313760;10;1244;0;0;2;999997;6802.69;4.81;6952.82;4.92;8411600;2;10;495.0;0;1;CNPJ;0;31;24;5864.38;5864.38;6802.69;7079.48;7936.46;6802.69;6802.69;6802.69;6802.69;6802.69;9070.25;1198;0;0;0
999997;999997;999997;999;999;999;0;251110;7220;7320;999997;1;6;99;99;99;7;9;99;44;0;1;0;0;999999;330455;10;2062;0;0;4;999997;;.00;.00;.00;7220700;2;5;77.0;0;1;CNPJ;0;10;19;0;0;0;0;0;0;0;0;0;0;0;1198;1;0;0
999997;999997;999997;999;999;999;0;251110;8531;8031;999997;1;6;9;5;9;8;11;40;43;0;0;0;0;999999;330455;10;1104;0;0;2;999997;13494.40;9.55;14059.65;9.95;8531700;2;10;160.4;0;1;CNPJ;0;30;23;13152.40;13152.40;13152.40;13152.40;13836.40;19741.60;13494.40;13494.40;13494.40;15056.20;13494.40;1198;0;0;0
999997;999997;999997;999;999;999;21;251110;7112;7420;999997;0;5;8;6;99;3;9;44;38;0;1;4;10;999999;330555;10;2062;0;0;8;999997;;.00;8925.26;6.32;7112000;1;4;6.0;2;1;CNPJ;0;10;19;0;0;0;566.67;9770.28;10129.68;10915.42;10569.19;12025.56;8500.00;0;1198;0;0;0
999997;999997;999997;999;999;999;0;251110;8531;8031;999997;1;5;9;5;9;7;10;40;35;0;0;0;0;999999;330455;10;1104;0;0;2;999997;12574.01;8.90;11735.15;8.31;8531700;1;10;118.2;0;1;CNPJ;0;30;23;10374.17;10374.17;10753.11;10753.11;11437.11;11095.11;11208.96;15917.61;11186.38;12574.01;12574.01;1198;0;0;0
999997;999997;999997;999;999;999;0;251110;7220;7320;999997;1;7;99;99;99;6;9;99;51;0;1;0;0;999999;330455;10;2062;0;0;8;999997;;.00;.00;.00;7220700;1;5;59.4;0;1;CNPJ;0;10;19;0;0;0;0;0;0;0;0;0;0;0;1198;1;0;0
999997;999997;999997;999;999;999;11;251110;7220;7320;999997;0;4;99;99;99;7;9;99;29;0;1;0;12;999999;330455;10;2062;0;0;2;999997;;.00;.00;.00;7220700;2;5;77.9;0;1;CNPJ;0;10;19;0;0;0;0;0;0;0;0;0;0;0;1198;1;0;0
999997;999997;999997;999;999;999;12;251110;7820;7450;999997;0;5;8;5;99;3;9;40;38;0;0;0;4;999999;310620;10;2062;0;0;8;999997;;.00;9093.14;6.44;7820500;1;9;8.8;0;1;CNPJ;0;50;19;11527.96;7860.01;7860.01;9124.58;0;0;0;0;0;0;0;1198;0;0;0
999997;999997;999997;999;999;999;11;251110;4782;5233;999997;0;5;1;6;1;1;9;44;36;0;1;11;12;999999;330320;10;2062;0;0;8;999997;600.00;.42;600.00;.42;4782201;2;4;.6;2;1;CNPJ;0;60;16;0;0;0;0;0;0;0;0;0;0;600.00;1198;0;0;0
999997;999997;999997;999;999;999;21;251110;1351;1741;999997;0;3;2;8;99;2;9;54;18;0;1;5;9;999999;320120;10;2062;0;0;2;999997;;.00;1067.84;.75;1351100;2;3;3.6;2;1;CNPJ;0;10;11;0;0;0;0;423.87;1460.00;1460.00;1460.00;535.33;0;0;1198;0;0;0
999997;999997;999997;999;999;999;0;251110;7220;7320;999997;1;4;5;99;5;5;9;99;26;0;1;0;0;999999;330455;10;2062;0;0;4;999997;3007.73;2.13;3420.33;2.42;7220700;2;5;28.6;0;1;CNPJ;0;10;19;4730.75;3914.33;3230.06;3721.96;3542.06;3230.06;2999.36;2530.93;3395.25;3672.95;3068.56;1198;1;0;0
999997;999997;999997;999;999;999;11;251110;8411;7511;999997;0;5;5;4;5;5;9;30;38;0;0;0;12;999999;310420;10;1244;0;0;8;999997;3301.97;2.33;3301.97;2.33;8411600;2;10;24.8;0;1;CNPJ;0;31;24;3301.97;3301.97;3301.97;3301.97;3301.97;3301.97;3301.97;3301.97;3301.97;3301.97;3301.97;1198;0;0;0
999997;999997;999997;999;999;999;11;251110;8211;7499;999997;0;4;5;6;99;4;9;44;29;0;1;0;9;999999;310620;10;2135;0;0;8;999997;;.00;4000.00;2.83;8211300;2;2;13.0;0;1;CNPJ;0;10;19;4000.00;4000.00;4000.00;4000.00;4000.00;4000.00;4000.00;4000.00;133.33;0;0;1198;0;0;0
999997;999997;999997;999;999;999;0;251110;7220;7320;999997;1;5;5;99;6;7;9;99;37;0;1;0;0;999999;330455;10;2062;0;0;2;999997;4704.85;3.33;4151.94;2.94;7220700;1;5;77.4;0;1;CNPJ;0;10;19;3383.37;3370.61;3856.42;4715.29;5803.11;4565.88;0;3996.41;3260.25;3224.48;4790.68;1198;1;0;0
999997;999997;999997;999;999;999;21;251110;7220;7320;999997;0;3;5;99;99;1;9;99;23;0;1;11;12;999999;330455;10;2062;0;0;6;999997;;.00;3698.54;2.61;7220700;1;5;.7;2;1;CNPJ;0;10;19;0;0;0;0;0;0;0;0;0;0;3698.54;1198;1;0;0
999997;999997;999997;40;999;999;11;251110;7112;7420;999997;0;5;6;6;99;5;10;44;35;0;0;0;9;999999;310620;10;2240;0;14;8;999997;;.00;4522.31;3.20;7112000;2;5;26.4;0;1;CNPJ;0;10;19;4971.09;4971.09;4971.09;5523.43;4971.09;4971.09;4971.09;828.52;0;0;0;1198;0;0;0
999997;999997;999997;999;999;999;11;251110;4782;5233;999997;0;4;2;6;2;1;9;44;28;0;1;11;12;999999;330320;10;2062;0;0;8;999997;1020.00;.72;1290.00;.91;4782201;2;4;1.4;2;1;CNPJ;0;60;16;0;0;0;0;0;0;0;0;0;0;1560.00;1198;0;0;0
999997;999997;999997;999;999;999;0;251110;4781;5232;999997;1;3;3;6;3;1;9;43;24;0;1;12;0;999999;320120;10;2062;0;0;2;999997;1856.71;1.31;1856.71;1.31;4781400;2;3;.7;2;1;CNPJ;0;60;16;0;0;0;0;0;0;0;0;0;0;0;1198;0;0;0
999997;999997;999997;40;40;999;11;251110;8411;7511;999997;0;6;5;5;5;5;9;40;48;0;0;0;12;999999;310420;10;1244;0;4;8;999997;3301.97;2.33;3393.69;2.40;8411600;1;10;25.4;0;1;CNPJ;0;31;24;3301.97;3301.97;3301.97;3301.97;3301.97;3301.97;3301.97;3301.97;4402.61;3301.97;3301.97;1198;0;0;0
999997;999997;999997;999;999;999;0;251110;115;9999;999997;1;3;99;6;99;6;9;44;23;0;0;0;0;999999;314980;10;9999;0;0;2;999997;;.00;.00;.00;115600;1;2;42.0;0;5;CAEPF;0;15;25;0;0;0;0;0;0;0;0;0;0;0;1198;0;0;0
999997;999997;999997;999;999;999;0;251110;7220;7320;999997;1;4;5;5;5;4;9;40;29;0;0;0;0;999999;310620;10;2062;0;0;8;999997;4173.25;2.95;3940.34;2.79;7220700;2;3;17.9;0;1;CNPJ;0;10;19;4047.12;3800.00;4009.76;3869.92;3869.92;3869.92;4164.53;3869.92;3869.92;3869.92;3869.92;1198;0;0;0
999997;999997;999997;999;999;999;11;251110;8411;7511;999997;0;5;5;4;5;4;9;30;34;0;0;0;12;999999;310420;10;1244;0;0;8;999997;3301.97;2.33;3393.69;2.40;8411600;1;10;21.5;0;1;CNPJ;0;31;24;3301.97;3301.97;3301.97;3301.97;3301.97;3301.97;3301.97;4402.62;3301.97;3301.97;3301.97;1198;0;0;0
999997;999997;999997;999;999;999;0;251110;7220;7320;999997;1;5;6;6;6;7;9;44;32;0;1;0;0;999999;330455;10;2062;0;0;8;999997;5493.00;3.89;5529.05;3.91;7220700;1;5;95.9;0;1;CNPJ;0;10;19;5107.27;4649.98;5773.29;5569.04;5725.08;4955.38;5086.81;4137.44;4214.76;6408.74;9227.85;1198;0;0;0
999997;999997;999997;999;999;999;0;251110;7119;7420;999997;1;5;8;6;8;7;9;44;36;0;0;0;0;999999;310620;10;2062;0;0;8;999997;7479.47;5.29;7153.24;5.06;7119702;1;6;60.9;0;1;CNPJ;0;10;19;8588.16;6366.86;6797.49;6366.86;6366.86;6366.86;6983.81;6572.51;7311.51;8235.26;8403.21;1198;0;0;0
999997;999997;999997;999;999;999;0;251110;2391;2691;999997;1;3;4;7;5;3;9;45;24;0;1;5;0;999999;320503;10;2062;0;0;2;999997;3059.74;2.16;2285.27;1.61;2391503;2;4;7.2;2;1;CNPJ;0;10;2;0;0;0;0;533.48;2102.80;2259.66;2121.13;2502.26;3024.17;2678.88;1198;0;0;0
999997;999997;999997;999;999;999;0;251110;6821;7031;999997;1;7;5;8;5;6;9;48;56;0;0;0;0;999999;330330;10;2062;0;0;2;999997;3730.94;2.64;3892.40;2.75;6821801;2;2;51.2;0;1;CNPJ;0;10;19;3615.25;3615.25;3615.25;4450.65;4092.33;3730.94;3730.94;4934.47;3730.94;3730.94;3730.94;1198;0;0;0
999997;999997;999997;999;999;999;0;251110;7220;7320;999997;1;6;7;5;7;3;11;40;43;0;0;6;0;999999;310620;10;2062;0;0;2;999997;6679.83;4.73;6568.58;4.65;7220700;1;3;6.9;2;1;CNPJ;0;10;19;0;0;0;0;0;6259.16;6208.63;6244.26;7663.25;6406.25;6518.69;1198;0;0;0
999997;999997;999997;999;999;999;0;251110;7119;7420;999997;1;5;6;6;6;6;9;44;32;0;1;0;0;999999;320120;10;2062;0;0;8;999997;4430.83;3.13;4553.91;3.22;7119701;1;2;50.1;0;1;CNPJ;0;10;19;4430.83;4430.83;5464.69;4873.91;4430.83;4430.83;4430.83;4430.83;4430.83;4430.83;4430.83;1198;0;0;0
999997;999997;999997;999;999;999;0;251110;4744;5244;999997;1;7;5;6;6;8;9;44;54;0;1;0;0;999999;310620;10;2062;0;0;8;999997;4276.71;3.02;3786.53;2.68;4744002;1;3;211.0;0;1;CNPJ;0;10;16;3541.20;3557.31;3250.03;3742.38;3766.35;3970.75;3856.57;3516.40;4521.74;3804.42;3634.53;1198;0;0;0
999997;999997;999997;999;999;999;12;251110;4782;5233;999997;0;5;2;6;3;1;9;44;39;0;1;11;12;999999;330320;10;2062;0;0;8;999997;1800.00;1.27;1350.00;.95;4782201;2;4;1.5;2;1;CNPJ;0;60;16;0;0;0;0;0;0;0;0;0;0;900.00;1198;0;0;0
999997;999997;999997;999;999;999;0;251110;4789;5249;999997;1;3;2;4;2;1;9;30;18;0;1;11;0;999999;312230;10;2062;0;0;2;999997;1360.95;.96;1360.95;.96;4789099;1;3;1.2;2;1;CNPJ;0;20;16;0;0;0;0;0;0;0;0;0;0;272.19;1198;0;0;0
999997;999997;999997;999;999;999;0;251110;4782;5233;999997;1;4;4;6;5;3;9;44;25;0;1;5;0;999999;330320;10;2062;0;0;8;999997;4033.29;2.85;2162.35;1.53;4782201;2;4;7.0;2;1;CNPJ;0;10;16;0;0;0;0;108.93;1850.34;1944.58;1860.00;1848.21;1800.00;1800.00;1198;0;0;0
999997;999997;999997;999;999;999;0;251110;8550;7416;999997;1;8;3;1;3;3;9;10;71;0;0;6;0;999999;310620;10;3999;0;0;2;999997;1541.09;1.09;1491.54;1.05;8550302;2;10;6.9;2;1;CNPJ;0;10;19;0;0;0;0;0;1315.94;1409.94;1457.87;1633.78;1541.09;1541.09;1198;0;0;0
999997;999997;999997;999;999;999;0;251110;7220;7320;999997;1;5;99;99;99;7;9;99;31;0;1;0;0;999999;330455;10;2062;0;0;2;999997;;.00;.00;.00;7220700;2;5;73.7;0;1;CNPJ;0;10;19;0;0;0;0;0;0;0;0;0;0;0;1198;1;0;0
999997;999997;999997;999;999;999;0;251110;7220;7320;999997;1;5;99;99;99;5;9;99;31;0;1;0;0;999999;330455;10;2062;0;0;2;999997;;.00;.00;.00;7220700;2;5;28.7;0;1;CNPJ;0;10;19;0;0;0;0;0;0;0;0;0;0;0;1198;1;0;0
999997;999997;999997;999;999;999;0;251110;6810;7010;999997;1;6;6;6;7;7;9;44;48;0;0;0;0;999999;320490;10;2054;0;0;8;999997;5814.53;4.11;5176.10;3.66;6810203;1;6;78.8;0;1;CNPJ;0;10;19;5194.10;4819.27;4819.27;4819.27;5461.84;5284.37;5037.08;5037.08;5484.82;5260.95;5080.65;1198;0;0;0
999997;999997;999997;999;999;999;0;251110;4781;5232;999997;1;6;3;5;3;1;9;40;42;0;1;12;0;999999;320120;10;2062;0;0;2;999997;1776.48;1.25;1776.48;1.25;4781400;2;3;.5;2;1;CNPJ;0;60;16;0;0;0;0;0;0;0;0;0;0;0;1198;0;0;0
999997;999997;999997;999;999;999;0;251110;4781;5232;999997;1;5;5;7;5;1;9;45;32;0;1;11;0;999999;320120;10;2062;0;0;2;999997;2948.90;2.08;2948.90;2.08;4781400;2;3;1.1;2;1;CNPJ;0;60;16;0;0;0;0;0;0;0;0;0;0;257.93;1198;0;0;0
999997;999997;999997;999;999;999;0;251110;8531;8031;999997;1;5;8;5;8;7;10;40;33;0;0;0;0;999999;330455;10;1104;0;0;2;999997;9713.82;6.87;9791.78;6.93;8531700;2;10;74.5;0;1;CNPJ;0;30;23;9044.73;9044.73;9044.73;9044.73;9728.73;13580.09;9386.73;9386.73;9386.73;10425.76;9713.82;1198;0;0;0
999997;999997;999997;999;999;999;0;251110;4781;5232;999997;1;6;3;5;3;1;9;40;48;0;1;12;0;999999;320500;10;2062;0;0;2;999997;1857.63;1.31;1857.63;1.31;4781400;2;2;.8;2;1;CNPJ;0;60;16;0;0;0;0;0;0;0;0;0;0;0;1198;0;0;0
999997;999997;999997;999;999;999;0;251110;8531;8031;999997;1;5;9;5;9;7;9;40;38;0;0;0;0;999999;330455;10;1104;0;0;2;999997;10351.47;7.33;10660.15;7.55;8531700;2;10;101.0;0;1;CNPJ;0;30;23;9658.45;10009.47;10064.28;10009.47;10693.47;15027.20;10351.47;10351.47;10351.47;10702.11;10351.47;1198;0;0;0
999997;999997;999997;999;999;999;0;251110;4759;5243;999997;1;3;2;5;3;1;9;40;20;0;1;10;0;999999;320120;10;2062;0;0;2;999997;1786.61;1.26;1348.45;.95;4759801;2;2;2.2;2;1;CNPJ;0;60;16;0;0;0;0;0;0;0;0;0;423.87;1834.86;1198;0;0;0
999997;999997;999997;999;999;999;0;251110;4781;5232;999997;1;3;3;8;3;1;9;48;18;0;1;12;0;999999;320120;10;2062;0;0;2;999997;1976.04;1.39;1976.04;1.39;4781400;2;3;1.0;2;1;CNPJ;0;60;16;0;0;0;0;0;0;0;0;0;0;0;1198;0;0;0
999997;999997;999997;999;999;999;0;251110;7220;7320;999997;1;4;7;5;7;4;11;40;29;0;0;0;0;999999;310620;10;2062;0;0;2;999997;6220.12;4.40;5663.60;4.00;7220700;1;3;23.0;0;1;CNPJ;0;10;19;6464.89;4800.00;6552.38;6394.02;5970.27;5599.39;4963.20;5151.48;5802.69;5081.54;4963.20;1198;0;0;0
999997;999997;999997;999;999;999;0;251110;8531;8031;999997;1;6;9;5;8;8;9;40;48;0;0;0;0;999999;330455;10;1104;0;0;4;999997;9685.01;6.85;10368.41;7.34;8531700;2;10;178.9;0;1;CNPJ;0;30;23;9343.01;9343.01;9343.01;9343.01;11112.41;15112.91;9685.01;10770.41;9685.01;9685.01;11313.11;1198;0;0;0
999997;999997;999997;999;999;999;21;251110;7220;7320;999997;0;4;99;99;99;4;9;99;28;0;1;0;8;999999;330455;10;2062;0;0;2;999997;;.00;.00;.00;7220700;2;5;15.1;0;1;CNPJ;0;10;19;0;0;0;0;0;0;0;0;0;0;0;1198;1;0;0
999997;999997;999997;999;999;999;0;251110;4782;5233;999997;1;4;4;6;7;2;9;44;27;0;1;8;0;999999;330320;10;2062;0;0;8;999997;5661.53;4.00;2736.27;1.93;4782201;2;4;4.9;2;1;CNPJ;0;10;16;0;0;0;0;0;0;0;1740.00;2430.59;1906.33;1942.89;1198;0;0;0
999997;999997;999997;999;999;999;0;251110;7112;7420;999997;1;5;7;6;7;1;9;44;38;0;1;11;0;999999;330555;10;2062;0;0;4;999997;5997.79;4.24;5997.79;4.24;7112000;1;4;1.8;2;1;CNPJ;0;60;19;0;0;0;0;0;0;0;0;0;0;0;1198;0;0;0
999997;999997;999997;999;999;999;0;251110;4782;5233;999997;1;4;4;6;6;3;9;44;29;0;1;5;0;999999;330320;10;2062;0;0;8;999997;4304.39;3.04;2186.59;1.54;4782201;2;4;7.0;2;1;CNPJ;0;10;16;0;0;0;0;108.93;1800.00;1860.00;1800.00;1827.53;1800.00;1914.23;1198;0;0;0
999997;999997;999997;999;999;999;0;251110;710;1310;999997;1;5;7;6;7;5;9;44;35;0;0;0;0;999999;315680;10;2062;0;0;8;999997;5723.30;4.05;5859.85;4.15;710301;1;6;30.7;0;1;CNPJ;0;10;1;5500.00;5561.11;6477.78;5500.00;5500.00;5500.00;7149.99;6050.00;5500.00;6132.68;5723.30;1198;0;0;0
999997;999997;999997;999;999;999;0;251110;230;9999;999997;1;5;7;99;7;8;9;99;38;0;0;0;0;999999;314800;10;2062;0;0;4;999997;6086.71;4.31;5708.71;4.04;230600;2;6;129.7;0;1;CNPJ;0;10;19;7156.51;5753.90;5688.51;5688.51;6883.11;4260.70;1963.45;6086.71;6086.71;6086.71;6763.01;1198;0;0;0
999997;999997;999997;999;999;999;12;251110;7490;7499;999997;0;6;3;6;99;1;9;44;43;0;1;0;1;999999;110020;10;2062;0;0;8;999997;;.00;1866.67;1.32;7490199;2;3;2.9;0;1;CNPJ;0;60;19;1866.67;0;0;0;0;0;0;0;0;0;0;1198;0;0;0
999997;999997;999997;999;999;999;0;251110;8411;7511;999997;1;4;7;5;8;3;9;40;29;0;0;3;0;999999;150553;10;1244;0;0;2;999997;7560.26;5.35;7016.16;4.96;8411600;1;10;9.1;2;1;CNPJ;0;97;24;0;0;1160.57;7560.26;7560.26;8032.22;8046.99;7560.26;7560.26;7560.26;7560.26;1198;0;0;0
999997;999997;999997;999;999;999;21;251110;9102;9252;999997;0;6;6;6;99;3;10;44;41;0;0;0;1;999999;130260;10;3999;0;0;2;999997;;.00;4776.77;3.38;9102301;1;5;9.6;0;1;CNPJ;0;10;21;4776.77;0;0;0;0;0;0;0;0;0;0;1198;0;0;0
999997;999997;999997;999;999;999;0;251110;9003;9232;999997;1;4;5;5;5;5;11;40;28;0;0;0;0;999999;130260;10;3077;0;0;9;999997;4104.93;2.90;4135.05;2.92;9003500;1;9;29.6;0;1;CNPJ;0;10;21;3872.58;3872.58;3872.58;5163.44;4104.93;4104.93;4104.93;4104.93;4104.93;4104.93;4104.93;1198;0;0;0
999997;999997;999997;999;999;999;0;251110;9493;9199;999997;1;6;5;5;6;3;9;40;49;0;0;4;0;999999;150420;10;1155;0;0;8;999997;4263.00;3.01;3994.02;2.82;9493600;2;7;9.0;2;1;CNPJ;0;35;21;0;0;0;3960.40;3960.40;3960.40;3960.40;3960.40;3960.40;3960.40;3960.40;1198;0;0;0
999997;999997;999997;999;999;999;21;251110;9102;9252;999997;0;5;8;6;99;4;11;44;37;0;0;0;10;999999;130260;10;3999;0;0;2;999997;;.00;8495.10;6.01;9102301;2;5;18.7;0;1;CNPJ;0;90;21;8419.95;8419.95;8419.95;9261.94;8522.57;8419.95;9446.04;8830.38;8419.95;6790.28;0;1198;0;0;0
999997;999997;999997;999;999;999;0;251110;4313;4513;999997;1;4;3;6;4;3;9;44;27;0;0;5;0;999999;150550;10;2062;0;0;8;999997;2162.37;1.53;1638.18;1.16;4313400;1;9;7.5;2;1;CNPJ;0;10;15;0;0;0;0;751.07;1502.14;1558.17;1502.14;1807.45;1684.29;2137.80;1198;0;0;0
999997;999997;999997;999;999;999;0;251110;4313;4513;999997;1;5;3;6;4;1;9;44;37;0;0;10;0;999999;150550;10;2062;0;0;8;999997;2179.38;1.54;1930.89;1.37;4313400;1;9;2.0;2;1;CNPJ;0;10;15;0;0;0;0;0;0;0;0;0;50.07;1682.39;1198;0;0;0
999997;999997;999997;999;999;999;0;251110;7220;7320;999997;1;6;2;4;2;2;9;30;47;0;1;10;0;999999;110020;10;2062;0;0;8;999997;1412.00;1.00;1412.00;1.00;7220700;1;2;3.0;2;1;CNPJ;0;10;19;0;0;0;0;0;0;0;0;0;1412.00;1412.00;1198;0;0;0
999997;999997;999997;999;999;999;21;251110;4772;5241;999997;0;4;3;6;99;2;9;42;27;0;1;6;9;999999;150140;10;2062;0;0;8;999997;;.00;1770.43;1.25;4772500;2;3;3.2;2;1;CNPJ;0;10;16;0;0;0;0;0;2117.87;1676.55;1516.88;.00;0;0;1198;0;0;0
999997;999997;999997;999;999;999;11;251110;9493;9199;999997;0;5;5;5;6;5;9;40;30;0;0;0;12;999999;150420;10;1155;0;0;9;999997;4357.73;3.08;4039.51;2.86;9493600;2;7;33.9;0;1;CNPJ;0;35;21;3668.00;3668.00;3960.40;3960.40;3960.40;3960.40;5097.20;3960.40;3960.40;3960.40;3960.40;1198;0;0;0
999997;999997;999997;999;999;999;0;251110;8531;8031;999997;1;5;9;5;9;7;11;40;35;0;0;0;0;999999;130260;10;1139;0;0;2;999997;11032.36;7.81;10960.50;7.76;8531700;1;10;82.8;0;1;CNPJ;0;30;23;9951.34;9951.34;9951.34;9951.34;10635.34;14940.01;10704.10;11311.76;11032.36;11032.36;11032.36;1198;0;0;0
999997;999997;999997;999;999;999;0;251110;8412;7512;999997;1;6;7;5;7;8;9;40;45;0;0;0;0;999999;130260;10;1023;0;0;8;999997;6750.21;4.78;6002.17;4.24;8412400;2;8;141.6;0;1;CNPJ;0;30;24;5702.96;5702.96;5702.96;5702.96;5702.96;5702.96;5702.96;5702.96;6151.78;6750.21;6750.21;1198;0;0;0
999997;999997;999997;999;999;999;0;251110;7220;7320;999997;1;6;4;6;4;6;9;44;45;0;0;0;0;999999;150140;10;2062;0;0;8;999997;2235.67;1.58;2223.53;1.57;7220700;2;2;59.9;0;1;CNPJ;0;10;19;2090.00;2235.67;2235.67;2235.67;2235.67;2235.67;2235.67;2235.67;2235.67;2235.67;2235.67;1198;0;0;0
999997;999997;999997;999;999;999;21;251110;4772;5241;999997;0;3;2;8;99;1;9;48;21;0;1;1;3;999999;150140;10;2062;0;0;8;999997;;.00;1364.91;.96;4772500;2;3;2.4;2;1;CNPJ;0;10;16;1364.93;1812.00;917.79;0;0;0;0;0;0;0;0;1198;0;0;0
999997;999997;999997;999;999;999;0;251110;7220;7320;999997;1;7;99;99;99;3;9;99;58;0;1;5;0;999999;110020;10;2062;0;0;8;999997;;.00;.00;.00;7220700;2;2;7.9;2;1;CNPJ;0;10;19;0;0;0;0;0;171.20;0;0;0;171.20;0;1198;1;0;0
999997;999997;999997;999;999;999;0;251110;3520;4020;999997;1;5;6;6;7;4;9;44;39;0;0;0;0;999999;130260;10;2038;0;0;8;999997;5802.78;4.10;5433.91;3.84;3520402;1;7;23.4;0;1;CNPJ;0;10;14;5612.59;5815.33;5432.15;5538.31;5754.49;3651.15;4728.87;5506.36;6091.12;6001.81;5271.97;1198;0;0;0
999997;999997;999997;40;999;999;0;251110;6204;7210;999997;1;7;99;6;99;6;9;44;51;0;0;0;0;999999;130260;10;2062;0;365;8;999997;;.00;.00;.00;6204000;1;7;57.9;0;1;CNPJ;0;20;19;0;0;0;0;0;0;0;0;0;0;0;1198;0;0;0
999997;999997;999997;999;999;999;12;251110;4772;5241;999997;0;3;2;8;99;1;9;48;24;0;1;1;3;999999;150140;10;2062;0;0;8;999997;;.00;1054.36;.74;4772500;1;3;2.0;2;1;CNPJ;0;60;16;1364.93;1317.86;480.30;0;0;0;0;0;0;0;0;1198;0;0;0
999997;999997;999997;999;999;999;0;251110;7220;7320;999997;1;6;99;99;99;3;9;99;41;0;1;5;0;999999;110020;10;2062;0;0;8;999997;;.00;.00;.00;7220700;2;2;7.9;2;1;CNPJ;0;10;19;0;0;0;0;0;222.67;0;0;0;222.67;0;1198;1;0;0
999997;999997;999997;999;999;999;0;251110;6319;7240;999997;1;6;5;6;5;8;9;44;46;0;0;0;0;999999;150140;10;2062;0;0;8;999997;3030.76;2.14;2987.59;2.11;6319400;2;6;157.5;0;1;CNPJ;0;10;19;2914.19;2914.19;2914.19;2914.19;2914.19;2914.19;2914.19;2914.19;2914.19;3561.79;3030.76;1198;0;0;0
999997;999997;999997;999;999;999;11;251110;7490;7499;999997;0;5;5;6;99;2;9;44;39;0;1;0;2;999999;110020;10;2062;0;0;8;999997;;.00;3933.34;2.78;7490199;2;3;5.1;0;1;CNPJ;0;10;19;4000.00;3866.67;0;0;0;0;0;0;0;0;0;1198;0;0;0
999997;999997;999997;999;999;999;0;251110;7490;7499;999997;1;5;5;6;7;3;10;44;34;0;1;6;0;999999;261160;10;2062;0;0;8;999997;5918.28;4.19;4203.56;2.97;7490199;2;2;6.4;2;1;CNPJ;0;10;19;0;0;0;0;0;2006.67;4300.00;4300.00;4300.00;4300.00;4300.00;1198;0;0;0
999997;999997;999997;999;999;999;0;251110;7220;7320;999997;1;3;5;6;5;2;9;44;24;0;0;9;0;999999;230440;10;2062;0;0;8;999997;3500.00;2.47;3004.17;2.12;7220700;1;3;3.4;2;1;CNPJ;0;10;19;0;0;0;0;0;0;0;0;1516.67;3500.00;3500.00;1198;0;0;0
999997;999997;999997;999;999;999;0;251110;7220;7320;999997;1;4;99;6;99;7;9;44;26;0;0;0;0;999999;230440;10;3999;0;0;8;999997;;.00;.00;.00;7220700;1;5;66.4;0;1;CNPJ;0;10;19;0;0;0;0;0;0;0;0;0;0;0;1198;0;0;0
999997;999997;999997;999;999;999;0;251110;7220;7320;999997;1;4;99;6;99;7;9;44;26;0;0;0;0;999999;230440;10;3999;0;0;8;999997;;.00;.00;.00;7220700;1;5;68.6;0;1;CNPJ;0;10;19;0;0;0;0;0;0;0;0;0;0;0;1198;0;0;0
999997;999997;999997;999;999;999;0;251110;4781;5232;999997;1;4;3;6;2;5;9;44;28;0;1;0;0;999999;230840;10;2135;0;0;8;999997;1412.00;1.00;1451.22;1.03;4781400;2;2;31.4;0;1;CNPJ;0;10;16;1412.00;1412.00;1412.00;1412.00;1882.67;1412.00;1412.00;1412.00;1412.00;1412.00;1412.00;1198;0;0;0
999997;999997;999997;999;999;999;0;251110;7112;7420;999997;1;5;99;6;99;4;9;44;35;0;0;0;0;999999;261160;10;2062;0;0;8;999997;;.00;.00;.00;7112000;1;4;22.0;0;1;CNPJ;0;10;19;0;0;0;0;0;0;0;0;0;0;0;1198;0;0;0
999997;999997;999997;999;999;999;0;251110;7490;7499;999997;1;5;5;6;5;2;9;44;31;0;0;10;0;999999;240810;10;2062;0;0;8;999997;3050.00;2.16;3050.00;2.16;7490199;1;5;3.0;2;1;CNPJ;0;10;19;0;0;0;0;0;0;0;0;0;3050.00;3050.00;1198;0;0;0
999997;999997;999997;999;999;999;0;251110;7220;7320;999997;1;4;6;6;5;5;9;44;27;0;1;0;0;999999;292740;10;2135;0;0;4;999997;4215.00;2.98;4332.08;3.06;7220700;2;2;24.9;0;1;CNPJ;0;10;19;4215.00;4215.00;4215.00;4215.00;4215.00;4215.00;4215.00;4215.00;4215.00;4402.33;5432.67;1198;0;0;0
999997;999997;999997;999;999;999;0;251110;7490;7499;999997;1;4;3;6;3;2;9;44;27;0;0;9;0;999999;261160;10;2062;0;0;8;999997;2094.20;1.48;2012.82;1.42;7490199;1;6;3.7;2;1;CNPJ;0;10;19;0;0;0;0;0;0;0;0;1458.55;2191.86;2306.67;1198;0;0;0
999997;999997;999997;999;999;999;0;251110;7020;7416;999997;1;4;5;6;6;5;9;44;25;0;1;0;0;999999;261160;10;2062;0;0;9;999997;5312.81;3.76;4016.51;2.84;7020400;1;4;34.0;0;1;CNPJ;0;10;19;3778.21;3688.31;3890.49;4092.67;4092.67;3890.49;3890.49;3890.49;3890.49;3890.49;3890.49;1198;0;0;0
999997;999997;999997;999;999;999;0;251110;7220;7320;999997;1;4;5;6;5;3;9;44;27;0;0;5;0;999999;230440;10;2062;0;0;2;999997;4000.00;2.83;3900.00;2.76;7220700;2;3;7.7;2;1;CNPJ;0;10;19;0;0;0;0;3200.00;4000.00;4000.00;4000.00;4000.00;4000.00;4000.00;1198;0;0;0
999997;999997;999997;999;999;999;0;251110;8411;7511;999997;1;5;6;5;6;4;9;40;32;0;0;0;0;999999;250750;10;1112;0;0;8;999997;5393.96;3.82;5543.79;3.93;8411600;2;9;14.0;0;1;CNPJ;0;96;24;5393.96;5393.96;5393.96;5393.96;5393.96;5393.96;5393.96;5393.96;5393.96;5393.96;7191.95;1198;0;0;0
999997;999997;999997;999;999;999;0;251110;7020;7416;999997;1;5;5;6;7;5;10;44;33;0;1;0;0;999999;261160;10;2062;0;0;2;999997;6112.81;4.32;4086.88;2.89;7020400;2;4;29.0;0;1;CNPJ;0;10;19;3822.66;3688.31;3890.49;4092.67;4092.67;3890.49;3890.49;3890.49;3890.49;3890.49;3890.49;1198;0;0;0
999997;999997;999997;999;999;999;21;251110;7020;7416;999997;0;5;6;6;99;5;9;44;32;0;1;0;8;999999;261160;10;2062;0;0;2;999997;;.00;5151.81;3.65;7020400;2;4;30.3;0;1;CNPJ;0;10;19;5015.38;4918.61;5725.21;5471.91;6712.00;6517.10;5171.91;1682.33;0;0;0;1198;0;0;0
999997;999997;999997;999;999;999;0;251110;7490;7499;999997;1;7;7;6;7;5;9;44;50;0;0;0;0;999999;261160;10;2062;0;0;8;999997;5834.24;4.13;6133.97;4.34;7490199;1;6;26.0;0;1;CNPJ;0;10;19;7200.07;5911.04;5556.97;5502.55;5932.71;6938.47;6655.02;5771.50;5881.94;5819.38;6603.78;1198;0;0;0
999997;999997;999997;999;999;999;11;251110;7490;7499;999997;0;5;3;6;99;4;9;44;33;0;0;0;6;999999;261160;10;2062;0;0;2;999997;;.00;1896.69;1.34;7490199;1;6;13.7;0;1;CNPJ;0;10;19;2078.39;1758.92;1882.98;2552.84;1210.30;0;0;0;0;0;0;1198;0;0;0
999997;999997;999997;999;999;999;0;251110;7490;7499;999997;1;5;8;6;8;4;10;44;37;0;0;0;0;999999;261160;10;2062;0;0;9;999997;8490.30;6.01;8832.22;6.25;7490199;1;6;20.9;0;1;CNPJ;0;10;19;8101.00;8101.00;8101.00;8101.00;10801.33;9009.37;8490.30;8490.30;8490.30;11320.40;8490.30;1198;0;0;0
999997;999997;999997;999;999;999;0;251110;7490;7499;999997;1;4;7;6;8;4;9;44;28;0;0;0;0;999999;261160;10;2062;0;0;9;999997;7276.50;5.15;6565.13;4.65;7490199;2;6;14.5;0;1;CNPJ;0;10;19;6300.00;6300.00;6300.00;6300.00;6300.00;6930.00;6615.00;6615.00;6615.00;6615.00;6615.00;1198;0;0;0
999997;999997;999997;999;999;999;0;251110;7220;7320;999997;1;6;99;6;99;7;9;44;49;0;0;0;0;999999;230440;10;3999;0;0;8;999997;;.00;.00;.00;7220700;1;5;66.4;0;1;CNPJ;0;10;19;0;0;0;0;0;0;0;0;0;0;0;1198;0;0;0
999997;999997;999997;999;999;999;0;251110;7112;7420;999997;1;5;99;6;99;4;9;44;30;0;0;0;0;999999;261160;10;2062;0;0;2;999997;;.00;.00;.00;7112000;2;4;22.0;0;1;CNPJ;0;10;19;0;0;0;0;0;0;0;0;0;0;0;1198;0;0;0
999997;999997;999997;999;999;999;11;251110;4120;4521;999997;0;5;3;3;99;3;10;20;39;0;1;0;6;999999;293010;10;2062;0;0;8;999997;;.00;2083.68;1.47;4120400;2;2;9.2;0;1;CNPJ;0;10;15;2638.22;2666.63;1638.82;1391.04;.00;.00;0;0;0;0;0;1198;0;0;0
999997;999997;999997;999;999;999;0;251110;9430;9199;999997;1;4;6;5;6;4;9;40;29;0;0;0;0;999999;292530;10;3999;0;0;8;999997;4597.00;3.25;4666.25;3.30;9430800;1;3;19.7;0;1;CNPJ;0;10;21;4597.00;4597.00;4597.00;5079.20;4945.80;4597.00;4597.00;4597.00;4597.00;4597.00;4597.00;1198;0;0;0
999997;999997;999997;999;999;999;0;251110;8411;7511;999997;1;5;6;5;6;3;9;40;30;0;0;2;0;999999;250750;10;1112;0;0;8;999997;5393.95;3.82;5393.95;3.82;8411600;2;9;11.0;2;1;CNPJ;0;96;24;0;0;0;5393.95;5393.95;5393.95;5393.95;5393.95;5393.95;5393.95;5393.95;1198;0;0;0
999997;999997;999997;999;999;999;11;251110;7490;7499;999997;0;5;99;6;99;4;9;44;36;0;0;0;1;999999;261160;10;2062;0;0;9;999997;;.00;.00;.00;7490199;2;6;12.2;0;1;CNPJ;0;10;19;0;0;0;0;0;0;0;0;0;0;0;1198;0;0;0
999997;999997;999997;999;999;999;0;251110;4711;5212;999997;1;5;5;6;5;3;9;44;32;0;0;7;0;999999;220770;10;2062;0;0;8;999997;3110.60;2.20;3125.10;2.21;4711302;1;7;6.0;4;1;CNPJ;0;10;16;0;0;0;0;0;0;2997.51;3025.73;3010.06;3495.24;3111.45;1198;0;0;0
999997;999997;999997;999;999;999;0;251110;7220;7320;999997;1;4;5;6;5;3;9;44;28;0;0;5;0;999999;230440;10;2062;0;0;2;999997;3000.00;2.12;2937.50;2.08;7220700;1;3;7.8;2;1;CNPJ;0;10;19;0;0;0;0;2500.00;3000.00;3000.00;3000.00;3000.00;3000.00;3000.00;1198;0;0;0
999997;999997;999997;999;999;999;0;251110;7490;7499;999997;1;5;8;6;8;4;9;44;36;0;0;0;0;999999;261160;10;2062;0;0;8;999997;8587.97;6.08;7356.14;5.21;7490199;2;6;17.0;0;1;CNPJ;0;10;19;7000.00;7000.00;7000.00;7000.00;6533.33;7077.79;8352.28;7291.67;7781.17;7291.67;7357.81;1198;0;0;0
999997;999997;999997;999;999;999;0;251110;8531;8031;999997;1;5;9;5;10;8;10;40;36;0;0;0;0;999999;221100;10;1139;0;0;8;999997;15660.41;11.09;11502.58;8.14;8531700;1;10;123.0;0;1;CNPJ;0;30;23;10431.61;10431.61;10431.61;10431.61;11115.61;15660.41;10773.61;10773.61;10773.61;10773.61;10773.61;1198;0;0;0
999997;999997;999997;999;999;999;11;251110;7490;7499;999997;0;7;8;6;99;4;9;44;53;0;0;0;3;999999;261160;10;2062;0;0;8;999997;;.00;7383.72;5.22;7490199;1;6;13.3;0;1;CNPJ;0;10;19;7383.72;245.35;0;0;0;0;0;0;0;0;0;1198;0;0;0
999997;999997;999997;999;999;999;0;251110;7112;7420;999997;1;4;99;6;99;4;9;44;28;0;0;0;0;999999;261160;10;2062;0;0;8;999997;;.00;.00;.00;7112000;2;4;21.5;0;1;CNPJ;0;10;19;0;0;0;0;0;0;0;0;0;0;0;1198;0;0;0
999997;999997;999997;999;999;999;0;251110;7220;7320;999997;1;6;99;6;99;7;9;44;49;0;0;0;0;999999;230440;10;3999;0;0;8;999997;;.00;.00;.00;7220700;1;5;62.8;0;1;CNPJ;0;10;19;0;0;0;0;0;0;0;0;0;0;0;1198;0;0;0
999997;999997;999997;999;999;999;0;251110;8532;8032;999997;1;5;9;5;9;8;9;40;38;0;0;0;0;999999;280670;10;1139;0;0;4;999997;11814.59;8.36;12207.42;8.64;8532500;1;10;125.5;0;1;CNPJ;0;30;23;11472.59;11472.59;11472.59;11472.59;12156.59;17554.55;11814.59;11814.59;11814.59;11814.59;11814.59;1198;0;0;0
999997;999997;999997;999;999;999;0;251110;7490;7499;999997;1;4;5;6;6;4;9;44;25;0;0;0;0;999999;261160;10;2062;0;0;8;999997;4565.00;3.23;3858.89;2.73;7490199;2;6;16.0;0;1;CNPJ;0;10;19;3000.00;3000.00;3000.00;3000.00;3000.00;5300.00;4150.00;4150.00;4841.67;4150.00;4150.00;1198;0;0;0
999997;999997;999997;999;999;999;0;251110;7220;7320;999997;1;4;99;6;99;7;9;44;26;0;0;0;0;999999;230440;10;3999;0;0;8;999997;;.00;.00;.00;7220700;1;5;66.4;0;1;CNPJ;0;10;19;0;0;0;0;0;0;0;0;0;0;0;1198;0;0;0
999997;999997;999997;999;999;999;0;251110;7490;7499;999997;1;5;7;6;7;4;10;44;31;0;0;0;0;999999;261160;10;2062;0;0;8;999997;6675.21;4.72;6701.07;4.74;7490199;1;6;19.0;0;1;CNPJ;0;10;19;6300.00;6300.00;6300.00;6300.00;6300.00;9135.00;6615.00;6642.61;6615.00;6615.00;6615.00;1198;0;0;0
999997;999997;999997;999;999;999;0;251110;7490;7499;999997;1;5;8;6;8;5;9;44;38;0;0;0;0;999999;261160;10;2062;0;0;2;999997;9339.33;6.61;8656.31;6.13;7490199;2;6;30.0;0;1;CNPJ;0;10;19;10801.33;8101.00;8101.00;8101.00;8101.00;8879.60;8490.30;8490.30;8490.30;8490.30;8490.30;1198;0;0;0
999997;999997;999997;999;999;999;0;251110;8411;7511;999997;1;5;6;5;6;3;9;40;33;0;0;5;0;999999;250750;10;1112;0;0;8;999997;5393.95;3.82;5393.95;3.82;8411600;1;9;8.0;2;1;CNPJ;0;96;24;0;0;0;0;5393.95;5393.95;5393.95;5393.95;5393.95;5393.95;5393.95;1198;0;0;0
999997;999997;999997;999;999;999;0;251110;8411;7511;999997;1;5;6;5;6;4;9;40;30;0;0;0;0;999999;250750;10;1112;0;0;8;999997;5393.85;3.82;5393.85;3.82;8411600;1;9;13.0;0;1;CNPJ;0;96;24;5393.85;5393.85;5393.85;5393.85;5393.85;5393.85;5393.85;5393.85;5393.85;5393.85;5393.85;1198;0;0;0
999997;999997;999997;999;999;999;0;251110;7490;7499;999997;1;6;7;6;7;3;9;44;46;0;0;6;0;999999;261160;10;2062;0;0;8;999997;6930.00;4.90;6390.00;4.52;7490199;2;6;7.0;2;1;CNPJ;0;10;19;0;0;0;0;0;6300.00;6300.00;6300.00;6300.00;6300.00;6300.00;1198;0;0;0
999997;999997;999997;999;999;999;0;251110;8532;8032;999997;1;6;9;5;10;8;9;40;44;0;0;0;0;999999;280670;10;1139;0;0;8;999997;14503.01;10.27;10291.59;7.29;8532500;1;10;125.5;0;1;CNPJ;0;30;23;9660.01;9660.01;9660.01;9660.01;10344.01;10002.01;10002.01;10002.01;10002.01;10002.01;10002.01;1198;0;0;0
999997;999997;999997;999;999;999;0;251110;7490;7499;999997;1;5;7;6;7;5;9;44;39;0;0;0;0;999999;261160;10;2062;0;0;8;999997;6136.68;4.34;5705.31;4.04;7490199;2;6;30.0;0;1;CNPJ;0;10;19;5295.00;7001.16;5353.84;5295.00;5295.00;5824.50;5559.75;5559.75;5559.75;5559.75;6023.56;1198;0;0;0
999997;999997;999997;999;999;999;0;251110;7020;7416;999997;1;4;6;6;6;5;9;44;29;0;1;0;0;999999;261160;10;2062;0;0;9;999997;4290.49;3.03;4278.02;3.02;7020400;1;4;30.0;0;1;CNPJ;0;10;19;3688.31;4088.31;4290.49;4290.49;4955.76;5479.88;3890.49;3890.49;3890.49;4290.49;4290.49;1198;0;0;0
999997;999997;999997;999;999;999;12;251110;7020;7416;999997;0;5;4;6;99;3;9;44;39;0;1;3;8;999999;261160;10;2062;0;0;8;999997;;.00;2310.00;1.63;7020400;2;4;6.0;2;1;CNPJ;0;60;19;0;0;2310.00;2310.00;2310.00;2310.00;2310.00;2310.00;0;0;0;1198;0;0;0
999997;999997;999997;999;999;999;0;251110;7490;7499;999997;1;4;4;6;4;4;9;44;25;0;0;0;0;999999;261160;10;2062;0;0;9;999997;2261.27;1.60;2384.81;1.68;7490199;1;6;19.9;0;1;CNPJ;0;10;19;2415.95;2194.62;2003.74;2129.92;2865.75;2683.48;2186.54;1983.44;2645.06;2945.40;2302.57;1198;0;0;0
999997;999997;999997;999;999;999;11;251110;7112;7420;999997;0;6;2;6;99;6;10;44;40;0;0;0;2;999999;261160;10;2062;0;0;2;999997;;.00;1086.28;.76;7112000;1;4;42.2;0;1;CNPJ;0;10;19;1086.28;0;0;0;0;0;0;0;0;0;0;1198;0;0;0
999997;999997;999997;999;999;999;0;251110;7490;7499;999997;1;6;5;6;5;5;9;44;42;0;0;0;0;999999;261160;10;2062;0;0;8;999997;3396.91;2.40;3137.25;2.22;7490199;1;6;30.0;0;1;CNPJ;0;10;19;3908.00;2931.00;2931.00;2931.00;2931.00;3224.10;3077.55;3083.83;3077.55;3077.55;3077.55;1198;0;0;0
999997;999997;999997;999;999;999;0;251110;7220;7320;999997;1;4;7;6;7;3;9;44;27;0;1;2;0;999999;292740;10;2062;0;0;2;999997;6778.11;4.80;6932.16;4.91;7220700;2;3;11.0;2;1;CNPJ;0;10;19;0;6778.11;8472.64;6778.11;6778.11;6778.11;6778.11;6778.11;6778.11;6778.11;6778.11;1198;0;0;0
999997;999997;999997;999;999;999;0;251110;7220;7320;999997;1;4;99;6;99;7;9;44;29;0;0;0;0;999999;230440;10;3999;0;0;8;999997;;.00;.00;.00;7220700;1;5;66.4;0;1;CNPJ;0;10;19;0;0;0;0;0;0;0;0;0;0;0;1198;0;0;0
999997;999997;999997;999;999;999;0;251110;7119;7420;999997;1;5;8;6;9;7;9;44;34;0;0;0;0;999999;230440;10;2062;0;0;8;999997;10946.78;7.75;9172.51;6.49;7119702;2;4;68.5;0;1;CNPJ;0;10;19;9055.96;8859.09;8859.09;8859.09;8859.09;8859.09;10335.61;8859.09;8859.09;8859.09;8859.09;1198;0;0;0
999997;999997;999997;999;999;999;0;251110;8411;7511;999997;1;5;9;5;9;8;10;40;37;0;0;0;0;999999;261160;10;1104;0;0;2;999997;10773.61;7.63;11155.85;7.90;8411600;2;10;122.5;0;1;CNPJ;0;30;24;10790.87;10064.74;10064.74;10064.74;12583.09;15660.41;10773.61;10773.61;10773.61;10773.61;10773.61;1198;0;0;0
999997;999997;999997;999;999;999;11;251110;4212;4523;999997;0;7;5;6;99;4;9;43;55;0;0;0;4;999999;221100;10;2151;0;0;8;999997;;.00;4080.83;2.88;4212000;1;3;16.8;0;1;CNPJ;0;10;15;4897.00;4897.00;4897.00;1632.33;0;0;0;0;0;0;0;1198;0;0;0
999997;999997;999997;999;999;999;0;251110;7490;7499;999997;1;3;3;6;3;2;9;44;19;0;0;9;0;999999;261160;10;2062;0;0;8;999997;2032.29;1.43;1984.23;1.40;7490199;1;6;3.7;2;1;CNPJ;0;10;19;0;0;0;0;0;0;0;0;1361.52;2220.61;2322.48;1198;0;0;0
999997;999997;999997;999;999;999;0;251110;7490;7499;999997;1;6;7;6;7;5;9;44;46;0;0;0;0;999999;261160;10;2062;0;0;2;999997;5708.50;4.04;5909.14;4.18;7490199;2;6;27.0;0;1;CNPJ;0;10;19;7766.66;5825.00;5825.00;5825.00;5825.00;5999.75;6320.13;3465.87;6116.25;6116.25;6116.25;1198;0;0;0
999997;999997;999997;999;999;999;0;251110;8411;7511;999997;1;5;6;5;6;3;9;40;32;0;0;7;0;999999;250750;10;1112;0;0;8;999997;5393.95;3.82;5393.95;3.82;8411600;2;9;6.0;2;1;CNPJ;0;96;24;0;0;0;0;0;0;5393.95;5393.95;5393.95;5393.95;5393.95;1198;0;0;0
999997;999997;999997;999;999;999;0;251110;9102;9252;999997;1;5;7;6;7;2;9;44;38;0;0;7;0;999999;221060;10;3069;0;0;2;999997;6320.00;4.47;6002.40;4.25;9102301;2;5;5.6;2;1;CNPJ;0;10;21;0;0;0;0;0;0;4414.42;6320.00;6320.00;6320.00;6320.00;1198;0;0;0
999997;999997;999997;999;999;999;0;251110;7490;7499;999997;1;4;4;6;3;4;9;44;28;0;0;0;0;999999;261160;10;2062;0;0;9;999997;1966.23;1.39;2360.26;1.67;7490199;1;6;19.9;0;1;CNPJ;0;10;19;2320.23;2073.56;2060.12;2103.28;2844.32;2421.76;2334.57;2194.37;2490.35;2693.45;2820.88;1198;0;0;0
999997;999997;999997;999;999;999;12;251110;8411;7511;999997;0;7;5;5;5;3;9;40;62;0;0;1;12;999999;260600;10;1244;0;0;2;999997;3240.00;2.29;3240.00;2.29;8411600;1;8;11.9;2;1;CNPJ;0;97;24;3240.00;3240.00;3240.00;3240.00;3240.00;3240.00;3240.00;3240.00;3240.00;3240.00;3240.00;1198;0;0;0
999997;999997;999997;999;999;999;0;251110;7112;7420;999997;1;6;99;6;99;5;9;44;41;0;0;0;0;999999;261160;10;2062;0;0;9;999997;;.00;.00;.00;7112000;2;4;28.2;0;1;CNPJ;0;10;19;0;0;0;0;0;0;0;0;0;0;0;1198;0;0;0
999997;999997;999997;999;999;999;0;251110;8532;8032;999997;1;5;8;5;8;8;9;40;37;0;0;0;0;999999;270430;10;1104;0;0;2;999997;8743.26;6.19;8980.40;6.36;8532500;2;10;123.7;0;1;CNPJ;0;30;23;8401.26;8401.26;8401.26;8401.26;9085.26;12614.89;8743.26;8743.26;8743.26;8743.26;8743.26;1198;0;0;0
999997;999997;999997;999;999;999;0;251110;7020;7416;999997;1;5;5;6;7;5;9;44;33;0;1;0;0;999999;261160;10;2062;0;0;8;999997;5979.48;4.23;4074.29;2.88;7020400;2;4;30.0;0;1;CNPJ;0;10;19;3804.88;3688.31;3890.49;4092.67;4092.67;3890.49;3890.49;3890.49;3890.49;3890.49;3890.49;1198;0;0;0
999997;999997;999997;999;999;999;0;251110;9430;9199;999997;1;4;6;5;6;1;9;40;27;0;0;11;0;999999;292530;10;3999;0;0;8;999997;4597.00;3.25;4290.54;3.04;9430800;2;3;1.8;2;1;CNPJ;0;60;21;0;0;0;0;0;0;0;0;0;0;3984.07;1198;0;0;0
999997;999997;999997;999;999;999;12;251110;8411;7511;999997;0;5;3;5;99;1;9;40;32;0;0;0;1;999999;250750;10;1112;0;0;8;999997;;.00;1618.15;1.14;8411600;1;9;1.3;0;1;CNPJ;0;96;24;1618.15;0;0;0;0;0;0;0;0;0;0;1198;0;0;0
999997;999997;999997;999;999;999;0;251110;7490;7499;999997;1;6;7;6;7;5;9;44;40;0;0;0;0;999999;261160;10;2062;0;0;2;999997;5871.09;4.15;5869.69;4.15;7490199;1;6;30.0;0;1;CNPJ;0;10;19;7124.90;5508.91;5542.27;5502.55;5542.27;6159.05;5771.50;5771.50;5881.94;5819.38;5940.87;1198;0;0;0
999997;999997;999997;999;999;999;0;251110;7020;7416;999997;1;4;5;6;7;4;9;44;29;0;1;0;0;999999;261160;10;2062;0;0;8;999997;6391.70;4.52;4198.98;2.97;7020400;1;4;21.0;0;1;CNPJ;0;10;19;3688.31;3688.31;3890.49;4092.67;4093.29;3890.49;3890.49;4190.49;4190.49;4190.49;4190.49;1198;0;0;0
999997;999997;999997;999;999;999;0;251110;8411;7511;999997;1;5;8;5;9;8;9;40;37;0;0;0;0;999999;261160;10;1104;0;0;2;999997;10362.47;7.33;9775.51;6.92;8411600;2;10;178.7;0;1;CNPJ;0;30;24;9017.01;9017.01;9017.01;9017.01;9701.01;13538.51;9359.01;9359.01;9359.01;9685.01;9873.99;1198;0;0;0
999997;999997;999997;999;999;999;0;251110;4774;5249;999997;1;6;3;6;99;6;9;44;43;0;1;0;0;999999;220120;10;2062;0;0;8;999997;;.00;1498.00;1.06;4774100;2;3;47.0;0;1;CNPJ;0;10;16;1498.00;1498.00;1498.00;1498.00;1498.00;1498.00;1498.00;1498.00;1498.00;1498.00;1498.00;1198;0;0;0
999997;999997;999997;999;999;999;21;251110;7112;7420;999997;0;6;5;6;99;3;9;44;40;0;0;0;4;999999;292740;10;2240;0;0;8;999997;;.00;3728.87;2.63;7112000;1;7;10.6;0;1;CNPJ;0;10;19;4474.64;4474.64;4474.64;1491.55;0;0;0;0;0;0;0;1198;0;0;0
999997;999997;999997;999;999;999;0;251110;8411;7511;999997;1;6;6;5;6;4;9;40;47;0;0;0;0;999999;250750;10;1112;0;0;8;999997;5393.96;3.82;5393.96;3.82;8411600;2;9;14.0;0;1;CNPJ;0;96;24;5393.96;5393.96;5393.96;5393.96;5393.96;5393.96;5393.96;5393.96;5393.96;5393.96;5393.96;1198;0;0;0
999997;999997;999997;999;999;999;0;251110;7490;7499;999997;1;4;4;6;4;4;9;44;27;0;0;0;0;999999;261160;10;2062;0;0;8;999997;2479.53;1.75;2319.65;1.64;7490199;1;6;19.9;0;1;CNPJ;0;10;19;2286.55;2146.33;2051.91;2201.47;1948.41;2210.35;2349.67;2085.43;2802.67;2880.53;2392.90;1198;0;0;0
999997;999997;999997;999;999;999;11;251110;7220;7320;999997;0;5;5;6;99;4;9;44;30;0;1;0;4;999999;280030;10;2062;0;0;2;999997;;.00;2908.89;2.06;7220700;1;3;16.8;0;1;CNPJ;0;10;19;3235.55;2800.00;2800.00;2800.00;0;0;0;0;0;0;0;1198;0;0;0
999997;999997;999997;999;999;999;0;251110;7020;7416;999997;1;4;6;6;5;5;9;44;29;0;1;0;0;999999;261160;10;2062;0;0;8;999997;4190.49;2.96;4246.01;3.00;7020400;1;4;30.0;0;1;CNPJ;0;10;19;3688.31;3888.31;4090.49;4292.67;4292.67;4090.49;4090.49;4190.49;5312.59;4634.58;4190.49;1198;0;0;0
999997;999997;999997;999;999;999;0;251110;8411;7511;999997;1;5;6;5;6;3;9;40;32;0;0;1;0;999999;250750;10;1112;0;0;8;999997;5393.95;3.82;5378.97;3.81;8411600;2;9;11.9;2;1;CNPJ;0;96;24;5214.15;5393.95;5393.95;5393.95;5393.95;5393.95;5393.95;5393.95;5393.95;5393.95;5393.95;1198;0;0;0
999997;999997;999997;999;999;999;0;251110;7119;7420;999997;1;5;7;6;7;2;9;44;35;0;0;10;0;999999;230440;10;2062;0;0;8;999997;7000.00;4.95;7000.00;4.95;7119702;2;4;3.0;2;1;CNPJ;0;10;19;0;0;0;0;0;0;0;0;0;7000.00;7000.00;1198;0;0;0
999997;999997;999997;999;999;999;0;251110;7490;7499;999997;1;5;7;6;7;5;9;44;37;0;0;0;0;999999;261160;10;2062;0;0;8;999997;6361.65;4.50;6400.04;4.53;7490199;1;6;26.0;0;1;CNPJ;0;10;19;7627.98;5924.32;6248.07;5554.44;5542.27;7105.65;6825.69;5771.50;6655.83;7137.25;6045.80;1198;0;0;0
999997;999997;999997;999;999;999;0;251110;7112;7420;999997;1;5;99;6;99;4;9;44;36;0;0;0;0;999999;261160;10;2062;0;0;8;999997;;.00;.00;.00;7112000;1;4;22.0;0;1;CNPJ;0;10;19;0;0;0;0;0;0;0;0;0;0;0;1198;0;0;0
999997;999997;999997;999;999;999;0;251110;8532;8032;999997;1;5;9;5;9;8;11;40;37;0;0;0;0;999999;280670;10;1139;0;0;2;999997;12252.51;8.67;12635.86;8.94;8532500;2;10;125.5;0;1;CNPJ;0;30;23;11910.51;11910.51;11910.51;11910.51;12594.51;17878.76;12252.51;12252.51;12252.51;12252.51;12252.51;1198;0;0;0
999997;999997;999997;999;999;999;11;251110;7490;7499;999997;0;5;3;6;99;2;9;44;35;0;0;1;6;999999;261160;10;2062;0;0;8;999997;;.00;2001.66;1.41;7490199;1;6;5.2;2;1;CNPJ;0;10;19;2328.46;2083.24;1668.05;1926.90;52.97;0;0;0;0;0;0;1198;0;0;0
999997;999997;999997;999;999;999;0;251110;7220;7320;999997;1;4;99;6;99;7;9;44;26;0;0;0;0;999999;230440;10;3999;0;0;8;999997;;.00;.00;.00;7220700;1;5;66.4;0;1;CNPJ;0;10;19;0;0;0;0;0;0;0;0;0;0;0;1198;0;0;0
999997;999997;999997;999;999;999;0;251110;8411;7511;999997;1;5;9;5;10;8;11;40;39;0;0;0;0;999999;261160;10;1104;0;0;2;999997;17443.46;12.35;12157.55;8.61;8411600;2;10;166.5;0;1;CNPJ;0;30;24;11208.83;11208.83;11208.83;11208.83;11892.83;11550.83;11550.83;11550.83;11550.83;13553.37;11962.31;1198;0;0;0
999997;999997;999997;999;999;999;0;251110;7220;7320;999997;1;6;6;6;6;6;9;44;47;0;1;0;0;999999;292740;10;2062;0;0;8;999997;4259.76;3.01;4799.18;3.39;7220700;1;3;50.8;0;1;CNPJ;0;10;19;5908.66;5908.66;5123.35;4259.76;4259.76;4259.76;4259.76;4259.76;4259.76;4259.76;6571.37;1198;0;0;0
999997;999997;999997;999;999;999;0;251110;7020;7416;999997;1;5;5;6;6;2;9;44;31;0;1;8;0;999999;261160;10;2062;0;0;8;999997;4647.95;3.29;4020.56;2.84;7020400;1;4;5.0;4;1;CNPJ;0;10;19;0;0;0;0;0;0;0;3890.49;3090.49;3890.49;4583.36;1198;0;0;0
999997;999997;999997;999;999;999;11;251110;7490;7499;999997;0;4;3;6;99;2;9;44;25;0;0;1;6;999999;261160;10;2062;0;0;6;999997;;.00;1607.99;1.13;7490199;1;6;5.7;2;1;CNPJ;0;10;19;1904.95;1895.81;1639.17;1450.00;1150.00;0;0;0;0;0;0;1198;0;0;0
999997;999997;999997;999;999;999;0;251110;7490;7499;999997;1;6;7;6;7;5;9;44;45;0;0;0;0;999999;261160;10;2062;0;0;2;999997;5871.09;4.15;5880.27;4.16;7490199;1;6;30.0;0;1;CNPJ;0;10;19;5542.27;5508.91;5542.27;5502.55;5542.27;6159.05;7481.14;5771.50;5881.94;5819.38;5940.87;1198;0;0;0
999997;999997;999997;999;999;999;0;251110;7490;7499;999997;1;5;5;6;5;4;9;44;30;0;0;0;0;999999;261160;10;2062;0;0;9;999997;3187.37;2.25;3693.19;2.61;7490199;1;6;22.8;0;1;CNPJ;0;10;19;3639.71;4020.65;3827.81;4346.30;3040.70;3832.58;3602.18;2909.65;3836.44;4123.73;3951.10;1198;0;0;0
999997;999997;999997;999;999;999;31;251110;7112;7420;999997;0;5;5;6;99;4;9;44;31;0;0;0;7;999999;261160;10;2062;0;0;8;999997;;.00;3890.49;2.75;7112000;1;4;16.5;0;1;CNPJ;0;10;19;3688.31;3688.31;3890.49;4092.67;4092.67;3890.49;3890.49;0;0;0;0;1198;0;0;0
999997;999997;999997;999;999;999;11;251110;7112;7420;999997;0;5;5;6;99;2;9;44;36;0;0;0;4;999999;261160;10;2062;0;0;8;999997;;.00;3755.70;2.66;7112000;1;4;5.0;0;1;CNPJ;0;10;19;3688.31;3688.31;3890.49;0;0;0;0;0;0;0;0;1198;0;0;0
999997;999997;999997;999;999;999;0;251110;8411;7511;999997;1;5;6;5;6;3;9;40;37;0;0;1;0;999999;250750;10;1112;0;0;8;999997;5393.95;3.82;5378.97;3.81;8411600;2;9;11.9;2;1;CNPJ;0;96;24;5214.15;5393.95;5393.95;5393.95;5393.95;5393.95;5393.95;5393.95;5393.95;5393.95;5393.95;1198;0;0;0
999997;999997;999997;999;999;999;0;251110;7490;7499;999997;1;5;7;6;7;5;9;44;37;0;0;0;0;999999;261160;10;2062;0;0;8;999997;6218.15;4.40;6376.88;4.51;7490199;1;6;30.0;0;1;CNPJ;0;10;19;7761.52;5709.84;6301.69;5551.75;5542.27;6159.05;6875.90;6597.17;6529.91;6345.70;6929.58;1198;0;0;0
999997;999997;999997;999;999;999;11;251110;4774;5249;999997;0;5;3;6;99;6;9;44;31;0;1;0;4;999999;270430;10;2062;0;0;8;999997;;.00;1670.87;1.18;4774100;2;3;42.2;0;1;CNPJ;0;10;16;1929.74;1412.00;0;0;0;0;0;0;0;0;0;1198;0;0;0
999997;999997;999997;999;999;999;0;251110;7220;7320;999997;1;5;99;6;99;3;9;44;37;0;1;5;0;999999;221100;10;2135;0;0;8;999997;;.00;.00;.00;7220700;1;2;7.9;2;1;CNPJ;0;10;19;0;0;0;0;0;0;0;0;0;0;0;1198;0;0;0
999997;999997;999997;999;999;999;0;251110;7020;7416;999997;1;5;5;6;7;4;9;44;31;0;1;0;0;999999;261160;10;2062;0;0;9;999997;6108.59;4.32;4075.33;2.88;7020400;1;4;23.8;0;1;CNPJ;0;10;19;3688.31;3688.31;3890.49;4092.67;4092.67;3890.49;3890.49;3890.49;3890.49;3890.49;3890.49;1198;0;0;0
999997;999997;999997;999;999;999;21;251110;7490;7499;999997;0;5;4;5;99;3;9;40;30;0;1;0;10;999999;280030;10;2062;0;0;8;999997;;.00;2237.30;1.58;7490199;1;4;10.4;0;1;CNPJ;0;10;19;1770.00;2450.00;2450.00;2450.00;2450.00;2450.00;2450.00;2450.00;2450.00;1003.00;0;1198;0;0;0
999997;999997;999997;999;999;999;0;251110;7020;7416;999997;1;5;5;6;6;3;9;44;36;0;1;4;0;999999;261160;10;2062;0;0;8;999997;5643.78;3.99;4130.23;2.92;7020400;1;4;9.0;4;1;CNPJ;0;10;19;0;0;0;4092.67;4092.67;3890.49;3890.49;3890.49;3890.49;3890.49;3890.49;1198;0;0;0
999997;999997;999997;999;999;999;0;251110;8411;7511;999997;1;5;6;5;6;4;9;40;30;0;0;0;0;999999;250750;10;1112;0;0;8;999997;5393.85;3.82;5393.85;3.82;8411600;2;9;13.0;0;1;CNPJ;0;96;24;5393.85;5393.85;5393.85;5393.85;5393.85;5393.85;5393.85;5393.85;5393.85;5393.85;5393.85;1198;0;0;0
999997;999997;999997;999;999;999;0;251110;7220;7320;999997;1;4;5;6;5;2;9;44;25;0;0;8;0;999999;211130;10;2062;0;0;2;999997;3500.00;2.47;3406.67;2.40;7220700;2;3;4.8;2;1;CNPJ;0;10;19;0;0;0;0;0;0;0;3033.34;3500.00;3500.00;3500.00;1198;0;0;0
999997;999997;999997;999;999;999;11;251110;7210;7310;999997;0;5;7;5;99;3;10;40;37;0;0;2;8;999999;280030;10;3999;0;0;8;999997;;.00;6220.32;4.40;7210000;1;6;6.7;4;1;CNPJ;0;10;19;0;6168.67;6168.67;8512.76;6292.04;6292.04;3887.76;0;0;0;0;1198;0;0;0
999997;999997;999997;999;999;999;0;251110;9430;9199;999997;1;5;6;5;6;5;9;40;33;0;0;0;0;999999;292530;10;3999;0;0;8;999997;4597.00;3.25;4877.53;3.45;9430800;2;3;25.4;0;1;CNPJ;0;10;21;4597.00;4984.82;4597.00;5079.20;4945.80;4597.00;4597.00;4980.86;5778.02;5179.69;4597.00;1198;0;0;0
999997;999997;999997;999;999;999;0;251110;7490;7499;999997;1;3;3;6;3;1;9;44;20;0;0;11;0;999999;261160;10;2062;0;0;8;999997;2095.19;1.48;1767.60;1.25;7490199;1;6;1.9;2;1;CNPJ;0;60;19;0;0;0;0;0;0;0;0;0;0;1440.00;1198;0;0;0
999997;999997;999997;999;999;999;0;251110;7020;7416;999997;1;4;5;6;6;5;9;44;29;0;1;0;0;999999;261160;10;2062;0;0;2;999997;4734.99;3.35;3968.36;2.81;7020400;2;4;30.0;0;1;CNPJ;0;10;19;3778.21;3688.31;3890.49;4092.67;4092.67;3890.49;3890.49;3890.49;3890.49;3890.49;3890.49;1198;0;0;0
999997;999997;999997;999;999;999;0;251110;8411;7511;999997;1;5;6;5;6;4;9;40;38;0;0;0;0;999999;250750;10;1112;0;0;8;999997;5393.96;3.82;5393.96;3.82;8411600;1;9;14.0;0;1;CNPJ;0;96;24;5393.96;5393.96;5393.96;5393.96;5393.96;5393.96;5393.96;5393.96;5393.96;5393.96;5393.96;1198;0;0;0
999997;999997;999997;999;999;999;0;251110;7020;7416;999997;1;7;5;6;5;4;9;44;54;0;1;0;0;999999;261160;10;2062;0;0;8;999997;3890.49;2.75;4118.72;2.91;7020400;2;4;21.0;0;1;CNPJ;0;10;19;4818.07;3988.31;3890.49;4092.67;4092.67;3890.49;3890.49;3890.49;5199.47;3890.49;3890.49;1198;0;0;0
999997;999997;999997;999;999;999;31;251110;8532;8032;999997;0;5;7;5;99;4;10;40;37;0;0;0;1;999999;280030;10;2054;0;0;4;999997;;.00;6326.81;4.48;8532500;1;10;18.4;0;1;CNPJ;0;10;23;6326.81;0;0;0;0;0;0;0;0;0;0;1198;0;0;0
999997;999997;999997;999;999;999;21;251110;7490;7499;999997;0;5;5;6;99;1;9;44;33;0;1;6;8;999999;261160;10;2062;0;0;2;999997;;.00;3319.78;2.35;7490199;2;2;2.3;2;1;CNPJ;0;60;19;0;0;0;0;0;3440.00;4300.00;2219.35;0;0;0;1198;0;0;0
999997;999997;999997;999;999;999;0;251110;7220;7320;999997;1;5;99;6;99;7;9;44;37;0;0;0;0;999999;230440;10;3999;0;0;8;999997;;.00;.00;.00;7220700;1;5;68.6;0;1;CNPJ;0;10;19;0;0;0;0;0;0;0;0;0;0;0;1198;0;0;0
999997;999997;999997;999;999;999;0;251110;7220;7320;999997;1;4;4;5;5;1;9;40;28;0;0;11;0;999999;230440;10;2062;0;0;2;999997;3500.00;2.47;2275.00;1.61;7220700;2;3;1.3;2;1;CNPJ;0;60;19;0;0;0;0;0;0;0;0;0;0;1050.00;1198;0;0;0
999997;999997;999997;999;999;999;0;251110;4774;5249;999997;1;7;3;6;3;8;9;44;53;0;1;0;0;999999;220120;10;2062;0;0;8;999997;1498.00;1.06;1539.61;1.09;4774100;2;3;124.0;0;1;CNPJ;0;10;16;1498.00;1498.00;1498.00;1498.00;1498.00;1498.00;1997.33;1498.00;1498.00;1498.00;1498.00;1198;0;0;0
999997;999997;999997;999;999;999;0;251110;8513;8015;999997;1;5;7;5;7;2;9;40;35;0;0;7;0;999999;261160;10;3999;0;0;8;999997;6606.74;4.67;6362.42;4.50;8513900;2;7;5.9;2;1;CNPJ;0;10;23;0;0;0;0;0;0;5288.76;6846.19;5800.54;7977.25;5655.05;1198;0;0;0
999997;999997;999997;999;999;999;21;251110;7220;7320;999997;0;4;4;6;99;6;9;44;27;0;0;0;8;999999;211130;10;2062;0;0;2;999997;;.00;2683.42;1.90;7220700;2;3;37.3;0;1;CNPJ;0;10;19;2855.34;2793.25;2793.25;2916.15;2916.15;2916.16;2916.15;1360.87;0;0;0;1198;0;0;0
999997;999997;999997;999;999;999;0;251110;7210;7310;999997;1;5;5;5;6;2;10;40;38;0;0;9;0;999999;280030;10;3999;0;0;2;999997;4568.67;3.23;3997.59;2.83;7210000;1;6;3.5;2;1;CNPJ;0;10;19;0;0;0;0;0;0;0;0;2284.34;4568.67;4568.67;1198;0;0;0
999997;999997;999997;999;999;999;0;251110;9430;9199;999997;1;6;7;6;7;5;9;44;44;0;0;0;0;999999;292530;10;3999;0;0;8;999997;6068.00;4.29;6163.51;4.36;9430800;1;3;33.0;0;1;CNPJ;0;10;21;6068.00;7214.17;6068.00;6068.00;6068.00;6068.00;6068.00;6068.00;6068.00;6068.00;6068.00;1198;0;0;0
999997;999997;999997;999;999;999;0;251110;7220;7320;999997;1;5;99;6;99;7;9;44;38;0;0;0;0;999999;230440;10;3999;0;0;8;999997;;.00;.00;.00;7220700;1;5;66.4;0;1;CNPJ;0;10;19;0;0;0;0;0;0;0;0;0;0;0;1198;0;0;0
999997;999997;999997;999;999;999;0;251110;7220;7320;999997;1;6;99;6;99;7;9;44;48;0;0;0;0;999999;230440;10;3999;0;0;8;999997;;.00;.00;.00;7220700;1;5;66.4;0;1;CNPJ;0;10;19;0;0;0;0;0;0;0;0;0;0;0;1198;0;0;0
999997;999997;999997;999;999;999;0;251110;8411;7511;999997;1;5;9;5;10;8;10;40;38;0;0;0;0;999999;261160;10;1104;0;0;8;999997;18298.50;12.95;13023.10;9.22;8411600;2;10;182.9;0;1;CNPJ;0;30;24;17101.46;11620.31;11620.31;11620.31;12304.31;11962.31;12190.32;12389.83;12389.83;12389.83;12389.83;1198;0;0;0
999997;999997;999997;999;999;999;0;251110;7220;7320;999997;1;5;5;6;5;6;9;44;31;0;0;0;0;999999;211130;10;2062;0;0;8;999997;2916.15;2.06;2890.60;2.04;7220700;2;3;52.0;0;1;CNPJ;0;10;19;2855.34;2793.25;2793.25;2916.15;2916.15;2916.16;2916.15;2916.15;2916.16;2916.16;2916.16;1198;0;0;0
999997;999997;999997;999;999;999;0;251110;7220;7320;999997;1;4;5;6;5;5;9;44;28;0;0;0;0;999999;230440;10;2062;0;0;8;999997;3980.88;2.81;3761.98;2.66;7220700;1;3;24.5;0;1;CNPJ;0;10;19;3500.00;3500.00;3500.00;3500.00;3778.95;3778.95;3778.95;3778.95;3778.95;3778.95;4489.12;1198;0;0;0
999997;999997;999997;999;999;999;0;251110;8531;8031;999997;1;5;9;5;9;8;9;40;36;0;0;0;0;999999;292740;10;1104;0;0;2;999997;10773.61;7.63;11095.34;7.86;8531700;2;10;124.1;0;1;CNPJ;0;30;23;10431.61;10431.61;10431.61;10431.61;11115.61;15660.41;10773.61;10773.61;10773.61;10773.61;10773.61;1198;0;0;0
999997;999997;999997;999;999;999;0;251110;7220;7320;999997;1;3;99;6;99;7;9;44;24;0;0;0;0;999999;230440;10;3999;0;0;8;999997;;.00;.00;.00;7220700;1;5;66.4;0;1;CNPJ;0;10;19;0;0;0;0;0;0;0;0;0;0;0;1198;0;0;0
999997;999997;999997;999;999;999;11;251110;7490;7499;999997;0;6;8;6;99;4;9;44;42;0;0;0;3;999999;261160;10;2062;0;0;2;999997;;.00;7272.12;5.15;7490199;1;6;16.3;0;1;CNPJ;0;10;19;7272.12;178.12;0;0;0;0;0;0;0;0;0;1198;0;0;0
999997;999997;999997;999;999;999;0;251110;7112;7420;999997;1;5;6;6;6;3;9;42;30;0;0;5;0;999999;292740;10;2240;0;0;8;999997;4474.64;3.16;4474.64;3.16;7112000;1;7;7.9;2;1;CNPJ;0;10;19;0;0;0;0;4474.64;4474.64;4474.64;4474.64;4474.64;4474.64;4474.64;1198;0;0;0
999997;999997;999997;999;999;999;0;251110;8411;7511;999997;1;4;6;5;6;3;9;40;28;0;0;1;0;999999;250750;10;1112;0;0;8;999997;5393.95;3.82;5378.97;3.81;8411600;1;9;11.9;2;1;CNPJ;0;96;24;5214.15;5393.95;5393.95;5393.95;5393.95;5393.95;5393.95;5393.95;5393.95;5393.95;5393.95;1198;0;0;0
999997;999997;999997;999;999;999;0;251110;8411;7511;999997;1;5;7;6;6;7;9;44;33;0;0;0;0;999999;260680;10;1244;0;0;9;999997;5336.78;3.77;5773.06;4.08;8411600;1;7;102.5;0;1;CNPJ;0;30;24;0;6874.34;6874.34;7060.78;5336.78;5336.78;5336.78;5336.78;5336.78;5336.78;5336.78;1198;0;0;0
999997;999997;999997;999;999;999;0;251110;7490;7499;999997;1;3;3;6;3;2;9;44;21;0;0;9;0;999999;261160;10;2062;0;0;8;999997;1904.12;1.34;1958.95;1.38;7490199;1;6;3.7;2;1;CNPJ;0;10;19;0;0;0;0;0;0;0;0;1451.18;2283.07;2197.44;1198;0;0;0
999997;999997;999997;999;999;999;0;251110;7220;7320;999997;1;5;5;6;5;3;9;44;38;0;0;7;0;999999;211130;10;2062;0;0;2;999997;3500.00;2.47;3500.00;2.47;7220700;1;3;6.0;2;1;CNPJ;0;10;19;0;0;0;0;0;0;3500.00;3500.00;3500.00;3500.00;3500.00;1198;0;0;0
999997;999997;999997;999;999;999;0;251110;4222;4529;999997;1;5;6;6;6;2;9;44;30;1;0;9;0;999999;290490;10;9999;0;0;8;999997;4500.00;3.18;4340.80;3.07;4222701;1;3;3.8;2;6;CNO;0;10;15;0;0;0;0;0;0;0;0;3750.00;4573.16;4540.02;1198;0;0;0
999997;999997;999997;999;999;999;21;251110;7220;7320;999997;0;4;4;6;99;4;9;44;27;0;0;0;7;999999;230440;10;2062;0;0;8;999997;;.00;2806.45;1.98;7220700;1;3;14.7;0;1;CNPJ;0;10;19;3000.00;3000.00;3000.00;3000.00;3000.00;3000.00;1645.16;0;0;0;0;1198;0;0;0
999997;999997;999997;999;999;999;0;251110;7490;7499;999997;1;5;7;6;7;5;9;44;30;0;0;0;0;999999;261160;10;2062;0;0;8;999997;5868.63;4.15;5651.68;4.00;7490199;2;6;33.9;0;1;CNPJ;0;10;19;5295.00;5295.00;5295.00;5295.00;5295.00;5824.50;5559.75;7413.00;5559.75;5559.75;5559.75;1198;0;0;0
999997;999997;999997;999;999;999;0;251110;7220;7320;999997;1;5;99;6;99;7;9;44;33;0;0;0;0;999999;230440;10;3999;0;0;8;999997;;.00;.00;.00;7220700;1;5;66.4;0;1;CNPJ;0;10;19;0;0;0;0;0;0;0;0;0;0;0;1198;0;0;0
999997;999997;999997;999;999;999;0;251110;8411;7511;999997;1;5;6;5;6;2;9;40;33;0;0;8;0;999999;250750;10;1112;0;0;8;999997;5393.95;3.82;5393.95;3.82;8411600;2;9;5.0;2;1;CNPJ;0;96;24;0;0;0;0;0;0;0;5393.95;5393.95;5393.95;5393.95;1198;0;0;0
999997;999997;999997;999;999;999;0;251110;7490;7499;999997;1;6;7;6;7;5;9;44;49;0;0;0;0;999999;261160;10;2062;0;0;9;999997;6622.83;4.69;6311.60;4.47;7490199;1;6;26.0;0;1;CNPJ;0;10;19;7361.33;6874.52;6083.23;5890.77;5542.27;6159.05;5771.50;5771.50;6100.55;7525.93;6035.77;1198;0;0;0
999997;999997;999997;999;999;999;0;251110;7490;7499;999997;1;6;5;6;5;5;9;44;41;0;0;0;0;999999;261160;10;2062;0;0;9;999997;3066.09;2.17;2838.41;2.01;7490199;1;6;30.0;0;1;CNPJ;0;10;19;3496.00;2622.00;2622.00;2622.00;2622.00;2884.20;2753.10;2841.52;2765.06;2899.46;2867.43;1198;0;0;0
999997;999997;999997;999;999;999;0;251110;7020;7416;999997;1;5;6;6;6;2;9;44;34;0;1;8;0;999999;261160;10;2062;0;0;8;999997;5171.91;3.66;5171.91;3.66;7020400;2;4;5.0;2;1;CNPJ;0;10;19;0;0;0;0;0;0;0;5171.91;5171.91;5171.91;5171.91;1198;0;0;0
999997;999997;999997;999;999;999;0;251110;7220;7320;999997;1;5;99;6;99;7;9;44;33;0;0;0;0;999999;230440;10;3999;0;0;8;999997;;.00;.00;.00;7220700;1;5;62.8;0;1;CNPJ;0;10;19;0;0;0;0;0;0;0;0;0;0;0;1198;0;0;0
999997;999997;999997;999;999;999;12;251110;7490;7499;999997;0;5;5;6;99;1;9;44;33;0;1;7;10;999999;261160;10;2062;0;0;4;999997;;.00;3155.65;2.23;7490199;2;2;2.9;2;1;CNPJ;0;60;19;0;0;0;0;0;0;2912.90;4300.00;4300.00;1109.68;0;1198;0;0;0
999997;999997;999997;999;999;999;11;251110;9430;9199;999997;0;6;7;5;99;4;9;40;47;0;0;0;8;999999;292530;10;3999;0;0;8;999997;;.00;6017.43;4.26;9430800;2;3;22.8;0;1;CNPJ;0;10;21;6068.00;6068.00;6068.00;6944.49;7416.44;6068.00;6068.00;3438.53;0;0;0;1198;0;0;0
999997;999997;999997;999;999;999;0;251110;7220;7320;999997;1;5;99;6;99;7;9;44;38;0;0;0;0;999999;230440;10;3999;0;0;8;999997;;.00;.00;.00;7220700;1;5;66.4;0;1;CNPJ;0;10;19;0;0;0;0;0;0;0;0;0;0;0;1198;0;0;0
999997;999997;999997;999;999;999;11;251110;7112;7420;999997;0;5;5;6;99;3;9;42;35;0;0;0;5;999999;261160;10;2151;0;0;9;999997;;.00;4000.00;2.83;7112000;1;6;6.2;0;1;CNPJ;0;10;19;4000.00;4000.00;4000.00;4000.00;131.28;0;0;0;0;0;0;1198;0;0;0
999997;999997;999997;999;999;999;0;251110;8532;8032;999997;1;6;9;5;9;7;11;40;41;0;0;0;0;999999;240810;10;1104;0;0;8;999997;10053.66;7.12;10345.40;7.32;8532500;1;10;69.1;0;1;CNPJ;0;30;23;9711.66;9711.66;9711.66;9711.66;10395.66;14580.49;10053.66;10053.66;10053.66;10053.66;10053.66;1198;0;0;0
999997;999997;999997;999;999;999;11;251110;7220;7320;999997;0;7;99;6;99;6;9;44;54;0;0;0;11;999999;230440;10;3999;0;0;8;999997;;.00;.00;.00;7220700;1;5;39.4;0;1;CNPJ;0;10;19;0;0;0;0;0;0;0;0;.00;.00;0;1198;0;0;0
999997;999997;999997;999;999;999;0;251110;7220;7320;999997;1;5;99;6;99;7;9;44;37;0;0;0;0;999999;230440;10;3999;0;0;8;999997;;.00;.00;.00;7220700;1;5;68.6;0;1;CNPJ;0;10;19;0;0;0;0;0;0;0;0;0;0;0;1198;0;0;0
999997;999997;999997;999;999;999;11;251110;7490;7499;999997;0;6;6;6;99;3;9;44;40;0;0;0;4;999999;261160;10;2062;0;0;8;999997;;.00;4722.22;3.34;7490199;1;6;10.8;0;1;CNPJ;0;10;19;5000.00;5000.00;4166.67;0;0;0;0;0;0;0;0;1198;0;0;0
999997;999997;999997;999;999;999;0;251110;7220;7320;999997;1;6;6;6;6;6;9;44;45;0;1;0;0;999999;292740;10;2062;0;0;8;999997;4259.76;3.01;4748.71;3.36;7220700;1;3;50.8;0;1;CNPJ;0;10;19;5123.35;5123.35;5123.35;7536.38;4259.76;4259.76;4259.76;4259.76;4259.76;4259.76;4259.76;1198;0;0;0
999997;999997;999997;999;999;999;0;251110;7220;7320;999997;1;6;3;6;2;4;9;44;47;0;0;0;0;999999;230440;10;3999;0;0;8;999997;1412.00;1.00;1451.22;1.03;7220700;1;5;23.0;0;1;CNPJ;0;10;19;1412.00;1804.22;1490.45;1412.00;1412.00;1412.00;1412.00;1412.00;1412.00;1412.00;1412.00;1198;0;0;0
999997;999997;999997;999;999;999;0;251110;7220;7320;999997;1;6;7;4;7;2;11;30;47;0;1;8;0;999999;292740;10;2062;0;0;2;999997;7000.00;4.95;5833.33;4.12;7220700;1;3;4.1;2;1;CNPJ;0;10;19;0;0;0;0;0;0;0;1166.67;7000.00;7000.00;7000.00;1198;0;0;0
999997;999997;999997;999;999;999;11;251110;7490;7499;999997;0;4;99;6;99;4;9;44;27;0;0;0;1;999999;261160;10;2062;0;0;6;999997;;.00;.00;.00;7490199;1;6;18.3;0;1;CNPJ;0;10;19;0;0;0;0;0;0;0;0;0;0;0;1198;0;0;0
999997;999997;999997;40;999;999;0;251110;8531;8031;999997;1;5;6;5;6;8;10;40;35;0;0;0;0;999999;420420;10;3069;1;1;2;999997;4519.24;3.20;4644.09;3.29;8531700;2;9;141.0;0;1;CNPJ;4;10;23;5838.53;4330.43;4519.24;4523.76;4519.24;4519.24;4519.24;4882.46;4519.24;4519.24;4519.24;1198;0;0;0
999997;999997;999997;999;999;999;0;251110;8531;8031;999997;1;5;9;5;9;8;11;40;37;0;0;0;0;999999;410690;10;1104;0;0;2;999997;12534.13;8.87;12180.22;8.62;8531700;1;10;166.2;0;1;CNPJ;0;30;23;10346.36;10346.36;10346.36;10346.36;11030.36;19386.87;12111.75;12111.75;12534.13;12534.13;12534.13;1198;0;0;0
999997;999997;999997;999;999;999;0;251110;8411;7511;999997;1;7;4;3;5;1;9;20;50;0;0;11;0;999999;431890;10;1244;0;0;2;999997;3459.74;2.45;2306.50;1.63;8411600;2;9;1.3;2;1;CNPJ;0;30;24;0;0;0;0;0;0;0;0;0;0;1153.25;1198;0;0;0
999997;999997;999997;999;999;999;12;251110;8211;7499;999997;0;5;5;6;99;1;9;44;32;0;1;1;1;999999;411520;10;2062;0;0;4;999997;;.00;3866.67;2.73;8211300;1;2;.9;2;1;CNPJ;0;60;19;3866.67;0;0;0;0;0;0;0;0;0;0;1198;0;0;0
999997;999997;999997;999;999;999;0;251110;7220;7320;999997;1;7;5;5;5;8;9;34;54;0;1;0;0;999999;421870;10;2062;0;0;2;999997;4223.19;2.99;4089.26;2.89;7220700;1;5;154.0;0;1;CNPJ;0;10;19;3857.90;3857.90;3857.90;3857.90;3965.17;4659.04;4788.47;4000.92;4000.92;4000.92;4000.92;1198;0;0;0
999997;999997;999997;999;999;999;12;251110;8411;7511;999997;0;7;5;3;99;3;9;20;50;0;0;4;10;999999;431890;10;1244;0;0;2;999997;;.00;2883.20;2.04;8411600;2;9;6.0;2;1;CNPJ;0;97;24;0;0;0;691.95;3459.75;3459.75;3459.75;3459.75;3459.75;2191.68;0;1198;0;0;0
999997;999997;999997;999;999;999;0;251110;7220;7320;999997;1;6;6;5;6;7;9;40;43;0;1;0;0;999999;420540;10;2062;0;0;2;999997;4707.82;3.33;4273.18;3.02;7220700;2;2;83.0;0;1;CNPJ;0;10;19;5030.89;4153.95;4153.95;4153.95;4153.95;4153.95;4153.95;4153.95;4153.95;4153.95;4153.95;1198;0;0;0
999997;999997;999997;40;40;999;0;251110;8531;8031;999997;1;6;2;99;2;5;9;99;40;0;0;0;0;999999;420460;10;3069;0;60;2;999997;1140.80;.80;1199.34;.84;8531700;1;10;24.5;0;1;CNPJ;0;10;23;822.72;321.38;1139.20;1485.41;1558.39;1203.48;1221.01;1426.00;855.60;0;1140.80;1198;1;0;0
999997;999997;999997;999;999;999;0;251110;7112;7420;999997;1;4;5;6;5;3;9;44;29;0;0;5;0;999999;421950;10;2062;0;0;8;999997;3200.00;2.26;2946.67;2.08;7112000;2;5;7.3;2;1;CNPJ;0;10;19;0;0;0;0;1173.33;3200.00;3200.00;3200.00;3200.00;3200.00;3200.00;1198;0;0;0
999997;999997;999997;999;999;999;0;251110;8411;7511;999997;1;5;5;5;5;5;9;40;32;0;0;0;0;999999;430160;10;1244;0;0;2;999997;2899.06;2.05;2931.68;2.07;8411600;1;10;29.6;0;1;CNPJ;0;30;24;2754.11;2754.11;2754.11;2899.06;2899.06;3725.29;2899.06;2899.06;2899.06;2899.06;2899.06;1198;0;0;0
999997;999997;999997;999;999;999;11;251110;7112;7420;999997;0;5;7;6;99;7;9;41;37;0;0;0;10;999999;420890;10;2062;0;0;4;999997;;.00;5684.03;4.02;7112000;1;4;92.4;0;1;CNPJ;0;10;19;5751.28;5565.75;5565.75;5565.75;6122.33;5874.96;5565.76;5565.75;5578.94;0;0;1198;0;0;0
999997;999997;999997;999;999;999;0;251110;8411;7511;999997;1;6;5;5;5;8;10;40;41;0;0;0;0;999999;431440;10;1244;0;0;2;999997;4099.74;2.90;4213.62;2.98;8411600;2;10;155.8;0;1;CNPJ;0;30;24;4099.74;5466.32;4099.74;4099.74;4099.74;4099.74;4099.74;4099.74;4099.74;4099.74;4099.74;1198;0;0;0
999997;999997;999997;70;999;999;0;251110;8550;7416;999997;1;7;99;5;99;8;9;40;64;0;0;0;0;999999;420540;10;3069;0;365;2;999997;;.00;.00;.00;8550302;2;8;340.3;0;1;CNPJ;0;10;19;0;0;0;0;0;0;0;0;0;0;0;1198;0;0;0
999997;999997;999997;50;40;999;11;251110;7220;7320;999997;0;5;99;6;99;7;9;44;38;0;1;0;1;999999;421870;10;2062;0;87;8;999997;;.00;.00;.00;7220700;2;5;77.8;0;1;CNPJ;0;10;19;0;0;0;0;0;0;0;0;0;0;0;1198;0;0;0
999997;999997;999997;40;999;999;0;251110;7220;7320;999997;1;5;3;2;3;8;9;14;34;0;1;0;0;999999;421870;10;2062;0;15;2;999997;1998.39;1.41;1837.40;1.30;7220700;1;5;127.4;0;1;CNPJ;0;10;19;1740.24;1740.24;1740.24;1740.24;1783.98;1813.12;1798.55;2198.23;1898.46;1798.55;1798.55;1198;0;0;0
999997;999997;999997;999;999;999;0;251110;4221;4531;999997;1;5;6;6;7;7;9;44;36;0;1;0;0;999999;421950;10;2062;0;0;2;999997;5923.27;4.19;5011.79;3.54;4221901;1;5;71.4;0;1;CNPJ;0;10;15;5327.80;4701.00;4701.00;4936.05;4936.05;4936.05;4936.05;4936.05;4936.05;4936.05;4936.05;1198;0;0;0
999997;999997;999997;999;999;999;11;251110;7220;7320;999997;0;8;4;6;99;6;9;44;65;0;1;0;10;999999;431440;10;2062;0;0;9;999997;;.00;2413.13;1.70;7220700;1;2;44.1;0;1;CNPJ;0;10;19;2518.60;2399.95;2399.95;2399.95;2399.95;2399.95;2399.95;2399.95;2399.95;160.00;0;1198;0;0;0
999997;999997;999997;999;999;999;0;251110;7220;7320;999997;1;6;6;6;6;4;9;44;45;0;1;0;0;999999;421870;10;2062;0;0;2;999997;5035.08;3.56;4423.58;3.13;7220700;1;5;17.4;0;1;CNPJ;0;10;19;4178.40;4178.40;4178.40;4178.40;4289.28;4430.72;4326.24;4423.14;5212.44;4326.24;4326.24;1198;0;0;0
999997;999997;999997;999;999;999;0;251110;7220;7320;999997;1;5;6;6;6;7;9;44;37;0;0;0;0;999999;431440;10;3999;0;0;2;999997;5463.11;3.86;5371.91;3.80;7220700;1;2;73.4;0;1;CNPJ;0;10;19;5190.60;5190.60;5190.60;5190.60;5190.60;5190.60;5190.60;5190.60;5190.60;6286.38;5998.02;1198;0;0;0
999997;999997;999997;999;999;999;0;251110;7220;7320;999997;1;5;99;99;99;3;9;99;34;0;1;5;0;999999;410420;10;2062;0;0;8;999997;;.00;.00;.00;7220700;1;2;7.9;2;1;CNPJ;0;10;19;0;0;0;0;0;0;0;0;0;74.23;0;1198;1;0;0
999997;999997;999997;999;999;999;0;251110;7220;7320;999997;1;5;8;6;8;8;11;44;36;0;1;0;0;999999;421870;10;2062;0;0;2;999997;8986.07;6.36;7400.35;5.24;7220700;1;5;159.0;0;1;CNPJ;0;10;19;9427.16;6909.53;6909.53;6909.53;7048.34;7140.90;7094.62;7094.62;7094.62;7094.62;7094.62;1198;0;0;0
999997;999997;999997;999;999;999;0;251110;7220;7320;999997;1;6;5;99;4;7;11;99;45;0;1;0;0;999999;421870;10;2062;0;0;2;999997;2688.51;1.90;2882.40;2.04;7220700;1;5;107.5;0;1;CNPJ;0;10;19;2697.51;3209.79;2595.97;2595.97;2665.38;3429.60;2957.36;3233.13;2688.51;3138.51;2688.51;1198;0;0;0
999997;999997;999997;999;999;999;0;251110;8531;8031;999997;1;7;9;5;9;8;10;40;55;0;0;0;0;999999;420540;10;1104;0;0;2;999997;10406.74;7.37;10723.98;7.59;8531700;2;10;138.3;0;1;CNPJ;0;30;23;10194.20;10064.74;10064.74;10064.74;10748.74;15110.11;10406.74;10406.74;10406.74;10406.74;10406.74;1198;0;0;0
999997;999997;999997;999;999;999;0;251110;8411;7511;999997;1;5;8;4;8;7;10;30;39;0;0;0;0;999999;430700;10;1244;0;0;8;999997;7653.89;5.42;7739.90;5.48;8411600;1;10;113.8;0;1;CNPJ;0;30;24;7269.60;7694.89;7737.89;7695.89;7695.89;7758.89;7716.89;7695.89;7758.89;8079.11;8121.11;1198;0;0;0
999997;999997;999997;999;999;999;0;251110;7490;7499;999997;1;7;5;6;6;8;9;44;64;0;1;0;0;999999;410690;10;2062;0;0;2;999997;4244.73;3.00;3837.62;2.71;7490199;1;2;131.2;0;1;CNPJ;0;10;19;4282.50;3556.00;3556.00;3556.00;3556.00;3883.36;3883.36;3883.36;3883.36;3883.36;3883.36;1198;0;0;0
999997;999997;999997;999;999;999;0;251110;8211;7499;999997;1;5;6;6;6;5;9;44;33;0;1;0;0;999999;411520;10;2062;0;0;9;999997;4725.00;3.34;4756.25;3.36;8211300;1;2;24.8;0;1;CNPJ;0;10;19;6000.00;4500.00;4500.00;4500.00;4500.00;4725.00;4725.00;4725.00;4725.00;4725.00;4725.00;1198;0;0;0
999997;999997;999997;999;999;999;0;251110;7220;7320;999997;1;5;5;4;6;7;10;22;35;0;1;0;0;999999;421870;10;2062;0;0;2;999997;4247.88;3.00;3497.77;2.47;7220700;1;5;85.6;0;1;CNPJ;0;10;19;3452.36;3487.75;3095.97;3095.97;3379.48;3630.61;3388.20;3656.37;3396.89;3499.56;3642.21;1198;0;0;0
999997;999997;999997;999;999;999;0;251110;7112;7420;999997;1;5;5;6;6;6;9;44;32;0;0;0;0;999999;421950;10;2062;0;0;2;999997;4832.33;3.42;4127.04;2.92;7112000;2;5;52.6;0;1;CNPJ;0;10;19;3635.73;3208.00;3208.00;5803.64;3990.00;3990.00;4896.82;3990.00;3990.00;3990.00;3990.00;1198;0;0;0
999997;999997;999997;999;999;999;0;251110;8532;8032;999997;1;7;9;5;9;8;10;40;53;0;0;0;0;999999;431560;10;1139;0;0;2;999997;10406.74;7.37;10713.19;7.58;8532500;2;10;178.7;0;1;CNPJ;0;30;23;10064.74;10064.74;10064.74;10064.74;10748.74;15110.11;10406.74;10406.74;10406.74;10406.74;10406.74;1198;0;0;0
999997;999997;999997;999;999;999;12;251110;8211;7499;999997;0;4;3;6;99;1;9;44;26;0;1;9;10;999999;420420;10;2062;0;0;2;999997;;.00;1583.33;1.12;8211300;2;1;1.0;2;1;CNPJ;0;60;19;0;0;0;0;0;0;0;0;316.67;1583.33;0;1198;0;0;0
999997;999997;999997;999;999;999;0;251110;7220;7320;999997;1;5;4;5;5;4;9;40;31;0;1;0;0;999999;431560;10;2135;0;0;9;999997;3062.23;2.16;2662.49;1.88;7220700;2;2;16.7;0;1;CNPJ;0;10;19;2500.00;2500.00;2500.00;2500.00;2500.00;2500.00;2500.00;2878.19;2650.00;2650.00;3209.44;1198;0;0;0
999997;999997;999997;999;999;999;0;251110;8412;7512;999997;1;5;9;5;99;5;9;40;37;0;0;0;0;999999;431490;10;1023;0;0;2;999997;;.00;11128.44;7.88;8412400;1;7;28.2;0;1;CNPJ;0;30;24;7985.82;8135.79;9916.45;12078.69;11712.09;12112.09;12059.92;12075.73;12112.09;12112.09;12112.09;1198;0;0;0
999997;999997;999997;999;999;999;0;251110;7112;7420;999997;1;6;99;6;99;3;9;44;42;0;0;5;0;999999;420540;10;2062;0;0;2;999997;;.00;.00;.00;7112000;2;8;7.7;2;1;CNPJ;0;10;19;0;0;0;0;0;0;0;0;0;0;0;1198;0;0;0
999997;999997;999997;999;999;999;0;251110;8411;7511;999997;1;6;6;3;8;3;9;20;47;0;0;2;0;999999;431750;10;1244;0;0;2;999997;8039.38;5.69;5637.97;3.99;8411600;1;10;10.8;2;1;CNPJ;0;30;24;0;3141.96;5550.02;5939.76;5469.91;5528.64;5822.30;5646.10;6409.60;6409.60;4060.38;1198;0;0;0
999997;999997;999997;999;999;999;0;251110;9102;9252;999997;1;7;9;5;10;8;9;40;58;0;0;0;0;999999;420820;10;1155;1;0;2;999997;14261.35;10.10;12403.80;8.78;9102301;1;4;261.6;0;1;CNPJ;1;30;21;11461.63;11461.63;11461.63;11461.63;11884.56;11884.56;17430.40;11884.56;11884.56;11884.56;11884.56;1198;0;0;0
999997;999997;999997;999;999;999;11;251110;7220;7320;999997;0;5;5;6;99;3;9;44;37;0;1;0;5;999999;421870;10;2062;0;0;2;999997;;.00;3168.25;2.24;7220700;1;5;10.1;0;1;CNPJ;0;10;19;3801.90;3801.90;3801.90;3801.90;633.65;0;0;0;0;0;0;1198;0;0;0
999997;999997;999997;999;999;999;0;251110;7220;7320;999997;1;4;5;6;5;1;9;44;27;0;1;10;0;999999;421870;10;2062;0;0;8;999997;3942.58;2.79;3679.74;2.60;7220700;2;5;2.8;2;1;CNPJ;0;10;19;0;0;0;0;0;0;0;0;0;3154.06;3942.58;1198;0;0;0
999997;999997;999997;999;999;999;0;251110;7112;7420;999997;1;6;9;6;9;3;9;44;42;0;0;5;0;999999;420540;10;2062;0;0;2;999997;10500.00;7.43;10193.75;7.21;7112000;2;8;7.7;2;1;CNPJ;0;10;19;0;0;0;0;8050.00;10500.00;10500.00;10500.00;10500.00;10500.00;10500.00;1198;0;0;0
999997;999997;999997;999;999;999;0;251110;7220;7320;999997;1;6;6;6;6;7;9;44;44;0;0;0;0;999999;420460;10;2062;0;0;2;999997;4500.00;3.18;4600.00;3.25;7220700;1;2;66.5;0;1;CNPJ;0;10;19;5700.00;4500.00;4500.00;4500.00;4500.00;4500.00;4500.00;4500.00;4500.00;4500.00;4500.00;1198;0;0;0
999997;999997;999997;999;999;999;0;251110;8412;7512;999997;1;5;8;5;99;5;10;40;37;0;0;0;0;999999;431490;10;1023;0;0;2;999997;;.00;9038.82;6.40;8412400;2;7;28.5;0;1;CNPJ;0;30;24;15087.64;8469.69;8469.69;8469.69;8103.09;8503.09;8311.79;8503.09;8503.09;8503.09;8503.09;1198;0;0;0
999997;999997;999997;999;999;999;0;251110;7112;7420;999997;1;6;4;6;4;4;10;44;46;0;0;0;0;999999;420540;10;2240;0;0;2;999997;2500.00;1.77;2500.00;1.77;7112000;2;7;19.3;0;1;CNPJ;0;10;19;2500.00;2500.00;2500.00;2500.00;2500.00;2500.00;2500.00;2500.00;2500.00;2500.00;2500.00;1198;0;0;0
999997;999997;999997;40;40;999;0;251110;8411;7511;999997;1;7;8;5;8;8;9;40;64;0;0;0;0;999999;420910;10;1244;0;2;2;999997;7497.11;5.30;7540.92;5.34;8411600;2;10;339.2;0;1;CNPJ;0;30;24;7136.22;7136.22;7359.59;7359.59;7351.78;7350.67;9448.98;7359.59;7497.11;7497.11;7497.11;1198;0;0;0
999997;999997;999997;999;999;999;11;251110;7220;7320;999997;0;7;5;6;99;6;9;44;51;0;1;0;5;999999;421870;10;2062;0;0;2;999997;;.00;4021.05;2.84;7220700;1;5;37.9;0;1;CNPJ;0;10;19;4864.17;4864.17;4864.17;4864.17;648.55;0;0;0;0;0;0;1198;0;0;0
999997;999997;999997;999;999;999;0;251110;7220;7320;999997;1;5;5;6;5;2;9;44;37;0;1;9;0;999999;421870;10;2062;0;0;2;999997;3942.58;2.79;3909.73;2.77;7220700;1;5;3.9;2;1;CNPJ;0;10;19;0;0;0;0;0;0;0;0;3811.16;3942.58;3942.58;1198;0;0;0
999997;999997;999997;999;999;999;0;251110;8532;8032;999997;1;6;9;5;9;8;10;40;43;0;0;0;0;999999;431440;10;1139;0;0;2;999997;11154.78;7.89;11069.28;7.83;8532500;1;10;142.0;0;1;CNPJ;0;30;23;10812.78;10812.78;10812.78;10812.78;11496.78;11154.78;11154.78;11154.78;11154.78;11154.78;11154.78;1198;0;0;0
999997;999997;999997;999;999;999;11;251110;8211;7499;999997;0;5;5;6;99;4;9;44;35;0;1;0;3;999999;411520;10;2062;0;0;2;999997;;.00;3372.63;2.38;8211300;2;2;12.3;0;1;CNPJ;0;10;19;4047.16;4047.16;2023.58;0;0;0;0;0;0;0;0;1198;0;0;0
999997;999997;999997;999;999;999;0;251110;7112;7420;999997;1;5;6;6;6;4;9;44;31;0;0;0;0;999999;421950;10;2062;0;0;2;999997;4946.66;3.50;4409.57;3.12;7112000;1;5;17.6;0;1;CNPJ;0;10;19;3500.00;5818.18;4000.00;4200.00;4868.18;4200.00;4581.82;4200.00;4200.00;4200.00;4200.00;1198;0;0;0
999997;999997;999997;999;999;999;0;251110;7220;7320;999997;1;5;5;6;6;4;9;44;35;0;1;0;0;999999;410420;10;2062;0;0;8;999997;4755.56;3.36;3813.70;2.69;7220700;2;2;14.1;0;1;CNPJ;0;10;19;3626.10;3626.10;3626.10;3626.10;3626.10;3626.10;3626.10;3626.10;4000.00;4000.00;4000.00;1198;0;0;0
999997;999997;999997;999;999;999;11;251110;4221;4531;999997;0;5;6;6;99;7;9;44;31;0;1;0;12;999999;421950;10;2062;0;0;8;999997;;.00;5568.08;3.94;4221901;2;5;74.5;0;1;CNPJ;0;10;15;5966.86;5317.00;5317.00;5582.85;5582.85;5582.85;5582.85;5582.85;5582.85;5582.85;0;1198;0;0;0
999997;999997;999997;999;999;999;0;251110;7220;7320;999997;1;4;5;6;5;6;9;44;27;0;1;0;0;999999;421870;10;2062;0;0;8;999997;4205.42;2.97;3867.62;2.73;7220700;1;5;53.7;0;1;CNPJ;0;10;19;3696.86;3656.24;3656.24;3656.24;3757.46;3824.92;4490.52;3791.19;3791.19;3942.58;3942.58;1198;0;0;0
999997;999997;999997;999;999;999;0;251110;7220;7320;999997;1;5;4;6;4;7;9;44;35;0;1;0;0;999999;421870;10;2062;0;0;2;999997;2473.33;1.75;2156.11;1.52;7220700;1;2;82.4;0;1;CNPJ;0;10;19;2400.00;2100.00;2100.00;2100.00;2100.00;2100.00;2100.00;2100.00;2100.00;2100.00;2100.00;1198;0;0;0
999997;999997;999997;999;999;999;0;251110;7220;7320;999997;1;4;5;6;5;2;9;44;25;0;1;9;0;999999;410480;10;2062;0;0;2;999997;3500.00;2.47;3208.33;2.27;7220700;1;2;3.6;2;1;CNPJ;0;10;19;0;0;0;0;0;0;0;0;2333.33;3500.00;3500.00;1198;0;0;0
999997;999997;999997;999;999;999;0;251110;7220;7320;999997;1;5;5;4;6;8;9;30;37;0;1;0;0;999999;421870;10;2062;0;0;2;999997;4252.98;3.01;3961.94;2.80;7220700;1;5;127.1;0;1;CNPJ;0;10;19;4883.14;3883.15;3883.15;4200.05;4152.65;4042.25;4009.18;3559.18;3559.18;3559.18;3559.18;1198;0;0;0
999997;999997;999997;999;999;999;0;251110;6911;7411;999997;1;4;6;5;7;4;9;40;25;0;0;0;0;999999;410690;10;2232;0;0;2;999997;6667.50;4.72;4745.00;3.36;6911701;2;3;20.9;0;1;CNPJ;0;10;19;3450.00;4500.00;4500.00;4500.00;4500.00;4725.00;4725.00;4725.00;4725.00;5197.50;4725.00;1198;0;0;0
999997;999997;999997;999;999;999;0;251110;8531;8031;999997;1;6;8;5;9;7;10;40;41;0;0;0;0;999999;420540;10;1104;0;0;8;999997;10163.08;7.19;9744.36;6.90;8531700;1;10;67.0;0;1;CNPJ;0;30;23;9591.87;9011.54;9011.54;9011.54;9695.54;13679.47;9353.54;9353.54;9353.54;9353.54;9353.54;1198;0;0;0
999997;999997;999997;999;999;999;0;251110;7220;7320;999997;1;5;6;6;7;6;9;44;30;0;1;0;0;999999;421870;10;2062;0;0;2;999997;6143.34;4.35;5232.45;3.70;7220700;1;5;50.6;0;1;CNPJ;0;10;19;5788.48;4864.17;4864.17;5017.24;5170.77;5094.81;5047.44;5047.44;5133.48;5211.57;5406.54;1198;0;0;0
999997;999997;999997;999;999;999;0;251110;8412;7512;999997;1;5;8;5;99;5;10;40;38;0;0;0;0;999999;431490;10;1023;0;0;2;999997;;.00;8454.58;5.98;8412400;1;7;29.1;0;1;CNPJ;0;30;24;8469.69;8469.69;8469.69;8469.69;8103.09;8503.09;8503.09;8503.09;8503.09;8503.09;8503.09;1198;0;0;0
999997;999997;999997;40;40;40;0;251110;8411;7511;999997;1;5;7;5;7;7;9;40;36;0;0;0;0;999999;420910;10;1244;0;7;2;999997;6708.41;4.75;6697.18;4.74;8411600;2;10;69.8;0;1;CNPJ;0;30;24;6896.68;6385.37;6708.43;6708.41;6708.41;6708.41;6708.41;6708.42;6708.41;6708.41;6708.41;1198;0;0;0
999997;999997;999997;999;999;999;0;251110;7220;7320;999997;1;6;6;6;6;7;9;44;47;0;1;0;0;999999;421870;10;2062;0;0;8;999997;5608.27;3.97;5149.93;3.64;7220700;1;5;64.4;0;1;CNPJ;0;10;19;4864.17;4864.17;4864.17;4864.17;5001.62;5093.26;5047.44;5047.44;5496.10;6000.85;5047.44;1198;0;0;0
999997;999997;999997;999;999;999;21;251110;1622;2022;999997;0;6;3;6;99;1;9;44;43;0;1;3;5;999999;421770;10;2135;0;0;2;999997;;.00;2044.13;1.44;1622602;1;2;2.4;2;1;CNPJ;0;60;7;0;0;2797.94;2574.38;760.07;0;0;0;0;0;0;1198;0;0;0
999997;999997;999997;999;999;999;0;251110;7220;7320;999997;1;5;99;6;99;7;9;44;35;0;0;0;0;999999;351518;10;2062;0;0;9;999997;;.00;.00;.00;7220700;1;3;76.7;0;1;CNPJ;0;10;19;0;0;0;0;0;0;0;0;0;0;0;1198;0;0;0
999997;999997;999997;999;999;999;0;251110;7112;7420;999997;1;4;99;99;99;3;9;99;29;0;0;5;0;999999;350570;10;2062;0;0;8;999997;;.00;.00;.00;7112000;1;6;7.2;2;1;CNPJ;0;10;19;0;0;0;0;0;0;0;0;0;0;0;1198;1;0;0
999997;999997;999997;999;999;999;11;251110;8211;7499;999997;0;6;4;6;99;3;9;44;41;0;0;0;3;999999;355030;10;2062;0;0;8;999997;;.00;2202.41;1.56;8211300;1;2;7.9;0;1;CNPJ;0;10;19;1700.00;2704.81;59.27;0;0;0;0;0;0;0;0;1198;0;0;0
999997;999997;999997;999;999;999;0;251110;2622;3022;999997;1;6;4;6;4;7;9;44;43;0;0;0;0;999999;355030;10;2046;0;0;2;999997;2196.52;1.55;2166.68;1.53;2622100;2;10;63.0;0;1;CNPJ;0;10;4;1850.25;1850.25;1850.25;1850.25;2196.52;2196.52;3223.46;2196.52;2196.52;2196.52;2196.52;1198;0;0;0
999997;999997;999997;999;999;999;0;251110;7112;7420;999997;1;5;5;6;99;4;9;44;31;0;0;0;0;999999;355030;10;2054;0;0;8;999997;;.00;3130.98;2.21;7112000;2;10;14.9;0;1;CNPJ;0;10;19;3221.69;3221.69;3221.69;3221.69;3282.33;3282.33;3282.33;3282.33;3282.33;3282.33;1859.99;1198;0;0;0
999997;999997;999997;999;999;999;0;251110;4781;5232;999997;1;7;3;6;4;7;9;44;60;0;1;0;0;999999;354140;10;2062;0;0;2;999997;2727.77;1.93;2048.70;1.45;4781400;2;2;73.0;0;1;CNPJ;0;10;16;1994.67;1971.37;2035.80;1980.96;1472.59;.00;2639.00;1519.42;1939.84;2159.87;2094.41;1198;0;0;0
999997;999997;999997;40;40;40;0;251110;7112;7420;999997;1;6;6;6;99;7;9;44;41;0;0;0;0;999999;355030;10;2054;0;6;2;999997;;.00;4941.69;3.49;7112000;1;10;81.4;0;1;CNPJ;0;10;19;4922.43;4922.43;4922.43;4922.43;5081.76;5081.76;6041.65;5251.15;5081.76;5081.76;3049.05;1198;0;0;0
999997;999997;999997;999;999;999;0;251110;7220;7320;999997;1;7;6;6;7;4;9;44;57;0;1;0;0;999999;350570;10;2062;0;0;8;999997;6076.65;4.30;5508.01;3.90;7220700;1;2;17.0;0;1;CNPJ;0;10;19;5394.28;5394.28;5394.28;5394.28;5394.28;5394.28;5394.28;5394.28;5394.28;5394.28;6076.65;1198;0;0;0
999997;999997;999997;999;999;999;0;251110;2622;3022;999997;1;5;4;6;4;6;9;44;38;0;0;0;0;999999;355030;10;2046;0;0;2;999997;2196.52;1.55;2138.01;1.51;2622100;1;10;49.2;0;1;CNPJ;0;10;4;1850.25;2464.60;2003.84;1788.57;2173.16;2196.52;2196.52;2196.52;2196.52;2196.52;2196.52;1198;0;0;0
999997;999997;999997;999;999;999;0;251110;9430;9199;999997;1;7;9;5;8;8;10;40;54;0;0;0;0;999999;352440;10;1155;0;0;2;999997;9326.20;6.60;11965.98;8.47;9430800;2;5;283.7;0;1;CNPJ;0;30;21;8130.29;8345.01;9953.90;9191.60;9840.30;9584.27;9803.72;9584.27;10637.52;39137.03;10057.70;1198;0;0;0
999997;999997;999997;999;999;999;0;251110;7220;7320;999997;1;6;2;99;99;4;9;99;48;0;0;0;0;999999;355030;10;2062;0;0;2;999997;;.00;1223.40;.86;7220700;1;5;16.9;0;1;CNPJ;0;10;19;0;0;0;0;0;0;0;0;1525.28;714.96;1429.95;1198;1;0;0
999997;999997;999997;999;999;999;11;251110;8211;7499;999997;0;5;3;6;99;3;9;44;35;0;0;0;2;999999;355030;10;2062;0;0;8;999997;;.00;1727.25;1.22;8211300;1;2;6.3;0;1;CNPJ;0;10;19;1700.00;1754.50;0;0;0;0;0;0;0;0;0;1198;0;0;0
999997;999997;999997;999;999;999;0;251110;7220;7320;999997;1;6;4;1;4;2;9;2;47;0;1;10;0;999999;354750;10;2062;0;0;2;999997;2262.00;1.60;2146.00;1.51;7220700;1;3;3.0;2;1;CNPJ;0;10;19;0;0;0;0;0;0;0;0;0;2088.00;2088.00;1198;0;0;0
999997;999997;999997;999;999;999;0;251110;7220;7320;999997;1;5;7;6;4;5;9;44;38;0;0;0;0;999999;355030;10;2062;0;0;2;999997;2593.35;1.83;6009.66;4.25;7220700;2;5;28.9;0;1;CNPJ;0;10;19;6598.88;6136.96;6136.96;7091.60;6334.93;6136.96;6136.96;6447.49;7795.58;8127.28;2578.99;1198;0;0;0
999997;999997;999997;999;999;999;0;251110;7220;7320;999997;1;5;5;99;99;2;9;99;34;0;1;8;0;999999;354780;10;2062;0;0;2;999997;;.00;4045.15;2.86;7220700;1;2;4.8;2;1;CNPJ;0;10;19;0;0;0;0;0;0;0;3053.06;5402.21;3680.17;0;1198;1;0;0
999997;999997;999997;999;999;999;0;251110;7220;7320;999997;1;4;6;6;6;5;9;44;29;0;0;0;0;999999;355030;10;2062;0;0;2;999997;4835.84;3.42;4423.65;3.13;7220700;1;5;34.9;0;1;CNPJ;0;10;19;4500.08;4172.69;4172.69;4172.69;5005.25;4172.69;4172.69;4383.83;4383.83;4727.69;4383.83;1198;0;0;0
999997;999997;999997;999;999;999;0;251110;2622;3022;999997;1;6;4;6;4;7;9;44;44;0;0;0;0;999999;355030;10;2046;0;0;2;999997;2196.52;1.55;2145.62;1.52;2622100;2;10;61.9;0;1;CNPJ;0;10;4;1850.25;1850.25;1850.25;2395.48;2425.57;2196.52;2196.52;2196.52;2196.52;2196.52;2196.52;1198;0;0;0
999997;999997;999997;999;999;999;0;251110;4399;4521;999997;1;6;6;6;6;3;10;44;43;0;0;1;0;999999;355030;10;2151;0;0;8;999997;4586.81;3.24;4358.25;3.08;4399101;2;4;11.4;2;1;CNPJ;0;10;15;1969.50;4545.00;4545.00;4545.00;4545.00;4545.00;4545.00;4712.24;4586.81;4586.81;4586.81;1198;0;0;0
999997;999997;999997;999;999;999;11;251110;8211;7499;999997;0;4;4;6;99;3;9;44;27;0;0;0;3;999999;355030;10;2062;0;0;9;999997;;.00;2397.59;1.70;8211300;2;2;7.5;0;1;CNPJ;0;10;19;3855.12;940.06;0;0;0;0;0;0;0;0;0;1198;0;0;0
999997;999997;999997;999;999;999;0;251110;4930;6026;999997;1;5;4;6;4;4;9;44;31;0;1;0;0;999999;355030;10;2062;0;0;2;999997;2411.66;1.70;2277.34;1.61;4930201;1;5;17.2;0;1;CNPJ;0;10;20;1956.77;1957.88;1968.42;1969.73;2076.17;2089.12;2072.36;2755.13;2646.45;2976.53;2447.81;1198;0;0;0
999997;999997;999997;999;999;999;0;251110;6311;7230;999997;1;6;12;5;12;2;9;40;40;0;0;8;0;999999;355030;10;2062;0;0;8;999997;30000.00;21.24;28800.00;20.39;6311900;1;7;4.8;2;1;CNPJ;0;10;19;0;0;0;0;0;0;0;24000.00;30000.00;30000.00;30000.00;1198;0;0;0
999997;999997;999997;999;999;999;0;251110;7112;7420;999997;1;5;5;6;5;4;10;44;36;0;0;0;0;999999;355030;10;2054;0;0;2;999997;3647.03;2.58;3292.51;2.33;7112000;2;10;14.9;0;1;CNPJ;0;10;19;3221.69;3221.69;3221.69;3221.69;3282.33;3282.33;3282.33;3282.33;3282.33;3282.33;3282.33;1198;0;0;0
999997;999997;999997;999;999;999;0;251110;2622;3022;999997;1;6;4;6;4;8;9;44;44;0;0;0;0;999999;355030;10;2046;0;0;2;999997;2196.52;1.55;2170.04;1.53;2622100;2;10;148.0;0;1;CNPJ;0;10;4;1850.25;1850.25;1850.25;1850.25;2196.52;3293.09;2318.37;2045.36;2196.52;2196.52;2196.52;1198;0;0;0
999997;999997;999997;999;999;999;11;251110;7220;7320;999997;0;5;5;6;99;5;9;44;34;0;1;0;5;999999;354750;10;2062;0;0;8;999997;;.00;3736.90;2.64;7220700;2;3;27.0;0;1;CNPJ;0;10;19;4069.29;3626.10;3626.10;3626.10;362.61;0;0;0;0;0;0;1198;0;0;0
999997;999997;999997;999;999;999;0;251110;7112;7420;999997;1;5;5;6;5;6;9;44;35;0;0;0;0;999999;350570;10;2062;0;0;8;999997;3597.70;2.54;3284.02;2.32;7112000;1;6;49.0;0;1;CNPJ;0;10;19;3344.21;3338.67;3352.37;3337.62;3140.00;3140.00;3140.00;3140.00;3140.00;3140.00;3597.72;1198;0;0;0
999997;999997;999997;999;999;999;0;251110;7490;7499;999997;1;5;8;6;8;7;9;44;32;0;0;0;0;999999;355030;10;2240;0;0;2;999997;8584.00;6.07;8570.42;6.06;7490199;1;6;106.0;0;1;CNPJ;0;10;19;8353.18;10713.86;8171.59;8171.59;8171.59;8171.59;8171.59;8171.59;8996.41;8584.00;8584.00;1198;0;0;0
999997;999997;999997;999;999;999;0;251110;2622;3022;999997;1;5;4;6;4;7;9;44;34;0;0;0;0;999999;355030;10;2046;0;0;2;999997;2196.52;1.55;2152.98;1.52;2622100;2;10;63.0;0;1;CNPJ;0;10;4;2310.31;2252.82;1850.25;1850.25;2196.52;2196.52;2196.52;2196.52;2196.52;2196.52;2196.52;1198;0;0;0
999997;999997;999997;999;999;999;0;251110;2622;3022;999997;1;7;3;6;4;7;9;44;54;0;0;0;0;999999;355030;10;2046;0;0;9;999997;2196.52;1.55;2113.95;1.49;2622100;2;10;91.5;0;1;CNPJ;0;10;4;1850.25;1850.25;1850.25;1850.25;2196.52;2196.52;2175.85;2587.01;2220.93;2196.52;2196.52;1198;0;0;0
999997;999997;999997;999;999;999;0;251110;6463;6599;999997;1;6;12;6;12;5;9;44;45;0;0;0;0;999999;355030;10;2054;0;0;2;999997;33710.08;23.87;32142.33;22.76;6463800;1;5;24.3;0;1;CNPJ;0;10;18;22352.96;22352.96;33000.00;33000.00;33000.00;33000.00;34833.33;33000.00;33000.00;40748.59;33710.08;1198;0;0;0
999997;999997;999997;999;999;999;0;251110;2622;3022;999997;1;6;4;6;4;7;9;44;44;0;0;0;0;999999;355030;10;2046;0;0;8;999997;2196.52;1.55;2139.45;1.51;2622100;2;10;66.8;0;1;CNPJ;0;10;4;1850.25;1850.25;1838.64;1850.25;2127.79;2600.63;2572.95;2196.52;2196.52;2196.52;2196.52;1198;0;0;0
999997;999997;999997;999;999;999;0;251110;7220;7320;999997;1;6;9;6;10;8;9;44;41;0;0;0;0;999999;355030;10;2240;0;0;2;999997;18949.97;13.42;13721.22;9.71;7220700;1;4;203.9;0;1;CNPJ;0;10;19;13044.41;12762.58;12762.58;12762.58;12762.58;12762.58;12762.58;12762.58;15279.81;14021.19;14021.19;1198;0;0;0
999997;999997;999997;999;999;999;0;251110;7220;7320;999997;1;5;6;6;7;4;10;44;36;0;0;0;0;999999;355030;10;2062;0;0;2;999997;6056.87;4.28;5444.40;3.85;7220700;2;5;18.3;0;1;CNPJ;0;10;19;5753.72;5246.04;5246.04;5246.04;5246.04;5246.04;5246.04;5511.49;5511.49;5511.49;5511.49;1198;0;0;0
999997;999997;999997;999;999;999;31;251110;4399;4550;999997;0;7;4;6;99;4;9;44;53;0;0;0;10;999999;355070;10;2062;0;0;8;999997;;.00;2715.51;1.92;4399103;1;5;13.0;0;1;CNPJ;0;10;15;2715.51;2715.51;2715.51;2715.51;2715.51;2715.51;2715.51;2715.51;0;208.29;0;1198;0;0;0
999997;999997;999997;40;999;999;0;251110;7112;7420;999997;1;5;6;6;7;6;9;44;34;0;0;0;0;999999;355030;10;2054;0;1;2;999997;5777.78;4.09;4729.50;3.34;7112000;2;10;40.7;0;1;CNPJ;0;10;19;3991.65;3991.65;3991.65;3991.65;4673.67;4483.79;4120.86;5877.62;5200.00;5200.00;5453.71;1198;0;0;0
999997;999997;999997;999;999;999;11;251110;7112;7420;999997;0;4;5;6;99;1;9;44;28;0;0;1;3;999999;355030;10;2054;0;0;2;999997;;.00;3441.67;2.43;7112000;2;10;2.0;2;1;CNPJ;0;60;19;3383.33;3500.00;116.67;0;0;0;0;0;0;0;0;1198;0;0;0
999997;999997;999997;999;999;999;11;251110;4930;6026;999997;0;6;10;6;99;7;9;44;41;0;0;0;10;999999;355030;10;2054;0;0;2;999997;;.00;14988.20;10.61;4930202;1;5;76.0;0;1;CNPJ;0;10;20;13674.00;13674.00;13674.00;14679.12;17694.48;14874.44;14494.44;14494.44;17634.90;0;0;1198;0;0;0
999997;999997;999997;999;999;999;0;251110;7220;7320;999997;1;6;6;5;6;8;9;40;43;0;0;0;0;999999;354990;10;2240;0;0;2;999997;5201.16;3.68;5190.88;3.67;7220700;1;3;130.0;0;1;CNPJ;0;10;19;4949.38;4949.38;4949.38;4949.38;4949.38;4949.38;5481.57;6308.02;5201.16;5201.16;5201.16;1198;0;0;0
999997;999997;999997;999;999;999;0;251110;4399;4550;999997;1;7;5;6;5;1;9;44;53;0;1;10;0;999999;355070;10;2062;0;0;8;999997;2824.13;2.00;2956.10;2.09;4399103;1;5;2.9;4;1;CNPJ;0;10;15;0;0;0;0;0;0;0;0;0;3220.03;2824.13;1198;0;0;0
999997;999997;999997;999;999;999;11;251110;7112;7420;999997;0;5;5;6;99;1;9;44;31;0;0;0;3;999999;355030;10;2054;0;0;4;999997;;.00;4200.00;2.97;7112000;1;10;2.9;0;1;CNPJ;0;60;19;4200.00;4200.00;140.00;0;0;0;0;0;0;0;0;1198;0;0;0
999997;999997;999997;999;999;999;0;251110;7112;7420;999997;1;3;5;6;5;2;9;44;22;0;0;8;0;999999;355030;10;2054;0;0;4;999997;3888.89;2.75;3577.78;2.53;7112000;2;10;5.0;2;1;CNPJ;0;10;19;0;0;0;0;0;0;0;3500.00;3500.00;3500.00;3500.00;1198;0;0;0
999997;999997;999997;999;999;999;0;251110;4781;5232;999997;1;6;4;6;4;7;9;44;46;0;1;0;0;999999;354140;10;2062;0;0;2;999997;2684.58;1.90;2123.63;1.50;4781400;2;2;94.0;0;1;CNPJ;0;10;16;1994.67;2012.49;2035.80;1967.25;2008.38;2035.80;2008.38;3330.16;1123.01;2159.87;2123.20;1198;0;0;0
999997;999997;999997;40;999;999;11;251110;7112;7420;999997;0;5;3;6;99;3;9;44;34;0;0;0;3;999999;355030;10;2054;0;1;2;999997;;.00;1879.32;1.33;7112000;2;10;7.0;0;1;CNPJ;0;10;19;3221.69;536.95;0;0;0;0;0;0;0;0;0;1198;0;0;0
999997;999997;999997;999;999;999;11;251110;7112;7420;999997;0;5;5;6;99;1;9;44;31;0;0;8;10;999999;355030;10;2054;0;0;2;999997;;.00;3150.00;2.22;7112000;2;10;2.7;2;1;CNPJ;0;60;19;0;0;0;0;0;0;0;3500.00;3500.00;2450.00;0;1198;0;0;0
999997;999997;999997;999;999;999;0;251110;4399;4550;999997;1;7;99;6;99;1;9;44;53;0;1;10;0;999999;355070;10;2062;0;0;8;999997;;.00;.00;.00;4399103;1;5;2.8;4;1;CNPJ;0;10;15;0;0;0;0;0;0;0;0;0;0;0;1198;0;0;0
999997;999997;999997;999;999;999;0;251110;7111;7420;999997;1;7;6;6;8;3;9;44;52;0;0;2;0;999999;355030;10;2240;0;0;4;999997;7231.91;5.12;5552.93;3.93;7111100;1;7;10.4;2;1;CNPJ;0;10;19;0;2077.60;5402.00;5402.00;5402.00;5402.00;5402.00;5402.00;5402.00;5402.00;8556.72;1198;0;0;0
999997;999997;999997;999;999;999;0;251110;2622;3022;999997;1;5;4;6;4;7;9;44;32;0;0;0;0;999999;355030;10;2046;0;0;2;999997;2196.52;1.55;2138.33;1.51;2622100;1;10;65.7;0;1;CNPJ;0;10;4;1850.25;1850.25;1850.25;1850.25;2196.52;2196.52;2196.52;2785.74;2294.14;2196.52;2196.52;1198;0;0;0
999997;999997;999997;999;999;999;0;251110;8411;7511;999997;1;4;5;5;6;3;9;40;27;0;0;6;0;999999;352030;10;1244;0;0;2;999997;4700.00;3.32;4172.14;2.95;8411600;1;10;6.4;2;1;CNPJ;0;97;24;0;0;0;0;0;1880.00;4700.00;4700.00;4700.00;4700.00;3825.00;1198;0;0;0
999997;999997;999997;10;999;999;0;251110;7112;7420;999997;1;4;5;6;5;4;9;44;27;0;0;0;0;999999;355030;10;2054;0;14;9;999997;3683.52;2.60;3375.53;2.39;7112000;1;10;18.3;0;1;CNPJ;0;10;19;3220.00;3220.00;3220.00;3220.00;3315.17;3315.17;3315.17;3315.17;4051.87;3315.17;3315.17;1198;0;0;0
999997;999997;999997;999;999;999;11;251110;4399;4521;999997;0;4;4;6;99;3;9;44;27;0;0;0;1;999999;355030;10;2151;0;0;8;999997;;.00;2727.00;1.93;4399101;1;4;6.0;0;1;CNPJ;0;10;15;2727.00;0;0;0;0;0;0;0;0;0;0;1198;0;0;0
999997;999997;999997;999;999;999;0;251110;7220;7320;999997;1;5;7;6;8;5;9;44;36;0;0;0;0;999999;355030;10;2062;0;0;2;999997;7420.04;5.25;6985.22;4.94;7220700;1;5;35.4;0;1;CNPJ;0;10;19;6878.95;6331.88;6331.88;6863.23;9501.05;6331.88;6331.88;6652.27;7875.05;6652.27;6652.27;1198;0;0;0
999997;999997;999997;999;999;999;0;251110;2622;3022;999997;1;6;4;6;4;7;9;44;43;0;0;0;0;999999;355030;10;2046;0;0;9;999997;2196.52;1.55;2136.01;1.51;2622100;1;10;93.8;0;1;CNPJ;0;10;4;1850.25;1850.25;1850.25;1850.25;2123.30;2513.80;2611.42;2196.52;2196.52;2196.52;2196.52;1198;0;0;0
999997;999997;999997;999;999;999;21;251110;8211;7499;999997;0;4;4;6;99;2;9;44;25;0;0;1;6;999999;355030;10;2062;0;0;8;999997;;.00;2435.74;1.72;8211300;2;2;5.4;2;1;CNPJ;0;10;19;1480.65;2513.80;2700.00;2700.00;2700.00;2520.00;0;0;0;0;0;1198;0;0;0
999997;999997;999997;999;999;999;0;251110;7220;7320;999997;1;6;99;6;99;7;9;44;41;0;0;0;0;999999;351518;10;2062;0;0;9;999997;;.00;.00;.00;7220700;1;3;65.0;0;1;CNPJ;0;10;19;0;0;0;0;0;0;0;0;0;0;0;1198;0;0;0
999997;999997;999997;999;999;999;0;251110;4399;4550;999997;1;7;99;6;99;1;9;44;53;0;1;10;0;999999;355070;10;2062;0;0;8;999997;;.00;.00;.00;4399103;1;5;2.9;4;1;CNPJ;0;10;15;0;0;0;0;0;0;0;0;0;0;0;1198;0;0;0
999997;999997;999997;999;999;999;0;251110;7220;7320;999997;1;6;99;6;99;7;9;44;48;0;0;0;0;999999;351518;10;2062;0;0;8;999997;;.00;.00;.00;7220700;1;3;73.3;0;1;CNPJ;0;10;19;0;0;0;0;0;0;0;0;0;0;0;1198;0;0;0
999997;999997;999997;999;999;999;0;251110;7220;7320;999997;1;5;5;6;6;5;9;44;34;0;1;0;0;999999;354750;10;2062;0;0;8;999997;4577.78;3.24;3899.61;2.76;7220700;1;3;35.8;0;1;CNPJ;0;10;19;3626.10;3626.10;3626.10;3626.10;3626.10;3626.10;4311.03;4149.87;4000.00;4000.00;4000.00;1198;0;0;0
999997;999997;999997;999;999;999;0;251110;2622;3022;999997;1;5;4;6;4;7;9;44;33;0;0;0;0;999999;355030;10;2046;0;0;2;999997;2196.52;1.55;2148.48;1.52;2622100;2;10;84.6;0;1;CNPJ;0;10;4;1850.25;1850.25;1850.25;1850.25;2196.52;2196.52;3078.28;2196.52;2123.30;2196.52;2196.52;1198;0;0;0
999997;999997;999997;999;999;999;0;251110;7490;7499;999997;1;6;8;6;8;7;10;44;41;0;0;0;0;999999;355030;10;2240;0;0;8;999997;9818.00;6.95;9809.81;6.94;7490199;2;6;65.4;0;1;CNPJ;0;10;19;9358.32;9358.32;9358.32;9358.32;9358.32;12269.80;9566.28;9358.32;10277.68;9818.00;9818.00;1198;0;0;0
999997;999997;999997;999;999;999;0;251110;7112;7420;999997;1;6;4;6;4;2;9;44;46;0;0;9;0;999999;355030;10;2151;0;0;8;999997;2500.00;1.77;2333.33;1.65;7112000;2;4;3.7;2;1;CNPJ;0;10;19;0;0;0;0;0;0;0;0;1833.33;2500.00;2500.00;1198;0;0;0
999997;999997;999997;999;999;999;0;251110;7220;7320;999997;1;6;99;6;99;8;9;44;46;0;0;0;0;999999;351518;10;2062;0;0;2;999997;;.00;.00;.00;7220700;2;3;178.0;0;1;CNPJ;0;10;19;0;0;0;0;0;0;0;0;0;0;0;1198;0;0;0
999997;999997;999997;999;999;999;11;251110;8211;7499;999997;0;4;3;6;99;3;9;44;27;0;0;0;3;999999;355030;10;2062;0;0;9;999997;;.00;2116.40;1.50;8211300;2;2;9.1;0;1;CNPJ;0;10;19;3081.34;1151.45;0;0;0;0;0;0;0;0;0;1198;0;0;0
999997;999997;999997;999;999;999;0;251110;4645;5145;999997;1;4;6;5;8;5;9;40;28;0;0;0;0;999999;355030;10;2062;0;0;2;999997;7219.13;5.11;5627.87;3.98;4645101;1;7;31.4;0;1;CNPJ;0;10;17;4701.00;4772.34;7952.45;4921.01;4922.17;4872.49;4840.00;4757.99;5776.59;6696.55;6102.70;1198;0;0;0
999997;999997;999997;999;999;999;11;251110;8411;7511;999997;0;4;5;5;99;4;9;40;27;0;0;0;2;999999;355620;10;1244;0;0;2;999997;;.00;3404.58;2.41;8411600;1;10;19.3;0;1;CNPJ;0;30;24;4761.07;2726.34;2726.34;0;0;0;0;0;0;0;0;1198;0;0;0
999997;999997;999997;999;999;999;12;251110;7220;7320;999997;0;3;4;6;99;1;9;44;24;0;0;7;8;999999;351518;10;2062;0;0;2;999997;;.00;2275.00;1.61;7220700;2;3;1.3;2;1;CNPJ;0;60;19;0;0;0;0;0;0;2683.33;1866.67;0;0;0;1198;0;0;0
999997;999997;999997;999;999;999;0;251110;7112;7420;999997;1;5;5;6;5;3;10;44;36;0;0;4;0;999999;355030;10;2054;0;0;2;999997;3508.75;2.48;3300.37;2.33;7112000;2;10;8.4;2;1;CNPJ;0;10;19;0;0;0;1633.33;3508.75;3508.75;3508.75;3508.75;3508.75;3508.75;3508.75;1198;0;0;0
999997;999997;999997;999;999;999;0;251110;7220;7320;999997;1;6;6;6;7;4;9;44;41;0;1;0;0;999999;354750;10;2062;0;0;8;999997;6076.23;4.30;5274.91;3.73;7220700;2;3;19.9;0;1;CNPJ;0;10;19;5056.50;5056.50;5056.50;5056.50;5056.50;5056.50;5899.25;5056.50;5309.33;5309.33;5309.33;1198;0;0;0
999997;999997;999997;999;999;999;0;251110;7112;7420;999997;1;5;4;6;4;4;9;44;36;0;0;0;0;999999;350570;10;2062;0;0;9;999997;2400.00;1.69;2742.18;1.94;7112000;2;6;20.9;0;1;CNPJ;0;10;19;2995.07;2719.52;2917.41;2834.26;2927.57;2708.86;3195.29;3008.17;2400.00;2400.00;2400.00;1198;0;0;0
999997;999997;999997;999;999;999;0;251110;4772;5241;999997;1;3;99;6;99;4;9;44;19;0;0;0;0;999999;353440;10;2062;0;0;4;999997;;.00;.00;.00;4772500;1;3;19.4;0;1;CNPJ;0;10;16;0;0;0;0;0;0;0;0;0;0;0;1198;0;0;0
999997;999997;999997;999;999;999;0;251110;4399;4521;999997;1;3;3;6;4;5;9;44;24;0;0;0;0;999999;355030;10;2151;0;0;2;999997;2138.78;1.51;1862.42;1.32;4399101;1;4;27.7;0;1;CNPJ;0;10;15;1768.00;1768.00;1768.00;1768.00;1768.00;1768.00;2062.67;2039.83;1833.24;1833.24;1833.24;1198;0;0;0
999997;999997;999997;999;999;999;11;251110;7112;7420;999997;0;5;5;6;99;1;9;44;38;0;0;1;3;999999;355030;10;2054;0;0;2;999997;;.00;3441.67;2.43;7112000;2;10;2.0;2;1;CNPJ;0;60;19;3383.33;3500.00;116.67;0;0;0;0;0;0;0;0;1198;0;0;0
999997;999997;999997;999;999;999;0;251110;2622;3022;999997;1;6;4;6;4;6;9;44;43;0;0;0;0;999999;355030;10;2046;0;0;8;999997;2196.52;1.55;2155.52;1.52;2622100;1;10;50.8;0;1;CNPJ;0;10;4;1909.80;2683.83;1850.25;1850.25;2196.52;2196.52;2196.52;2196.52;2196.52;2196.52;2196.52;1198;0;0;0
999997;999997;999997;999;999;999;0;251110;4399;4550;999997;1;7;99;6;99;1;9;44;52;0;1;10;0;999999;355070;10;2062;0;0;8;999997;;.00;.00;.00;4399103;1;5;2.9;4;1;CNPJ;0;10;15;0;0;0;0;0;0;0;0;0;0;0;1198;0;0;0
999997;999997;999997;999;999;999;0;251110;9102;9252;999997;1;5;6;6;7;4;9;44;33;0;1;0;0;999999;350590;10;2135;0;0;2;999997;6905.55;4.89;5617.13;3.97;9102301;1;2;14.6;0;1;CNPJ;0;10;21;5500.00;5500.00;5500.00;5500.00;5500.00;5500.00;5500.00;5500.00;5500.00;5500.00;5500.00;1198;0;0;0
999997;999997;999997;999;999;999;0;251110;7220;7320;999997;1;6;3;6;3;1;10;44;49;0;0;12;0;999999;355030;10;2240;0;0;8;999997;1950.00;1.38;1950.00;1.38;7220700;1;4;.4;2;1;CNPJ;0;60;19;0;0;0;0;0;0;0;0;0;0;0;1198;0;0;0
999997;999997;999997;999;999;999;12;251110;7112;7420;999997;0;4;3;6;99;1;9;44;25;0;0;11;11;999999;350570;10;2062;0;0;8;999997;;.00;2093.33;1.48;7112000;2;6;.6;2;1;CNPJ;0;60;19;0;0;0;0;0;0;0;0;0;0;2093.33;1198;0;0;0
999997;999997;999997;999;999;999;11;251110;2622;3022;999997;0;5;3;6;99;7;9;44;33;0;0;0;10;999999;355030;10;2046;0;0;2;999997;;.00;1973.69;1.39;2622100;2;10;64.3;0;1;CNPJ;0;10;4;1850.25;1850.25;1850.25;1819.41;2196.52;2196.52;2196.52;2656.44;1147.07;0;0;1198;0;0;0
999997;999997;999997;999;999;999;0;251110;2622;3022;999997;1;6;4;6;4;7;9;44;40;0;0;0;0;999999;355030;10;2046;0;0;8;999997;2196.52;1.55;2139.61;1.51;2622100;2;10;67.5;0;1;CNPJ;0;10;4;1850.25;1850.25;1820.23;1850.25;2196.52;2196.52;2928.69;2196.52;2196.52;2196.52;2196.52;1198;0;0;0
999997;999997;999997;999;999;999;0;251110;4399;4550;999997;1;7;5;6;5;2;9;44;52;0;1;10;0;999999;355070;10;2062;0;0;8;999997;2824.13;2.00;3214.36;2.27;4399103;1;5;3.0;4;1;CNPJ;0;10;15;0;0;0;0;0;0;0;0;0;3367.23;3451.71;1198;0;0;0
999997;999997;999997;999;999;999;0;251110;7112;7420;999997;1;6;6;6;6;3;9;44;45;0;0;1;0;999999;355030;10;2054;0;0;8;999997;5164.23;3.65;4782.87;3.38;7112000;1;10;11.5;2;1;CNPJ;0;10;19;2100.00;4200.00;4200.00;4200.00;4242.00;4242.00;7114.93;5117.17;5720.58;5466.56;5626.99;1198;0;0;0
999997;999997;999997;40;999;999;0;251110;7220;7320;999997;1;6;8;5;8;6;9;40;41;0;0;0;0;999999;355030;10;2062;0;15;9;999997;8986.27;6.36;8236.63;5.83;7220700;2;5;52.9;0;1;CNPJ;0;10;19;8415.52;7736.08;7655.60;7816.56;8742.34;9239.19;7736.08;8127.97;8127.97;8127.97;8127.97;1198;0;0;0
999997;999997;999997;999;999;999;31;251110;4399;4550;999997;0;7;4;6;99;4;9;44;52;0;0;0;10;999999;355070;10;2062;0;0;8;999997;;.00;2715.51;1.92;4399103;1;5;13.0;0;1;CNPJ;0;10;15;2715.51;2715.51;2715.51;2715.51;2715.51;2715.51;2715.51;2715.51;0;0;0;1198;0;0;0
999997;999997;999997;999;999;999;0;251110;7220;7320;999997;1;4;99;6;99;7;9;44;29;0;0;0;0;999999;351518;10;2062;0;0;6;999997;;.00;.00;.00;7220700;1;3;64.8;0;1;CNPJ;0;10;19;0;0;0;0;0;0;0;0;0;0;0;1198;0;0;0
999997;999997;999997;40;40;999;60;251110;2733;3130;999997;0;6;99;6;99;6;9;44;41;0;0;0;4;999999;351570;10;2054;0;68;4;999997;;.00;.00;.00;2733300;2;8;50.3;0;1;CNPJ;0;10;5;0;0;-75.38;0;0;0;0;0;0;0;0;1198;0;0;0
999997;999997;999997;40;999;999;0;251110;7112;7420;999997;1;5;5;5;5;5;9;40;33;0;0;0;0;999999;355030;10;2054;0;1;2;999997;3557.96;2.51;3586.66;2.53;7112000;2;10;31.2;0;1;CNPJ;0;10;19;3446.41;3446.41;3446.41;3446.41;3761.06;4145.51;3557.96;3557.96;3557.96;3557.96;3557.96;1198;0;0;0
999997;999997;999997;999;999;999;0;251110;7112;7420;999997;1;5;5;6;5;5;9;44;30;0;0;0;0;999999;350570;10;2062;0;0;8;999997;3200.00;2.26;3762.87;2.66;7112000;1;6;32.6;0;1;CNPJ;0;10;19;3954.41;3917.09;4173.96;3917.48;4338.10;4211.49;3795.87;4045.99;3200.00;3200.00;3200.00;1198;0;0;0
999997;999997;999997;999;999;999;11;251110;7220;7320;999997;0;5;99;5;99;7;9;40;33;0;0;0;1;999999;354990;10;2240;0;0;9;999997;;.00;.00;.00;7220700;1;3;66.1;0;1;CNPJ;0;10;19;0;0;0;0;0;0;0;0;0;0;0;1198;0;0;0
999997;999997;999997;999;999;999;0;251110;7111;7420;999997;1;3;6;6;7;3;9;44;24;0;0;5;0;999999;355030;10;2240;0;0;8;999997;6242.32;4.42;5394.50;3.82;7111100;2;7;7.8;2;1;CNPJ;0;10;19;0;0;0;0;4501.67;5402.00;5402.00;5402.00;5402.00;5402.00;5402.00;1198;0;0;0
999997;999997;999997;999;999;999;0;251110;4399;4550;999997;1;6;99;6;99;1;9;44;43;0;1;10;0;999999;355070;10;2062;0;0;8;999997;;.00;.00;.00;4399103;1;5;2.9;4;1;CNPJ;0;10;15;0;0;0;0;0;0;0;0;0;0;0;1198;0;0;0
999997;999997;999997;999;999;999;0;251110;7112;7420;999997;1;5;99;6;99;4;9;44;35;0;0;0;0;999999;350570;10;2062;0;0;8;999997;;.00;.00;.00;7112000;2;6;20.5;0;1;CNPJ;0;10;19;0;0;0;0;0;0;0;0;0;0;0;1198;0;0;0
999997;999997;999997;999;999;999;11;251110;4399;4550;999997;0;7;4;6;99;4;9;44;52;0;0;0;10;999999;355070;10;2062;0;0;8;999997;;.00;2715.51;1.92;4399103;1;5;13.0;0;1;CNPJ;0;10;15;2715.51;2715.51;2715.51;2715.51;2715.51;2715.51;2715.51;2715.51;0;0;0;1198;0;0;0
999997;999997;999997;999;999;999;0;251110;7112;7420;999997;1;4;4;99;99;4;9;99;28;0;0;0;0;999999;350570;10;2062;0;0;8;999997;;.00;2271.75;1.61;7112000;2;6;13.8;0;1;CNPJ;0;10;19;0;2132.74;3538.62;0;0;0;0;637.86;2777.77;0;0;1198;1;0;0
999997;999997;999997;999;999;999;0;251110;2622;3022;999997;1;6;4;6;4;6;9;44;41;0;0;0;0;999999;355030;10;2046;0;0;8;999997;2196.52;1.55;2126.39;1.50;2622100;2;10;59.6;0;1;CNPJ;0;10;4;2035.29;2281.99;1850.25;1850.25;2196.52;2196.52;2196.52;2196.52;2123.30;2196.52;2196.52;1198;0;0;0
999997;999997;999997;999;999;999;0;251110;1099;1589;999997;1;6;6;6;6;7;9;44;45;0;0;0;0;999999;352590;10;2062;0;0;2;999997;5096.66;3.60;5163.55;3.65;1099601;2;6;94.5;0;1;CNPJ;0;10;13;5683.11;4608.28;4901.85;4821.23;4767.49;4767.49;4767.49;4767.49;4767.49;5862.78;7151.24;1198;0;0;0
999997;999997;999997;999;999;999;0;251110;4399;4550;999997;1;6;5;6;5;2;9;44;43;0;1;10;0;999999;355070;10;2062;0;0;8;999997;2824.13;2.00;3001.54;2.12;4399103;1;5;3.0;4;1;CNPJ;0;10;15;0;0;0;0;0;0;0;0;0;3356.36;2824.13;1198;0;0;0
999997;999997;999997;999;999;999;0;251110;7220;7320;999997;1;5;99;6;99;7;9;44;34;0;0;0;0;999999;351518;10;2062;0;0;8;999997;;.00;.00;.00;7220700;2;3;78.7;0;1;CNPJ;0;10;19;0;0;0;0;0;0;0;0;0;0;0;1198;0;0;0
999997;999997;999997;999;999;999;0;251110;7220;7320;999997;1;5;9;5;9;8;9;40;32;0;0;0;0;999999;355030;10;2062;0;0;2;999997;13199.02;9.34;12493.10;8.84;7220700;2;5;132.9;0;1;CNPJ;0;10;19;13505.26;11174.82;18224.67;13448.39;11174.82;11174.82;11174.82;11710.14;11710.14;11710.14;11710.14;1198;0;0;0
999997;999997;999997;999;999;999;21;251110;7112;7420;999997;0;5;5;6;99;5;9;44;30;0;0;0;4;999999;350570;10;2062;0;0;8;999997;;.00;3084.48;2.18;7112000;1;6;24.9;0;1;CNPJ;0;10;19;3344.21;3338.67;3352.37;2302.67;0;0;0;0;0;0;0;1198;0;0;0
999997;999997;999997;999;999;999;0;251110;7220;7320;999997;1;5;6;6;5;7;9;44;35;0;1;0;0;999999;354750;10;2062;0;0;9;999997;4225.63;2.99;4242.40;3.00;7220700;2;3;65.0;0;1;CNPJ;0;10;19;4024.41;4829.29;4561.00;4024.41;4024.41;4024.41;4024.41;4024.41;4225.63;4695.14;4225.63;1198;0;0;0
999997;999997;999997;999;999;999;0;251110;4399;4550;999997;1;7;5;6;5;2;9;44;52;0;1;10;0;999999;355070;10;2062;0;0;8;999997;2824.13;2.00;3005.16;2.13;4399103;1;5;3.0;4;1;CNPJ;0;10;15;0;0;0;0;0;0;0;0;0;3367.23;2824.13;1198;0;0;0
999997;999997;999997;999;999;999;0;251110;7220;7320;999997;1;4;5;6;5;4;9;44;29;0;0;0;0;999999;351518;10;2062;0;0;9;999997;4200.00;2.97;4012.22;2.84;7220700;1;3;19.0;0;1;CNPJ;0;10;19;3000.00;3000.00;3413.33;4200.00;4200.00;4200.00;4946.67;4386.66;4200.00;4200.00;4200.00;1198;0;0;0
999997;999997;999997;999;999;999;11;251110;8211;7499;999997;0;4;4;6;99;3;9;44;29;0;0;0;3;999999;355030;10;2062;0;0;9;999997;;.00;2285.10;1.62;8211300;2;2;8.9;0;1;CNPJ;0;10;19;2700.00;1870.20;0;0;0;0;0;0;0;0;0;1198;0;0;0
999997;999997;999997;999;999;999;0;251110;7220;7320;999997;1;5;5;99;99;2;9;99;32;0;1;8;0;999999;354780;10;2062;0;0;2;999997;;.00;4147.37;2.93;7220700;1;2;4.8;2;1;CNPJ;0;10;19;0;0;0;0;0;0;0;3768.34;5145.65;3528.13;0;1198;1;0;0
999997;999997;999997;999;999;999;0;251110;7112;7420;999997;1;5;5;6;5;4;9;44;39;0;0;0;0;999999;355030;10;2054;0;0;1;999997;3401.10;2.40;3830.21;2.71;7112000;1;10;14.9;0;1;CNPJ;0;10;19;3221.69;3221.70;3221.69;3221.69;3278.07;3278.07;5514.32;3928.25;4476.41;5135.83;4063.72;1198;0;0;0
999997;999997;999997;999;999;999;0;251110;7220;7320;999997;1;7;6;6;6;2;9;44;52;0;0;9;0;999999;355030;10;2062;0;0;2;999997;4878.52;3.45;5338.38;3.78;7220700;1;5;3.9;2;1;CNPJ;0;10;19;0;0;0;0;0;0;0;0;5115.60;6385.15;4974.26;1198;0;0;0
999997;999997;999997;999;999;999;0;251110;2622;3022;999997;1;6;4;6;4;6;9;44;45;0;0;0;0;999999;355030;10;2046;0;0;2;999997;2196.52;1.55;2171.01;1.53;2622100;1;10;51.9;0;1;CNPJ;0;10;4;1850.25;1850.25;1850.25;1850.25;2196.52;2664.05;2807.90;2196.52;2196.52;2196.52;2196.52;1198;0;0;0
999997;999997;999997;999;999;999;0;251110;7112;7420;999997;1;4;99;99;99;3;9;99;28;0;0;5;0;999999;350570;10;2062;0;0;8;999997;;.00;.00;.00;7112000;1;6;7.2;2;1;CNPJ;0;10;19;0;0;0;0;0;0;0;0;0;0;0;1198;1;0;0
999997;999997;999997;999;999;999;11;251110;7220;7320;999997;0;6;99;6;99;2;9;44;49;0;1;0;1;999999;350570;10;2062;0;0;2;999997;;.00;.00;.00;7220700;1;2;4.1;0;1;CNPJ;0;10;19;0;0;0;0;0;0;0;0;0;0;0;1198;0;0;0
999997;999997;999997;999;999;999;0;251110;5510;5513;999997;1;7;10;6;10;8;9;44;54;0;0;0;0;999999;355030;10;2062;0;0;2;999997;18285.00;12.94;19338.58;13.69;5510801;1;7;155.9;0;1;CNPJ;0;10;21;16954.00;16954.00;16954.00;16954.00;17374.00;17890.00;22348.33;18285.00;18285.00;23054.87;28724.79;1198;0;0;0
999997;999997;999997;999;999;999;11;251110;7220;7320;999997;0;5;4;99;99;1;9;99;36;0;1;8;10;999999;354780;10;2062;0;0;8;999997;;.00;2489.87;1.76;7220700;1;2;2.5;2;1;CNPJ;0;10;19;0;0;0;0;0;0;0;3053.06;1926.68;0;0;1198;1;0;0
999997;999997;999997;999;999;999;0;251110;4399;4550;999997;1;7;99;6;99;1;9;44;52;0;1;10;0;999999;355070;10;2062;0;0;8;999997;;.00;.00;.00;4399103;1;5;2.9;4;1;CNPJ;0;10;15;0;0;0;0;0;0;0;0;0;0;0;1198;0;0;0
999997;999997;999997;999;999;999;0;251110;7220;7320;999997;1;6;8;5;9;7;9;40;44;0;0;0;0;999999;355030;10;2062;0;0;9;999997;10667.56;7.55;9661.32;6.84;7220700;2;5;75.2;0;1;CNPJ;0;10;19;11583.36;9170.91;9170.91;9170.91;9170.91;9170.91;9170.91;9622.36;9622.36;9707.36;9707.36;1198;0;0;0
999997;999997;999997;999;999;999;31;251110;4399;4550;999997;0;6;4;6;99;4;9;44;48;0;0;0;11;999999;355070;10;2062;0;0;8;999997;;.00;2780.40;1.97;4399103;1;5;14.0;0;1;CNPJ;0;10;15;2715.51;2715.51;2715.51;2715.51;2715.51;2715.51;2715.51;2715.51;0;3299.49;90.52;1198;0;0;0
999997;999997;999997;999;999;999;0;251110;7220;7320;999997;1;4;6;6;6;3;9;44;26;0;1;6;0;999999;354850;10;2062;0;0;8;999997;4977.35;3.52;4942.95;3.49;7220700;1;2;6.9;2;1;CNPJ;0;60;19;0;0;0;0;0;4240.89;5219.20;5262.67;5421.23;4939.29;4540.02;1198;0;0;0
999997;999997;999997;999;999;999;0;251110;7220;7320;999997;1;5;2;99;99;3;9;99;30;0;0;1;0;999999;355030;10;2062;0;0;8;999997;;.00;1263.58;.89;7220700;2;5;11.5;2;1;CNPJ;0;10;19;90.75;0;0;0;0;0;0;381.32;381.32;1461.36;1065.80;1198;1;0;0
999997;999997;999997;999;999;999;0;251110;7112;7420;999997;1;5;99;99;99;3;9;99;33;0;0;5;0;999999;350570;10;2062;0;0;8;999997;;.00;.00;.00;7112000;1;6;7.2;2;1;CNPJ;0;10;19;0;0;0;0;0;0;0;0;0;0;0;1198;1;0;0
999997;999997;999997;40;999;999;90;251110;7220;7320;999997;0;5;6;6;99;6;9;44;31;0;0;0;4;999999;355030;10;2062;0;5;2;999997;;.00;5454.18;3.86;7220700;1;5;39.6;0;1;CNPJ;0;10;19;6378.63;7133.12;5932.13;2372.85;0;0;0;0;0;0;0;1198;0;0;0
999997;999997;999997;999;999;999;31;251110;4772;5241;999997;0;4;5;6;99;3;9;42;25;0;0;2;11;999999;354780;10;2062;0;0;8;999997;;.00;2944.86;2.08;4772500;2;1;9.9;4;1;CNPJ;0;10;16;0;2663.17;2468.34;2745.22;3847.20;2942.42;2592.28;2926.70;3429.17;3015.83;2818.30;1198;0;0;0
999997;999997;999997;999;999;999;11;251110;4399;4550;999997;0;7;4;6;99;4;9;44;50;0;0;0;10;999999;355070;10;2062;0;0;8;999997;;.00;2715.51;1.92;4399103;1;5;13.0;0;1;CNPJ;0;10;15;2715.51;2715.51;2715.51;2715.51;2715.51;2715.51;2715.51;2715.51;0;0;0;1198;0;0;0
999997;999997;999997;999;999;999;11;251110;7111;7420;999997;0;4;6;6;99;5;9;44;27;0;0;0;9;999999;355030;10;2240;0;0;2;999997;;.00;5360.65;3.79;7111100;1;7;33.9;0;1;CNPJ;0;10;19;5597.98;5194.00;5402.00;5402.00;5402.00;5402.00;5402.00;5402.00;5041.87;0;0;1198;0;0;0
999997;999997;999997;999;999;999;11;251110;7111;7420;999997;0;6;5;6;99;1;10;44;44;0;0;8;9;999999;355030;10;2240;0;0;2;999997;;.00;3601.34;2.55;7111100;2;7;1.3;2;1;CNPJ;0;60;19;0;0;0;0;0;0;0;2881.07;4321.60;0;0;1198;0;0;0
999997;999997;999997;999;999;999;0;251110;7111;7420;999997;1;4;5;6;6;4;9;44;27;0;0;0;0;999999;355030;10;2240;0;0;2;999997;5402.00;3.82;3300.87;2.33;7111100;1;7;23.0;0;1;CNPJ;0;10;19;2679.39;2464.00;2563.00;2563.00;2883.07;2563.00;2563.00;2563.00;2563.00;5402.00;5402.00;1198;0;0;0
999997;999997;999997;999;999;999;31;251110;4399;4550;999997;0;6;4;6;99;4;9;44;43;0;0;0;10;999999;355070;10;2062;0;0;8;999997;;.00;2681.57;1.90;4399103;1;5;13.0;0;1;CNPJ;0;10;15;2715.51;2715.51;2715.51;2715.51;2715.51;2715.51;2443.96;2715.51;0;0;0;1198;0;0;0
999997;999997;999997;999;999;999;0;251110;2222;2522;999997;1;3;4;6;5;3;9;44;22;0;0;7;0;999999;355680;10;2062;0;0;2;999997;2832.47;2.00;2647.75;1.87;2222600;2;8;6.0;2;1;CNPJ;0;10;10;0;0;0;0;0;0;2463.02;2463.02;2463.02;2832.47;2832.47;1198;0;0;0
999997;999997;999997;999;999;999;0;251110;7220;7320;999997;1;7;99;99;99;4;9;99;53;0;0;0;0;999999;355030;10;2062;0;0;9;999997;;.00;.00;.00;7220700;2;5;16.9;0;1;CNPJ;0;10;19;0;0;0;0;0;0;0;0;0;0;0;1198;1;0;0
999997;999997;999997;999;999;999;0;251110;4399;4550;999997;1;7;5;6;5;2;9;44;50;0;1;10;0;999999;355070;10;2062;0;0;8;999997;3674.41;2.60;3288.59;2.33;4399103;1;5;3.0;4;1;CNPJ;0;10;15;0;0;0;0;0;0;0;0;0;3367.23;2824.13;1198;0;0;0
999997;999997;999997;999;999;999;0;251110;4399;4550;999997;1;6;5;6;5;1;9;44;48;0;1;11;0;999999;355070;10;2062;0;0;8;999997;2824.13;2.00;3114.60;2.21;4399103;1;5;1.9;4;1;CNPJ;0;10;15;0;0;0;0;0;0;0;0;0;0;3405.07;1198;0;0;0
999997;999997;999997;999;999;999;0;251110;7112;7420;999997;1;4;5;6;5;3;9;44;25;0;0;1;0;999999;355030;10;2054;0;0;2;999997;3927.78;2.78;3546.34;2.51;7112000;2;10;11.9;2;1;CNPJ;0;10;19;3383.33;3500.00;3500.00;3500.00;3535.00;3535.00;3535.00;3535.00;3535.00;3535.00;3535.00;1198;0;0;0
999997;999997;999997;999;999;999;0;251110;7112;7420;999997;1;3;5;6;5;3;9;44;24;0;0;4;0;999999;350570;10;2062;0;0;2;999997;3035.33;2.14;2979.13;2.10;7112000;2;6;8.3;2;1;CNPJ;0;10;19;0;0;0;1134.68;3140.00;3140.00;3242.11;3402.19;3140.00;3140.00;3437.86;1198;0;0;0
999997;999997;999997;999;999;999;21;251110;4211;4522;999997;0;4;99;6;99;1;9;44;26;0;0;8;8;999999;350600;10;2054;0;0;2;999997;;.00;.00;.00;4211101;1;10;.1;2;1;CNPJ;0;60;15;0;0;0;0;0;0;0;246.00;0;0;0;1198;0;0;0
999997;999997;999997;999;999;999;0;251110;7112;7420;999997;1;5;1;99;99;3;9;99;35;0;0;1;0;999999;350570;10;2062;0;0;8;999997;;.00;641.88;.45;7112000;2;6;11.7;2;1;CNPJ;0;10;19;0;0;641.88;0;0;0;0;0;0;0;0;1198;1;0;0
999997;999997;999997;999;999;999;0;251110;7220;7320;999997;1;7;99;99;99;4;9;99;56;0;0;0;0;999999;355030;10;2062;0;0;2;999997;;.00;.00;.00;7220700;1;5;16.9;0;1;CNPJ;0;10;19;0;0;0;0;0;0;0;0;0;0;0;1198;1;0;0
999997;999997;999997;999;999;999;0;251110;7220;7320;999997;1;5;99;6;99;7;9;44;30;0;0;0;0;999999;351518;10;2062;0;0;2;999997;;.00;.00;.00;7220700;1;3;76.3;0;1;CNPJ;0;10;19;0;0;0;0;0;0;0;0;0;0;0;1198;0;0;0
999997;999997;999997;999;999;999;0;251110;4399;4550;999997;1;7;99;6;99;1;9;44;50;0;1;10;0;999999;355070;10;2062;0;0;8;999997;;.00;.00;.00;4399103;1;5;2.9;4;1;CNPJ;0;10;15;0;0;0;0;0;0;0;0;0;0;0;1198;0;0;0
999997;999997;999997;999;999;999;0;251110;2622;3022;999997;1;6;4;6;4;7;9;44;43;0;0;0;0;999999;355030;10;2046;0;0;8;999997;2196.52;1.55;2135.17;1.51;2622100;2;10;118.6;0;1;CNPJ;0;10;4;1850.25;1850.25;1840.16;1850.25;2196.52;2196.52;2928.69;2196.52;2123.30;2196.52;2196.52;1198;0;0;0
999997;999997;999997;999;999;999;0;251110;2622;3022;999997;1;5;4;6;4;7;9;44;31;0;0;0;0;999999;355030;10;2046;0;0;2;999997;2196.52;1.55;2153.14;1.52;2622100;2;10;61.4;0;1;CNPJ;0;10;4;2513.06;2051.98;1850.25;1850.25;2196.52;2196.52;2196.52;2196.52;2196.52;2196.52;2196.52;1198;0;0;0
999997;999997;999997;999;999;999;0;251110;7112;7420;999997;1;7;6;6;7;6;9;44;50;0;0;0;0;999999;355030;10;2054;0;0;2;999997;6320.53;4.47;5439.60;3.85;7112000;1;10;45.6;0;1;CNPJ;0;10;19;5198.23;5198.23;5198.23;5198.23;5366.49;5366.49;5962.77;5366.49;5366.49;5366.49;5366.49;1198;0;0;0
999997;999997;999997;999;999;999;11;251110;2622;3022;999997;0;6;3;6;99;7;9;44;45;0;0;0;12;999999;355030;10;2046;0;0;2;999997;;.00;2112.52;1.49;2622100;1;10;81.6;0;1;CNPJ;0;10;4;1850.25;1850.25;1847.98;2446.44;2220.93;2196.52;2196.52;2123.30;2196.52;2196.52;366.09;1198;0;0;0
999997;999997;999997;999;999;999;0;251110;2622;3022;999997;1;6;4;6;4;7;9;44;43;0;0;0;0;999999;355030;10;2046;0;0;4;999997;2196.52;1.55;2210.33;1.56;2622100;1;10;66.7;0;1;CNPJ;0;10;4;1850.25;1850.25;1850.25;3345.33;2252.18;2196.52;2196.52;2196.52;2196.52;2196.52;2196.52;1198;0;0;0
999997;999997;999997;40;40;40;0;251110;7112;7420;999997;1;5;5;5;5;4;10;40;37;0;0;0;0;999999;355030;10;2054;0;10;4;999997;4155.53;2.94;4189.05;2.96;7112000;2;10;21.6;0;1;CNPJ;0;10;19;4025.23;4025.23;4025.23;4025.23;4155.53;4155.53;4155.53;4155.53;4155.53;5078.98;4155.53;1198;0;0;0
999997;999997;999997;999;999;999;11;251110;7112;7420;999997;0;4;5;6;99;3;9;44;26;0;0;0;7;999999;355030;10;2054;0;0;8;999997;;.00;3241.90;2.29;7112000;2;10;9.9;0;1;CNPJ;0;10;19;3221.69;3221.69;3221.69;3221.69;3282.33;3282.33;109.41;0;0;0;0;1198;0;0;0
999997;999997;999997;999;999;999;0;251110;7220;7320;999997;1;6;6;99;99;3;11;99;43;0;1;3;0;999999;354780;10;2062;0;0;2;999997;;.00;4789.28;3.39;7220700;1;2;10.0;2;1;CNPJ;0;10;19;0;0;5597.42;6157.15;6157.15;3358.44;4533.90;5233.58;3134.55;4142.08;0;1198;1;0;0
999997;999997;999997;999;999;999;0;251110;2622;3022;999997;1;6;4;6;4;8;9;44;49;0;0;0;0;999999;355030;10;2046;0;0;8;999997;2196.52;1.55;2142.11;1.51;2622100;2;10;127.9;0;1;CNPJ;0;10;4;1850.25;1850.25;1850.25;1850.25;2196.52;2196.52;2196.52;2196.52;2879.88;2245.33;2196.52;1198;0;0;0
999997;999997;999997;999;999;999;0;251110;4772;5241;999997;1;4;4;6;4;1;9;42;25;0;0;11;0;999999;353440;10;2062;0;0;8;999997;2516.06;1.78;2516.06;1.78;4772500;2;3;1.0;4;1;CNPJ;0;10;16;0;0;0;0;0;0;0;0;0;0;0;1198;0;0;0
999997;999997;999997;999;999;999;11;251110;7220;7320;999997;0;5;6;6;99;7;9;44;35;0;0;0;5;999999;355030;10;2240;0;0;2;999997;;.00;4412.83;3.12;7220700;2;4;92.5;0;1;CNPJ;0;10;19;5109.59;4180.58;4180.58;4180.58;0;0;0;0;0;0;0;1198;0;0;0
999997;999997;999997;999;999;999;0;251110;4930;6026;999997;1;7;5;6;5;6;9;44;62;0;1;0;0;999999;355030;10;2062;0;0;2;999997;3232.23;2.28;3091.91;2.19;4930201;1;5;42.3;0;1;CNPJ;0;10;20;2708.91;2699.27;3053.14;2750.63;3115.58;3009.76;3124.38;3124.38;3276.72;2955.17;4052.79;1198;0;0;0
999997;999997;999997;999;999;999;0;251110;7112;7420;999997;1;5;5;6;5;4;9;44;30;0;0;0;0;999999;355030;10;2054;0;0;4;999997;3299.45;2.33;3273.53;2.31;7112000;1;10;16.8;0;1;CNPJ;0;10;19;3221.69;3221.69;3221.69;3221.69;3299.45;3299.45;3299.45;3299.45;3299.45;3299.45;3299.45;1198;0;0;0
