Bairros SP - Código;Bairros Fortaleza - Código;Bairros RJ - Código;Causa Afastamento 1 - Código;Causa Afastamento 2 - Código;Causa Afastamento 3 - Código;Motivo Desligamento - Código;CBO 2002 Ocupação - Código;CNAE 2.0 Classe - Código;CNAE 95 Classe - Código;Distritos SP - Código;Ind Vínculo Ativo 31/12 - Código;Faixa Etária - Código;Faixa Rem Média (SM) - Código;Faixa Hora Contrat - Código;Faixa Rem Dez (SM) - Código;Faixa Tempo Emprego - Código;Escolaridade Após 2005 - Código;Qtd Hora Contr;Idade;Ind CEI Vinculado - Código;Ind Estabelecimento Participante SIMPLES - Código;Mês Admissão - Código;Mês Desligamento - Código;Município Trab - Código;Município - Código;Nacionalidade - Código;Natureza Jurídica - Código;Ind Portador Defic - Código;Qtd Dias Afastamento;Raça Cor - Código;Região Adm DF - Código;Vl Rem Dezembro Nom;Vl Rem Dezembro (SM);Vl Rem Média Nom;Vl Rem Média (SM);CNAE 2.0 Subclasse - Código;Sexo - Código;Tamanho Estabelecimento - Código;Tempo Emprego;Tipo Admissão Trabalhador - Código;Tipo Estabelecimento - Código;Tipo Estabelecimento - Nome;Tipo Deficiência - Código;Tipo Vínculo - Código;IBGE Subsetor - Código;Vl Rem Janeiro SC;Vl Rem Fevereiro SC;Vl Rem Março SC;Vl Rem Abril SC;Vl Rem Maio SC;Vl Rem Junho SC;Vl Rem Julho SC;Vl Rem Agosto SC;Vl Rem Setembro SC;Vl Rem Outubro SC;Vl Rem Novembro SC;Ano Chegada Brasil;Ind Trabalho Intermitente - Código;Ind Trabalho Parcial - Código;Ind Vínculo Abandonado - Código
999997;999997;999997;999;999;999;0;251110;8211;7499;999997;1;6;99;6;99;7;9;44;45;0;0;0;0;999999;530010;10;2062;0;0;9;999997;;.00;.00;.00;8211300;2;4;83.0;0;1;CNPJ;0;10;19;0;0;0;0;0;0;0;0;0;0;0;1198;0;0;0
999997;999997;999997;999;999;999;12;251110;7220;7320;999997;0;4;5;6;99;1;9;44;25;0;0;6;9;999999;520870;10;2062;0;0;9;999997;;.00;3040.99;2.30;7220700;2;6;2.9;2;1;CNPJ;0;60;19;0;0;0;0;0;300.00;3135.00;3135.00;2852.98;0;0;1198;0;0;0
999997;999997;999997;999;999;999;21;251110;8211;7499;999997;0;3;1;6;99;1;9;44;23;0;0;6;6;999999;530010;10;2062;0;0;8;999997;;.00;400.00;.30;8211300;1;4;.2;2;1;CNPJ;0;60;19;0;0;0;0;0;400.00;0;0;0;0;0;1198;0;0;0
999997;999997;999997;999;999;999;12;251110;7220;7320;999997;0;5;5;6;6;1;9;44;38;0;0;11;12;999999;520870;10;2062;0;0;8;999997;4119.88;3.12;3104.94;2.35;7220700;2;6;1.4;2;1;CNPJ;0;60;19;0;0;0;0;0;0;0;0;0;0;2090.00;1198;0;0;0
999997;999997;999997;999;999;999;0;251110;7112;7420;999997;1;5;6;6;8;2;9;44;33;0;0;7;0;999999;530010;10;2062;0;0;2;999997;6867.66;5.20;5119.30;3.88;7112000;2;7;5.4;2;1;CNPJ;0;10;19;0;0;0;0;0;0;2280.88;5311.06;5306.71;5652.86;5296.65;1198;0;0;0
999997;999997;999997;999;999;999;12;251110;7220;7320;999997;0;5;4;6;4;1;9;44;35;0;0;11;12;999999;520870;10;2062;0;0;2;999997;2344.13;1.77;2373.82;1.80;7220700;1;6;1.4;2;1;CNPJ;0;60;19;0;0;0;0;0;0;0;0;0;0;2403.50;1198;0;0;0
999997;999997;999997;999;999;999;0;251110;7220;7320;999997;1;3;5;6;5;1;9;44;24;0;0;12;0;999999;520870;10;2062;0;0;2;999997;2713.52;2.05;2713.52;2.05;7220700;2;6;.8;2;1;CNPJ;0;60;19;0;0;0;0;0;0;0;0;0;0;0;1198;0;0;0
999997;999997;999997;999;999;999;90;251110;7220;7320;999997;0;4;5;6;99;3;9;44;28;0;0;2;8;999999;520870;10;2062;0;0;9;999997;;.00;3576.43;2.72;7220700;1;6;6.2;2;1;CNPJ;0;10;19;0;1466.67;4000.00;4000.00;4000.00;4000.00;4180.00;3388.33;0;0;0;1198;0;0;0
999997;999997;999997;999;999;999;12;251110;7220;7320;999997;0;4;5;6;99;1;9;44;27;0;0;7;9;999999;520870;10;2062;0;0;9;999997;;.00;3100.17;2.34;7220700;1;6;2.9;2;1;CNPJ;0;60;19;0;0;0;0;0;0;3030.50;3135.00;3135.00;0;0;1198;0;0;0
999997;999997;999997;999;999;999;0;251110;7220;7320;999997;1;5;5;6;5;1;9;44;36;0;0;12;0;999999;520870;10;2062;0;0;2;999997;3135.00;2.37;3135.00;2.37;7220700;2;6;1.0;2;1;CNPJ;0;60;19;0;0;0;0;0;0;0;0;0;0;0;1198;0;0;0
999997;999997;999997;999;999;999;11;251110;7112;7420;999997;0;6;5;5;99;4;9;40;45;0;0;0;9;999999;530010;10;2062;0;0;9;999997;;.00;3022.24;2.30;7112000;1;5;15.1;0;1;CNPJ;0;10;19;3022.50;3022.50;3022.50;3022.50;3022.50;3022.50;3421.47;3540.03;2103.66;0;0;1198;0;0;0
999997;999997;999997;40;999;999;21;251110;8211;7499;999997;0;4;2;6;99;1;9;44;27;0;0;7;8;999999;530010;10;2062;0;1;8;999997;;.00;923.23;.69;8211300;1;4;1.3;2;1;CNPJ;0;60;19;0;0;0;0;0;0;1161.29;685.16;0;0;0;1198;0;0;0
999997;999997;999997;999;999;999;0;251110;7220;7320;999997;1;3;5;6;5;1;9;44;23;0;0;12;0;999999;520870;10;2062;0;0;4;999997;2926.00;2.21;2926.00;2.21;7220700;2;6;.9;2;1;CNPJ;0;60;19;0;0;0;0;0;0;0;0;0;0;0;1198;0;0;0
999997;999997;999997;999;999;999;0;251110;7220;7320;999997;1;3;5;6;5;2;9;44;23;0;0;8;0;999999;520870;10;2062;0;0;8;999997;3135.00;2.37;2737.90;2.07;7220700;1;6;4.3;2;1;CNPJ;0;10;19;0;0;0;0;0;0;0;1149.50;3135.00;3135.00;3135.00;1198;0;0;0
999997;999997;999997;999;999;999;0;251110;7220;7320;999997;1;3;4;6;4;1;9;44;22;0;0;12;0;999999;520870;10;2062;0;0;8;999997;2612.50;1.97;2612.50;1.97;7220700;2;6;.8;2;1;CNPJ;0;60;19;0;0;0;0;0;0;0;0;0;0;0;1198;0;0;0
999997;999997;999997;40;40;40;0;251110;7112;7420;999997;1;5;9;6;10;7;9;44;31;0;0;0;0;999999;530010;10;2062;0;7;8;999997;14129.45;10.70;12009.94;9.13;7112000;2;7;107.4;0;1;CNPJ;0;10;19;13477.50;11181.82;11181.82;11181.82;11181.82;11181.82;11181.82;12548.48;12300.01;12286.47;12286.47;1198;0;0;0
999997;999997;999997;999;999;999;0;251110;7220;7320;999997;1;4;5;6;6;3;9;44;25;0;0;2;0;999999;520870;10;2062;0;0;8;999997;4180.00;3.16;3783.03;2.87;7220700;1;6;10.1;2;1;CNPJ;0;10;19;0;533.33;4000.00;4000.00;4000.00;4000.00;4180.00;4180.00;4180.00;4180.00;4180.00;1198;0;0;0
999997;999997;999997;999;999;999;12;251110;7220;7320;999997;0;4;4;6;99;1;9;44;25;0;0;7;10;999999;520870;10;2062;0;0;9;999997;;.00;2351.58;1.78;7220700;2;6;2.9;2;1;CNPJ;0;60;19;0;0;0;0;0;0;2717.00;3135.00;3135.00;419.31;0;1198;0;0;0
999997;999997;999997;999;999;999;0;251110;7220;7320;999997;1;5;6;6;6;7;9;44;36;0;0;0;0;999999;520870;10;3069;0;0;8;999997;4873.49;3.69;5104.37;3.88;7220700;1;4;100.0;0;1;CNPJ;0;10;19;4577.95;4577.95;4577.95;5983.73;6637.36;4828.36;4828.36;4828.36;5791.94;4873.49;4873.49;1198;0;0;0
999997;999997;999997;999;999;999;0;251110;4930;6026;999997;1;4;7;6;8;4;9;44;29;0;0;0;0;999999;520140;10;2062;0;0;8;999997;6636.23;5.02;5303.54;4.03;4930202;2;7;23.0;0;1;CNPJ;0;10;20;4617.44;4617.44;4617.44;4617.44;5118.75;5874.46;5547.83;5460.00;5356.00;5356.00;5823.39;1198;0;0;0
999997;999997;999997;999;999;999;11;251110;7112;7420;999997;0;4;5;6;99;3;9;44;25;0;0;0;8;999999;530010;10;2062;0;0;2;999997;;.00;3789.37;2.89;7112000;1;7;10.6;0;1;CNPJ;0;10;19;4376.59;3787.89;3787.89;3787.89;3787.89;3787.89;3209.52;0;0;0;0;1198;0;0;0
999997;999997;999997;999;999;999;12;251110;7220;7320;999997;0;5;4;6;99;1;9;44;30;0;0;6;8;999999;520870;10;2062;0;0;9;999997;;.00;2257.78;1.70;7220700;1;6;1.6;2;1;CNPJ;0;60;19;0;0;0;0;0;1200.00;4180.00;1393.33;0;0;0;1198;0;0;0
999997;999997;999997;999;999;999;0;251110;8411;7511;999997;1;7;11;5;99;8;9;40;56;0;0;0;0;999999;530010;10;1163;0;0;6;999997;;.00;23620.71;18.09;8411600;2;10;227.3;0;1;CNPJ;0;30;24;23747.29;24745.44;22625.41;24938.17;22047.23;0;0;0;0;0;0;1198;0;0;0
999997;999997;999997;999;999;999;11;251110;7220;7320;999997;0;3;4;6;99;2;9;44;24;0;0;6;11;999999;520870;10;2062;0;0;8;999997;;.00;2437.48;1.84;7220700;2;6;4.8;2;1;CNPJ;0;10;19;0;0;0;0;0;500.00;3135.00;3135.00;3135.00;2282.38;0;1198;0;0;0
999997;999997;999997;999;999;999;90;251110;7220;7320;999997;0;5;6;6;99;5;9;44;30;0;0;0;8;999999;520870;10;2062;0;0;8;999997;;.00;4048.61;3.09;7220700;1;6;26.1;0;1;CNPJ;0;10;19;4028.90;4000.00;4000.00;4000.00;4000.00;4000.00;4180.00;4180.00;0;0;0;1198;0;0;0
999997;999997;999997;999;999;999;0;251110;8211;7499;999997;1;7;10;6;10;3;11;44;61;0;0;5;0;999999;520870;10;2062;0;0;8;999997;14000.00;10.60;13650.00;10.34;8211300;2;6;7.7;2;1;CNPJ;0;10;19;0;0;0;0;11200.00;14000.00;14000.00;14000.00;14000.00;14000.00;14000.00;1198;0;0;0
999997;999997;999997;999;999;999;0;251110;7220;7320;999997;1;5;6;6;6;3;9;44;35;0;0;6;0;999999;520870;10;2062;0;0;8;999997;4830.23;3.65;4288.37;3.24;7220700;2;6;6.0;2;1;CNPJ;0;10;19;0;0;0;0;0;133.33;4180.00;4180.00;4180.00;4180.00;4180.00;1198;0;0;0
999997;999997;999997;999;999;999;0;251110;7112;7420;999997;1;5;5;6;5;7;9;44;34;0;0;0;0;999999;530010;10;2062;0;0;2;999997;2994.83;2.26;2799.14;2.12;7112000;1;2;117.7;0;1;CNPJ;0;10;19;0;2807.65;2807.65;2807.65;2807.65;2807.65;2807.65;2807.65;2807.65;2526.88;2807.65;1198;0;0;0
999997;999997;999997;40;40;999;0;251110;8211;7499;999997;1;6;5;6;5;8;9;44;42;0;0;0;0;999999;530010;10;2062;0;44;8;999997;3746.81;2.83;3668.00;2.78;8211300;2;4;123.6;0;1;CNPJ;0;10;19;2702.22;2291.63;4696.57;3746.81;3746.81;3746.81;4351.14;3746.81;3746.81;3746.81;3746.81;1198;0;0;0
999997;999997;999997;999;999;999;12;251110;7220;7320;999997;0;4;5;6;99;1;9;44;28;0;0;8;11;999999;520870;10;2062;0;0;2;999997;;.00;3404.17;2.58;7220700;1;6;2.9;2;1;CNPJ;0;60;19;0;0;0;0;0;0;0;1254.00;4180.00;4180.00;4002.67;1198;0;0;0
999997;999997;999997;999;999;999;0;251110;7220;7320;999997;1;4;6;6;6;1;9;44;26;0;0;12;0;999999;520870;10;2062;0;0;2;999997;4180.00;3.16;4180.00;3.16;7220700;1;6;1.0;2;1;CNPJ;0;60;19;0;0;0;0;0;0;0;0;0;0;0;1198;0;0;0
999997;999997;999997;999;999;999;12;251110;7220;7320;999997;0;5;5;6;99;1;9;44;37;0;1;8;9;999999;520890;10;2062;0;0;9;999997;;.00;2750.00;2.08;7220700;2;2;1.8;2;1;CNPJ;0;60;19;0;0;0;0;0;0;0;2500.00;3000.00;0;0;1198;0;0;0
999997;999997;999997;999;999;999;0;251110;6920;7412;999997;1;6;3;6;3;7;9;44;46;0;1;0;0;999999;500110;10;2135;0;0;8;999997;1630.00;1.23;1510.83;1.15;6920601;1;4;103.0;0;1;CNPJ;0;10;19;1500.00;1500.00;1500.00;1500.00;1500.00;1500.00;1500.00;1500.00;1500.00;1500.00;1500.00;1198;0;0;0
999997;999997;999997;999;999;999;12;251110;7220;7320;999997;0;4;99;99;99;1;9;99;29;0;0;2;4;999999;520870;10;2062;0;0;8;999997;;.00;.00;.00;7220700;1;6;1.5;2;1;CNPJ;0;10;19;0;202.04;231.98;269.38;0;0;0;0;0;0;0;1198;1;0;0
999997;999997;999997;999;999;999;0;251110;7220;7320;999997;1;4;1;99;1;2;9;99;29;0;0;9;0;999999;520870;10;2062;0;0;8;999997;523.56;.39;599.68;.45;7220700;1;6;3.4;2;1;CNPJ;0;10;19;0;0;0;0;0;0;0;0;457.42;818.05;263.89;1198;1;0;0
999997;999997;999997;999;999;999;0;251110;7220;7320;999997;1;4;6;6;6;2;9;44;26;0;0;7;0;999999;520870;10;2062;0;0;8;999997;4783.77;3.62;4187.74;3.17;7220700;1;6;5.8;2;1;CNPJ;0;10;19;0;0;0;0;0;0;3622.67;4180.00;4180.00;4180.00;4180.00;1198;0;0;0
999997;999997;999997;999;999;999;0;251110;7220;7320;999997;1;4;6;6;6;4;9;44;26;0;0;0;0;999999;520870;10;2062;0;0;9;999997;4830.23;3.65;4177.24;3.17;7220700;2;6;14.4;0;1;CNPJ;0;10;19;3700.00;4000.00;4000.00;4000.00;4000.00;4000.00;4180.00;4180.00;4876.67;4180.00;4180.00;1198;0;0;0
999997;999997;999997;999;999;999;12;251110;7220;7320;999997;0;5;5;6;99;1;9;44;32;0;0;7;10;999999;520870;10;2062;0;0;9;999997;;.00;3100.17;2.34;7220700;2;6;2.9;2;1;CNPJ;0;60;19;0;0;0;0;0;0;3065.33;4180.00;4180.00;975.33;0;1198;0;0;0
999997;999997;999997;999;999;999;0;251110;7220;7320;999997;1;5;4;6;4;1;9;44;32;0;0;12;0;999999;520870;10;2062;0;0;8;999997;1985.50;1.50;1985.50;1.50;7220700;2;6;.6;2;1;CNPJ;0;60;19;0;0;0;0;0;0;0;0;0;0;0;1198;0;0;0
999997;999997;999997;999;999;999;90;251110;7220;7320;999997;0;5;5;6;99;2;9;44;33;0;0;2;7;999999;520870;10;2062;0;0;8;999997;;.00;3511.11;2.67;7220700;1;6;5.2;2;1;CNPJ;0;10;19;0;1466.67;4000.00;4000.00;4000.00;4000.00;3600.00;0;0;0;0;1198;0;0;0
999997;999997;999997;999;999;999;0;251110;7220;7320;999997;1;5;6;6;6;2;9;44;31;0;0;7;0;999999;520870;10;2062;0;0;8;999997;4783.77;3.62;4071.63;3.08;7220700;1;6;5.6;2;1;CNPJ;0;10;19;0;0;0;0;0;0;2926.00;4180.00;4180.00;4180.00;4180.00;1198;0;0;0
999997;999997;999997;999;999;999;0;251110;7220;7320;999997;1;5;5;6;6;1;9;44;33;0;0;10;0;999999;520870;10;2062;0;0;8;999997;4180.00;3.16;3854.89;2.91;7220700;1;6;2.7;2;1;CNPJ;0;10;19;0;0;0;0;0;0;0;0;0;3204.67;4180.00;1198;0;0;0
999997;999997;999997;999;999;999;0;251110;7220;7320;999997;1;5;6;6;7;5;9;44;30;0;0;0;0;999999;520870;10;2062;0;0;8;999997;6502.22;4.92;5252.94;3.99;7220700;1;6;28.0;0;1;CNPJ;0;10;19;5292.00;5000.00;5000.00;5000.00;5000.00;5000.00;5225.00;5225.00;5225.00;5225.00;5341.11;1198;0;0;0
999997;999997;999997;40;40;999;11;251110;8211;7499;999997;0;3;2;6;99;1;9;44;24;0;0;7;9;999999;530010;10;2062;0;11;8;999997;;.00;1123.55;.85;8211300;1;4;1.8;2;1;CNPJ;0;60;19;0;0;0;0;0;0;1161.29;1085.81;300.00;0;0;1198;0;0;0
999997;999997;999997;999;999;999;0;251110;8531;8031;999997;1;5;9;5;9;7;11;40;38;0;0;0;0;999999;520870;10;1104;0;0;2;999997;9371.82;7.09;9445.07;7.18;8531700;1;10;76.4;0;1;CNPJ;0;30;23;8452.33;8452.33;8452.33;8652.33;9371.82;13728.73;9371.82;9371.82;9371.82;9371.82;9371.82;1198;0;0;0
999997;999997;999997;999;999;999;0;251110;7220;7320;999997;1;5;5;6;5;7;9;44;30;0;0;0;0;999999;520870;10;3069;0;0;8;999997;2920.75;2.21;3142.10;2.39;7220700;2;4;88.2;0;1;CNPJ;0;10;19;2743.39;3018.65;2861.36;3043.51;2893.45;3383.83;3834.02;2920.75;4243.97;2920.75;2920.75;1198;0;0;0
999997;999997;999997;999;999;999;0;251110;7220;7320;999997;1;3;4;6;4;1;9;44;24;0;0;12;0;999999;520870;10;2062;0;0;8;999997;2194.50;1.66;2194.50;1.66;7220700;2;6;.6;2;1;CNPJ;0;60;19;0;0;0;0;0;0;0;0;0;0;0;1198;0;0;0
999997;999997;999997;999;999;999;0;251110;7220;7320;999997;1;4;6;6;6;1;9;44;28;0;0;12;0;999999;520870;10;2062;0;0;8;999997;4314.69;3.26;4314.69;3.26;7220700;2;6;1.0;2;1;CNPJ;0;60;19;0;0;0;0;0;0;0;0;0;0;0;1198;0;0;0
999997;999997;999997;40;40;40;0;251110;7112;7420;999997;1;4;8;6;8;4;9;44;29;0;0;0;0;999999;530010;10;2062;0;15;2;999997;7711.00;5.84;7025.78;5.34;7112000;2;7;23.0;0;1;CNPJ;0;10;19;8056.10;6705.22;6705.22;6705.22;6705.22;6705.22;6705.22;8195.27;6705.22;6705.22;6705.22;1198;0;0;0
999997;999997;999997;40;999;999;0;251110;7112;7420;999997;1;4;7;6;8;4;9;44;25;0;0;0;0;999999;530010;10;2062;0;9;8;999997;7747.63;5.86;5737.37;4.36;7112000;1;7;15.2;0;1;CNPJ;0;10;19;6328.49;5477.23;5477.23;5477.23;5477.23;5477.23;5477.23;5477.23;5477.23;5477.23;5477.23;1198;0;0;0
999997;999997;999997;999;999;999;11;251110;6920;7412;999997;0;5;5;6;99;4;9;44;30;0;1;0;7;999999;530010;10;2062;0;0;2;999997;;.00;2935.87;2.24;6920601;2;2;20.3;0;1;CNPJ;0;10;19;3804.45;3200.00;3200.00;3200.00;3200.00;3200.00;746.67;0;0;0;0;1198;0;0;0
999997;999997;999997;999;999;999;11;251110;7220;7320;999997;0;4;5;6;99;5;9;44;27;0;0;0;9;999999;520870;10;2062;0;0;8;999997;;.00;3837.56;2.92;7220700;1;6;26.5;0;1;CNPJ;0;10;19;3700.00;4000.00;4000.00;4666.67;4000.00;4000.00;5016.00;4180.00;975.33;0;0;1198;0;0;0
999997;999997;999997;999;999;999;0;251110;7220;7320;999997;1;4;5;6;5;1;9;44;29;0;0;12;0;999999;520870;10;2062;0;0;8;999997;2786.67;2.11;2786.67;2.11;7220700;1;6;.6;2;1;CNPJ;0;60;19;0;0;0;0;0;0;0;0;0;0;0;1198;0;0;0
999997;999997;999997;40;999;999;11;251110;8211;7499;999997;0;5;7;6;99;1;9;44;34;0;0;5;7;999999;520870;10;2062;0;1;8;999997;;.00;5415.76;4.10;8211300;1;6;2.2;2;1;CNPJ;0;10;19;0;0;0;0;5500.00;9413.95;1333.33;0;0;0;0;1198;0;0;0
999997;999997;999997;999;999;999;11;251110;8211;7499;999997;0;7;3;6;99;1;9;44;50;0;0;7;9;999999;530010;10;2062;0;0;8;999997;;.00;1421.62;1.08;8211300;1;4;1.8;2;1;CNPJ;0;60;19;0;0;0;0;0;0;1043.23;1800.00;300.00;0;0;1198;0;0;0
999997;999997;999997;40;40;40;21;251110;8211;7499;999997;0;3;2;6;99;1;9;44;22;0;0;7;8;999999;530010;10;2062;0;3;8;999997;;.00;803.23;.60;8211300;1;4;1.3;2;1;CNPJ;0;60;19;0;0;0;0;0;0;1161.29;445.16;0;0;0;1198;0;0;0
999997;999997;999997;999;999;999;0;251110;8411;7511;999997;1;7;11;5;99;8;11;40;54;0;0;0;0;999999;530010;10;1163;0;0;2;999997;;.00;23454.81;17.97;8411600;2;10;149.3;0;1;CNPJ;0;30;24;23094.78;24246.50;24246.50;24246.50;21439.76;0;0;0;0;0;0;1198;0;0;0
999997;999997;999997;999;999;999;12;251110;7220;7320;999997;0;3;5;6;99;1;9;44;24;0;0;7;10;999999;520870;10;2062;0;0;2;999997;;.00;3131.32;2.37;7220700;2;6;2.9;2;1;CNPJ;0;60;19;0;0;0;0;0;0;1532.67;4180.00;4180.00;2632.59;0;1198;0;0;0
999997;999997;999997;999;999;999;12;251110;7220;7320;999997;0;5;5;6;99;1;9;44;35;0;0;6;9;999999;520870;10;2062;0;0;9;999997;;.00;3057.84;2.31;7220700;1;6;2.9;2;1;CNPJ;0;60;19;0;0;0;0;0;666.67;4180.00;4180.00;3204.67;0;0;1198;0;0;0
999997;999997;999997;40;999;999;0;251110;7220;7320;999997;1;5;6;6;7;4;9;44;34;0;0;0;0;999999;520870;10;2062;0;7;8;999997;6211.94;4.70;4638.22;3.52;7220700;2;6;14.0;0;1;CNPJ;0;10;19;3700.00;4000.00;4000.00;4666.67;4000.00;4000.00;4180.00;5225.00;5225.00;5225.00;5225.00;1198;0;0;0
999997;999997;999997;999;999;999;0;251110;7220;7320;999997;1;5;6;6;6;4;9;44;30;0;0;0;0;999999;520870;10;2062;0;0;8;999997;4830.23;3.65;4188.85;3.18;7220700;2;6;14.4;0;1;CNPJ;0;10;19;3700.00;4000.00;4000.00;4000.00;4000.00;4000.00;4180.00;4180.00;4319.33;4876.67;4180.00;1198;0;0;0
999997;999997;999997;999;999;999;0;251110;7112;7420;999997;1;5;8;6;8;7;9;44;31;0;0;0;0;999999;530010;10;2062;0;0;8;999997;7338.10;5.55;7361.29;5.60;7112000;1;5;83.9;0;1;CNPJ;0;10;19;7000.00;7000.00;7000.00;7000.00;7000.00;7000.00;7000.00;7000.00;7338.10;8690.50;8968.79;1198;0;0;0
999997;999997;999997;999;999;999;0;251110;7220;7320;999997;1;8;8;6;8;7;9;44;68;0;0;0;0;999999;520870;10;3069;0;0;2;999997;8296.99;6.28;8425.94;6.41;7220700;1;4;115.8;0;1;CNPJ;0;10;19;7803.65;7803.65;9364.38;8657.37;8296.99;8296.99;8296.99;8296.99;9403.26;8296.99;8296.99;1198;0;0;0
999997;999997;999997;999;999;999;0;251110;7220;7320;999997;1;5;5;6;5;1;9;44;33;0;0;12;0;999999;520870;10;2062;0;0;8;999997;3762.00;2.85;3762.00;2.85;7220700;2;6;.8;2;1;CNPJ;0;60;19;0;0;0;0;0;0;0;0;0;0;0;1198;0;0;0
999997;999997;999997;999;999;999;0;251110;7220;7320;999997;1;4;5;6;6;2;9;44;29;0;0;8;0;999999;520870;10;2062;0;0;8;999997;4180.00;3.16;3957.07;2.99;7220700;1;6;4.7;2;1;CNPJ;0;10;19;0;0;0;0;0;0;0;3065.33;4180.00;4180.00;4180.00;1198;0;0;0
999997;999997;999997;999;999;999;21;251110;8211;7499;999997;0;4;1;6;99;1;9;44;25;0;0;6;6;999999;530010;10;2062;0;0;8;999997;;.00;400.00;.30;8211300;1;4;.2;2;1;CNPJ;0;60;19;0;0;0;0;0;400.00;0;0;0;0;0;1198;0;0;0
999997;999997;999997;999;999;999;11;251110;7220;7320;999997;0;6;5;6;99;2;9;44;45;0;0;6;11;999999;520870;10;2062;0;0;9;999997;;.00;3830.50;2.90;7220700;1;6;5.0;2;1;CNPJ;0;10;19;0;0;0;0;0;4000.00;4180.00;5225.00;5225.00;522.50;0;1198;0;0;0
999997;999997;999997;50;999;999;0;251110;7220;7320;999997;1;5;6;6;6;3;9;44;35;0;0;2;0;999999;520870;10;2062;0;82;8;999997;5225.00;3.95;4834.85;3.67;7220700;2;6;10.3;2;1;CNPJ;0;10;19;0;1833.33;5000.00;5000.00;5000.00;5000.00;5225.00;5225.00;5225.00;5225.00;5225.00;1198;0;0;0
999997;999997;999997;10;999;999;0;251110;7220;7320;999997;1;5;5;6;99;2;9;44;30;0;0;8;0;999999;520870;10;2062;0;116;8;999997;;.00;3065.34;2.32;7220700;1;6;4.7;2;1;CNPJ;0;10;19;0;0;0;0;0;0;0;3204.67;2926.00;0;0;1198;0;0;0
999997;999997;999997;999;999;999;0;251110;7220;7320;999997;1;5;5;6;6;2;9;44;32;0;0;9;0;999999;520870;10;2062;0;0;2;999997;4180.00;3.16;3274.33;2.48;7220700;1;6;3.1;2;1;CNPJ;0;10;19;0;0;0;0;0;0;0;0;557.33;4180.00;4180.00;1198;0;0;0
999997;999997;999997;999;999;999;0;251110;7220;7320;999997;1;4;6;6;6;1;9;44;29;0;0;12;0;999999;520870;10;2062;0;0;2;999997;4180.00;3.16;4180.00;3.16;7220700;2;6;1.0;2;1;CNPJ;0;60;19;0;0;0;0;0;0;0;0;0;0;0;1198;0;0;0
999997;999997;999997;999;999;999;90;251110;8531;8031;999997;0;7;8;5;99;8;9;40;62;0;0;0;6;999999;520870;10;3999;0;0;2;999997;;.00;7476.39;5.72;8531700;2;10;260.2;0;1;CNPJ;0;10;23;8626.60;8626.60;8626.60;8626.60;8626.60;1725.32;0;0;0;0;0;1198;0;0;0
999997;999997;999997;999;999;999;21;251110;7220;7320;999997;0;4;5;6;99;1;9;44;25;0;0;9;11;999999;520870;10;2062;0;0;2;999997;;.00;2954.66;2.23;7220700;1;6;2.4;2;1;CNPJ;0;60;19;0;0;0;0;0;0;0;0;2717.00;3135.00;3011.98;1198;0;0;0
999997;999997;999997;999;999;999;21;251110;7112;7420;999997;0;4;7;6;99;6;9;44;29;0;0;0;10;999999;510340;10;2062;0;0;2;999997;;.00;5282.55;4.02;7112000;1;4;50.8;0;1;CNPJ;0;10;19;5066.66;4000.00;5038.40;4494.40;4494.40;4494.40;4494.40;8024.77;9372.93;3345.13;0;1198;0;0;0
999997;999997;999997;999;999;999;0;251110;7220;7320;999997;1;6;5;6;5;1;9;44;41;0;0;12;0;999999;520870;10;2062;0;0;8;999997;2926.00;2.21;2926.00;2.21;7220700;2;6;.6;2;1;CNPJ;0;60;19;0;0;0;0;0;0;0;0;0;0;0;1198;0;0;0
999997;999997;999997;999;999;999;0;251110;7220;7320;999997;1;3;5;6;5;1;9;44;23;0;0;12;0;999999;520870;10;2062;0;0;4;999997;3135.00;2.37;3135.00;2.37;7220700;2;6;1.0;2;1;CNPJ;0;60;19;0;0;0;0;0;0;0;0;0;0;0;1198;0;0;0
999997;999997;999997;999;999;999;0;251110;8531;8031;999997;1;8;10;5;10;8;10;40;72;0;0;0;0;999999;330455;10;1104;0;0;2;999997;15218.55;11.52;15785.50;12.00;8531700;2;10;582.0;0;1;CNPJ;0;30;23;13816.29;13816.29;13816.29;14016.29;15218.55;27430.98;15218.55;15218.55;15218.55;15218.55;15218.55;1198;0;0;0
999997;999997;999997;999;999;999;11;251110;7490;7499;999997;0;4;5;6;99;3;9;44;29;0;0;0;2;999999;320530;10;2062;0;0;8;999997;;.00;3645.00;2.80;7490199;1;9;8.4;0;1;CNPJ;0;10;19;4050.00;3240.00;0;0;0;0;0;0;0;0;0;1198;0;0;0
999997;999997;999997;999;999;999;0;251110;8531;8031;999997;1;5;9;5;8;7;10;40;38;0;0;0;0;999999;330455;10;1104;0;0;2;999997;9044.73;6.85;9346.31;7.11;8531700;1;10;86.2;0;1;CNPJ;0;30;23;8152.25;8152.25;8152.25;10917.00;9275.55;13238.09;9044.73;9044.73;9044.73;9044.73;9044.73;1198;0;0;0
999997;999997;999997;999;999;999;0;251110;7220;7320;999997;1;5;5;99;99;3;9;99;38;0;1;5;0;999999;330455;10;2062;0;0;2;999997;;.00;3418.40;2.58;7220700;2;5;7.5;2;1;CNPJ;0;10;19;0;0;0;0;2349.39;4167.88;4164.97;4319.65;4117.80;3936.63;872.45;1198;1;0;0
999997;999997;999997;999;999;999;0;251110;7220;7320;999997;1;6;6;99;4;6;9;99;40;0;1;0;0;999999;330455;10;2062;0;0;2;999997;2042.79;1.54;4091.07;3.11;7220700;1;5;48.9;0;1;CNPJ;0;10;19;4650.05;4486.18;4800.95;4316.61;4389.10;4420.42;3936.63;3443.15;4341.54;3936.63;4328.77;1198;1;0;0
999997;999997;999997;999;999;999;0;251110;7220;7320;999997;1;5;99;99;99;6;9;99;33;0;1;0;0;999999;330455;10;2062;0;0;2;999997;;.00;.00;.00;7220700;1;5;57.5;0;1;CNPJ;0;10;19;0;0;0;0;0;0;0;0;0;0;0;1198;1;0;0
999997;999997;999997;999;999;999;11;251110;7490;7499;999997;0;4;5;6;99;3;9;44;29;0;0;0;2;999999;320530;10;2062;0;0;8;999997;;.00;3645.00;2.80;7490199;2;9;8.4;0;1;CNPJ;0;10;19;4050.00;3240.00;0;0;0;0;0;0;0;0;0;1198;0;0;0
999997;999997;999997;999;999;999;11;251110;7220;7320;999997;0;6;2;2;99;3;9;15;42;0;0;0;2;999999;314480;10;2062;0;0;2;999997;;.00;1069.50;.82;7220700;1;1;10.5;0;1;CNPJ;0;10;19;1302.00;837.00;0;0;0;0;0;0;0;0;0;1198;0;0;0
999997;999997;999997;999;999;999;0;251110;8291;7499;999997;1;7;2;5;2;3;9;40;52;0;1;7;0;999999;310620;10;2062;0;0;2;999997;1320.00;1.00;1320.00;1.00;8291100;1;2;6.0;2;1;CNPJ;0;10;19;0;0;0;0;0;0;1320.00;1320.00;1320.00;1320.00;1320.00;1198;0;0;0
999997;999997;999997;50;999;999;0;251110;8411;7511;999997;1;5;3;5;3;8;9;40;31;0;0;0;0;999999;310230;10;1066;0;120;9;999997;1515.30;1.14;1515.30;1.15;8411600;2;4;130.4;0;1;CNPJ;0;35;24;1432.30;1432.30;1681.30;1515.30;1515.30;1515.30;1515.30;1515.30;1515.30;1515.30;1515.30;1198;0;0;0
999997;999997;999997;999;999;999;0;251110;7220;7320;999997;1;5;99;99;99;7;9;99;32;0;1;0;0;999999;330455;10;2062;0;0;2;999997;;.00;.00;.00;7220700;2;5;65.9;0;1;CNPJ;0;10;19;0;0;0;0;0;0;0;0;0;0;0;1198;1;0;0
999997;999997;999997;40;999;999;0;251110;7119;7420;999997;1;5;6;6;7;5;9;44;37;0;0;0;0;999999;310620;10;2062;0;1;8;999997;5323.85;4.03;4841.02;3.67;7119702;1;6;34.7;0;1;CNPJ;0;10;19;3753.27;3550.00;3550.00;3550.00;8040.87;4815.00;4867.52;4815.00;6196.75;4815.00;4815.00;1198;0;0;0
999997;999997;999997;999;999;999;11;251110;8211;7499;999997;0;5;5;6;99;3;9;44;38;0;1;0;6;999999;310620;10;2135;0;0;2;999997;;.00;3844.45;2.94;8211300;1;2;10.4;0;1;CNPJ;0;10;19;4000.00;4000.00;4000.00;4000.00;4000.00;3066.67;0;0;0;0;0;1198;0;0;0
999997;999997;999997;999;999;999;0;251110;7119;7420;999997;1;4;4;6;5;3;9;44;27;0;0;5;0;999999;310620;10;2062;0;0;8;999997;2836.07;2.14;2462.86;1.86;7119702;1;6;7.4;2;1;CNPJ;0;10;19;0;0;0;0;1197.00;2565.00;2565.00;2565.00;2844.82;2565.00;2565.00;1198;0;0;0
999997;999997;999997;999;999;999;0;251110;8411;7511;999997;1;4;7;5;7;4;9;40;26;0;0;0;0;999999;310620;10;1104;0;0;2;999997;5570.36;4.21;5447.28;4.14;8411600;2;10;23.0;0;1;CNPJ;0;30;24;4638.66;4638.66;4638.66;6232.21;5340.34;7493.38;5244.54;5392.64;5392.64;5392.64;5392.64;1198;0;0;0
999997;999997;999997;999;999;999;11;251110;8599;8099;999997;0;7;7;6;99;4;9;44;51;0;1;0;10;999999;313510;10;2062;0;0;8;999997;;.00;5371.30;4.08;8599604;1;4;20.2;0;1;CNPJ;0;10;23;5371.30;5371.30;5371.30;5371.30;5371.30;5371.30;5371.30;5371.30;5371.30;5371.30;0;1198;0;0;0
999997;999997;999997;999;999;999;0;251110;7490;7416;999997;1;5;99;99;99;5;10;99;35;0;0;0;0;999999;330455;10;2062;0;0;8;999997;;.00;.00;.00;7490103;1;7;33.8;0;1;CNPJ;0;10;19;0;0;0;0;0;0;0;0;0;0;0;1198;1;0;0
999997;999997;999997;999;999;999;0;251110;7220;7320;999997;1;7;99;99;99;6;9;99;50;0;1;0;0;999999;330455;10;2062;0;0;8;999997;;.00;.00;.00;7220700;1;5;47.4;0;1;CNPJ;0;10;19;0;0;0;0;0;0;0;0;0;0;0;1198;1;0;0
999997;999997;999997;999;999;999;0;251110;8411;7511;999997;1;4;5;4;5;6;9;25;28;0;0;0;0;999999;315780;10;1244;0;0;8;999997;3661.89;2.77;3661.89;2.78;8411600;2;10;53.2;0;1;CNPJ;0;30;24;3149.53;3149.53;3149.53;5363.97;3631.89;3646.89;3676.89;3616.89;3631.89;3601.89;3661.89;1198;0;0;0
999997;999997;999997;999;999;999;0;251110;7220;7320;999997;1;5;7;5;7;3;11;40;31;0;0;2;0;999999;310620;10;2062;0;0;4;999997;5326.05;4.03;5461.06;4.15;7220700;1;2;11.0;2;1;CNPJ;0;10;19;0;5207.27;5576.75;4970.75;6777.06;5114.18;5060.14;5944.62;6004.36;4854.11;5236.36;1198;0;0;0
999997;999997;999997;999;999;999;0;251110;7220;7320;999997;1;6;99;99;99;7;9;99;43;0;1;0;0;999999;330455;10;2062;0;0;4;999997;;.00;.00;.00;7220700;2;5;65.0;0;1;CNPJ;0;10;19;0;0;0;0;0;0;0;0;0;0;0;1198;1;0;0
999997;999997;999997;999;999;999;0;251110;7220;7320;999997;1;6;99;99;99;6;9;99;43;0;1;0;0;999999;330455;10;2062;0;0;2;999997;;.00;.00;.00;7220700;1;5;52.2;0;1;CNPJ;0;10;19;0;0;0;0;0;0;0;0;0;0;0;1198;1;0;0
999997;999997;999997;999;999;999;0;251110;8531;8031;999997;1;5;9;5;10;7;10;40;34;0;0;0;0;999999;330455;10;1104;0;0;2;999997;15232.25;11.53;10866.43;8.26;8531700;1;10;106.2;0;1;CNPJ;0;30;23;9371.92;9371.92;9371.92;9571.92;10374.17;15232.25;10374.17;10374.17;10374.17;10374.17;10374.17;1198;0;0;0
999997;999997;999997;999;999;999;0;251110;8411;7511;999997;1;8;7;5;7;8;9;40;71;0;0;0;0;999999;313760;10;1244;0;0;2;999997;5864.38;4.44;5509.25;4.19;8411600;2;10;483.0;0;1;CNPJ;0;31;24;4428.89;4691.52;4691.52;4691.52;5199.62;5864.38;5864.38;5864.38;5864.38;5864.38;7221.65;1198;0;0;0
999997;999997;999997;999;999;999;0;251110;8531;8031;999997;1;6;9;5;10;7;11;40;40;0;0;0;0;999999;330455;10;1104;0;0;2;999997;16740.16;12.68;11309.41;8.60;8531700;1;10;106.2;0;1;CNPJ;0;30;23;9924.97;9924.97;9924.97;10124.97;10976.99;10976.99;11379.44;11601.16;11379.44;11379.44;11379.44;1198;0;0;0
999997;999997;999997;999;999;999;0;251110;7820;7450;999997;1;5;8;5;8;2;9;40;37;0;0;7;0;999999;310620;10;2062;0;0;8;999997;7860.01;5.95;7188.08;5.44;7820500;1;9;5.2;2;1;CNPJ;0;50;19;0;0;0;0;0;0;2096.00;7860.01;7860.01;7860.01;9592.44;1198;0;0;0
999997;999997;999997;999;999;999;0;251110;8411;7511;999997;1;5;5;5;5;4;9;40;37;0;0;0;0;999999;310420;10;1244;0;0;8;999997;3156.16;2.39;3156.16;2.40;8411600;2;10;12.8;0;1;CNPJ;0;31;24;3156.16;3156.16;3156.16;3156.16;3156.16;3156.16;3156.16;3156.16;3156.16;3156.16;3156.16;1198;0;0;0
999997;999997;999997;40;999;999;0;251110;7112;7420;999997;1;5;6;6;7;4;10;44;34;0;0;0;0;999999;310620;10;2240;0;14;8;999997;5404.78;4.09;4347.84;3.31;7112000;2;5;18.1;0;1;CNPJ;0;10;19;4159.12;4159.12;4159.12;4159.12;4159.12;4159.12;4159.12;4741.40;4304.69;4304.69;4304.69;1198;0;0;0
999997;999997;999997;999;999;999;0;251110;8211;7499;999997;1;4;6;6;6;2;9;44;28;0;1;8;0;999999;310620;10;2135;0;0;8;999997;4000.00;3.03;4000.00;3.03;8211300;2;2;5.0;2;1;CNPJ;0;10;19;0;0;0;0;0;0;0;4000.00;4000.00;4000.00;4000.00;1198;0;0;0
999997;999997;999997;999;999;999;0;251110;8531;8031;999997;1;6;9;5;9;8;11;40;42;0;0;0;0;999999;330455;10;1104;0;0;2;999997;13152.40;9.96;12953.57;9.85;8531700;2;10;148.4;0;1;CNPJ;0;30;23;11076.35;11490.48;11594.38;11690.48;12683.39;18696.08;12683.39;12683.39;13152.40;13387.74;13152.40;1198;0;0;0
999997;999997;999997;999;999;999;0;251110;7220;7320;999997;1;4;99;99;99;7;9;99;28;0;1;0;0;999999;330455;10;2062;0;0;2;999997;;.00;.00;.00;7220700;2;5;65.9;0;1;CNPJ;0;10;19;0;0;0;0;0;0;0;0;0;0;0;1198;1;0;0
999997;999997;999997;999;999;999;0;251110;7220;7320;999997;1;4;5;99;3;4;9;99;25;0;1;0;0;999999;330455;10;2062;0;0;4;999997;1725.15;1.30;3052.06;2.32;7220700;2;5;16.6;0;1;CNPJ;0;10;19;2473.64;1989.12;2726.22;3077.99;3954.29;2998.82;3230.06;3714.59;3562.29;3573.38;3599.22;1198;1;0;0
999997;999997;999997;999;999;999;21;251110;7220;7320;999997;0;6;3;99;99;1;9;99;44;0;1;0;1;999999;330455;10;2062;0;0;2;999997;;.00;1510.83;1.16;7220700;1;5;2.1;0;1;CNPJ;0;10;19;1510.83;0;0;0;0;0;0;0;0;0;0;1198;1;0;0
999997;999997;999997;999;999;999;11;251110;7220;7320;999997;0;6;3;7;99;3;9;45;44;0;0;4;10;999999;330045;10;3999;0;0;2;999997;;.00;1702.16;1.29;7220700;1;2;6.1;2;1;CNPJ;0;10;19;0;0;0;1866.67;2000.00;1648.48;2000.00;2000.00;2000.00;400.00;0;1198;0;0;0
999997;999997;999997;999;999;999;11;251110;3511;4011;999997;0;8;10;6;99;7;9;44;72;0;0;0;6;999999;330455;10;2054;0;0;2;999997;;.00;19517.56;14.99;3511501;1;9;88.6;0;1;CNPJ;0;10;14;19327.30;19509.63;19509.63;19723.68;0;0;0;0;0;0;0;1198;0;0;0
999997;999997;999997;999;999;999;0;251110;7220;7320;999997;1;5;6;99;5;7;9;99;36;0;1;0;0;999999;330455;10;2062;0;0;2;999997;2979.06;2.25;4065.17;3.09;7220700;1;5;65.4;0;1;CNPJ;0;10;19;4178.33;3881.86;5240.72;3183.33;4976.25;3946.92;4621.65;4319.65;3723.83;3766.39;3964.00;1198;1;0;0
999997;999997;999997;999;999;999;0;251110;7220;7320;999997;1;5;6;6;7;7;9;44;31;0;1;0;0;999999;330455;10;2062;0;0;8;999997;5488.38;4.15;4701.29;3.57;7220700;1;5;83.9;0;1;CNPJ;0;10;19;4831.21;4042.50;4042.50;5271.33;5510.39;4296.92;4798.35;4612.13;4307.10;4758.71;4455.94;1198;0;0;0
999997;999997;999997;999;999;999;0;251110;6821;7031;999997;1;7;5;8;5;6;9;48;55;0;0;0;0;999999;330330;10;2062;0;0;2;999997;3615.25;2.73;3568.90;2.71;6821801;2;2;39.2;0;1;CNPJ;0;10;19;3476.20;3476.20;3476.20;3476.20;3615.25;3615.25;3615.25;3615.25;3615.25;3615.25;3615.25;1198;0;0;0
999997;999997;999997;999;999;999;11;251110;8211;7499;999997;0;4;5;6;99;3;9;44;27;0;1;0;6;999999;310620;10;2135;0;0;2;999997;;.00;3844.45;2.94;8211300;1;2;10.8;0;1;CNPJ;0;10;19;4000.00;4000.00;4000.00;4000.00;4000.00;3066.67;0;0;0;0;0;1198;0;0;0
999997;999997;999997;999;999;999;0;251110;8411;7511;999997;1;5;5;4;5;3;9;30;33;0;0;3;0;999999;310420;10;1244;0;0;8;999997;3156.16;2.39;3013.62;2.29;8411600;1;10;9.5;2;1;CNPJ;0;31;24;0;0;1730.80;3156.16;3156.16;3156.16;3156.16;3156.16;3156.16;3156.16;3156.16;1198;0;0;0
999997;999997;999997;999;999;999;0;251110;115;9999;999997;1;3;99;6;99;5;9;44;22;0;0;0;0;999999;314980;10;9999;0;0;2;999997;;.00;.00;.00;115600;1;2;30.0;0;5;CAEPF;0;15;25;0;0;0;0;0;0;0;0;0;0;0;1198;0;0;0
999997;999997;999997;40;40;999;0;251110;8411;7511;999997;1;6;5;5;5;4;9;40;47;0;0;0;0;999999;310420;10;1244;0;4;8;999997;3156.16;2.39;3156.16;2.40;8411600;1;10;13.4;0;1;CNPJ;0;31;24;3156.16;3156.16;3156.16;3156.16;3156.16;3156.16;3156.16;3156.16;3156.16;3156.16;3156.16;1198;0;0;0
999997;999997;999997;999;999;999;0;251110;8531;8031;999997;1;5;8;5;8;7;10;40;32;0;0;0;0;999999;330455;10;1104;0;0;2;999997;9044.73;6.85;8867.66;6.74;8531700;2;10;62.5;0;1;CNPJ;0;30;23;7585.47;7585.47;7585.47;7785.47;8729.92;12932.65;8729.92;8729.92;9044.73;9613.41;9044.73;1198;0;0;0
999997;999997;999997;999;999;999;11;251110;7490;7499;999997;0;5;7;6;99;3;9;44;34;0;0;0;2;999999;320530;10;2062;0;0;8;999997;;.00;5891.04;4.52;7490199;2;9;11.1;0;1;CNPJ;0;10;19;6035.50;5746.57;0;0;0;0;0;0;0;0;0;1198;0;0;0
999997;999997;999997;999;999;999;0;251110;7220;7320;999997;1;4;6;6;6;2;9;44;28;0;0;7;0;999999;310620;10;2062;0;0;8;999997;4469.31;3.38;4161.67;3.15;7220700;2;2;5.9;2;1;CNPJ;0;10;19;0;0;0;0;0;0;3513.86;4101.39;4508.18;3800.00;4577.27;1198;0;0;0
999997;999997;999997;999;999;999;0;251110;4744;5244;999997;1;7;5;6;6;8;9;44;53;0;1;0;0;999999;310620;10;2062;0;0;8;999997;3987.52;3.02;3568.42;2.71;4744002;1;3;199.0;0;1;CNPJ;0;10;16;3371.83;3112.29;3329.37;3368.35;3291.82;3325.82;3272.14;3842.19;4616.89;3829.97;3472.87;1198;0;0;0
999997;999997;999997;999;999;999;21;251110;7220;7320;999997;0;4;5;99;99;3;10;99;25;0;1;2;10;999999;330455;10;2062;0;0;2;999997;;.00;3635.86;2.76;7220700;2;5;8.9;2;1;CNPJ;0;10;19;0;3201.24;3923.97;3557.80;3898.03;3092.13;4323.67;5073.54;3931.77;1720.56;0;1198;1;0;0
999997;999997;999997;999;999;999;0;251110;7119;7420;999997;1;5;8;6;8;6;9;44;35;0;0;0;0;999999;310620;10;2062;0;0;8;999997;6780.04;5.13;6772.46;5.15;7119702;1;6;48.9;0;1;CNPJ;0;10;19;5730.00;5730.00;5730.00;5730.00;12671.56;6132.00;6553.19;7114.77;6132.00;6132.00;6833.97;1198;0;0;0
999997;999997;999997;999;999;999;0;251110;7220;7320;999997;1;5;99;99;99;7;9;99;30;0;1;0;0;999999;330455;10;2062;0;0;2;999997;;.00;.00;.00;7220700;2;5;61.7;0;1;CNPJ;0;10;19;0;0;0;0;0;0;0;0;0;0;0;1198;1;0;0
999997;999997;999997;999;999;999;0;251110;8531;8031;999997;1;5;8;5;9;7;9;40;37;0;0;0;0;999999;330455;10;1104;0;0;2;999997;9658.45;7.31;8699.84;6.61;8531700;2;10;89.0;0;1;CNPJ;0;30;23;7291.71;7291.71;7291.71;7491.71;8106.73;11831.09;8106.73;8106.73;8106.73;8397.24;12717.51;1198;0;0;0
999997;999997;999997;999;999;999;11;251110;8211;7499;999997;0;5;5;6;99;3;9;44;33;0;1;0;5;999999;310620;10;2135;0;0;2;999997;;.00;3280.00;2.52;8211300;2;2;8.8;0;1;CNPJ;0;10;19;4000.00;4000.00;4000.00;4000.00;400.00;0;0;0;0;0;0;1198;0;0;0
999997;999997;999997;999;999;999;0;251110;6810;7010;999997;1;6;6;6;7;7;9;44;47;0;0;0;0;999999;320490;10;2054;0;0;8;999997;5408.28;4.09;4919.60;3.74;6810203;1;6;66.8;0;1;CNPJ;0;10;19;4553.40;4553.40;4553.40;5970.01;4806.37;5093.99;4819.27;4819.27;4819.27;4819.27;4819.27;1198;0;0;0
999997;999997;999997;999;999;999;0;251110;7220;7320;999997;1;4;7;5;7;3;11;40;28;0;0;2;0;999999;310620;10;2062;0;0;2;999997;5701.81;4.31;5388.63;4.09;7220700;1;2;11.0;2;1;CNPJ;0;10;19;0;4800.00;4900.20;7532.02;4852.03;5218.91;5050.08;5320.28;6109.09;4854.11;4936.36;1198;0;0;0
999997;999997;999997;999;999;999;11;251110;7220;7320;999997;0;5;99;6;99;3;9;44;36;0;0;0;1;999999;310620;10;2062;0;0;2;999997;;.00;.00;.00;7220700;1;2;7.4;0;1;CNPJ;0;10;19;0;0;0;0;0;0;0;0;0;0;0;1198;0;0;0
999997;999997;999997;999;999;999;0;251110;7119;7420;999997;1;5;6;6;6;6;9;44;31;0;1;0;0;999999;320120;10;2062;0;0;8;999997;4142.12;3.13;4257.18;3.24;7119701;1;2;38.1;0;1;CNPJ;0;10;19;5522.83;4142.12;4142.12;4142.12;4142.12;4142.12;4142.12;4142.12;4142.12;4142.12;4142.12;1198;0;0;0
999997;999997;999997;999;999;999;0;251110;7220;7320;999997;1;4;5;99;3;3;9;99;27;0;1;5;0;999999;330455;10;2062;0;0;9;999997;1905.87;1.44;3425.91;2.59;7220700;2;5;7.7;2;1;CNPJ;0;10;19;0;0;0;0;3946.19;4030.45;0;0;0;0;3821.11;1198;1;0;0
999997;999997;999997;999;999;999;0;251110;7119;7420;999997;1;5;6;6;6;6;9;44;31;0;1;0;0;999999;320120;10;2062;0;0;2;999997;4142.12;3.13;4142.12;3.15;7119701;1;2;45.3;0;1;CNPJ;0;10;19;4142.12;4142.12;4142.12;4142.12;4142.12;4142.12;4142.12;4142.12;4142.12;4142.12;4142.12;1198;0;0;0
999997;999997;999997;999;999;999;0;251110;7220;7320;999997;1;5;99;99;99;4;9;99;30;0;1;0;0;999999;330455;10;2062;0;0;2;999997;;.00;.00;.00;7220700;2;5;16.7;0;1;CNPJ;0;10;19;0;0;0;0;0;0;0;0;0;0;0;1198;1;0;0
999997;999997;999997;999;999;999;0;251110;230;9999;999997;1;5;7;99;7;7;9;99;37;0;0;0;0;999999;314800;10;2062;0;0;4;999997;5688.51;4.30;5693.44;4.33;230600;2;6;117.7;0;1;CNPJ;0;10;19;5252.55;5877.85;5252.55;5252.55;6560.43;5688.51;5749.68;5933.17;5688.51;5688.51;5688.51;1198;0;0;0
999997;999997;999997;999;999;999;0;251110;8531;8031;999997;1;6;9;5;9;8;9;40;47;0;0;0;0;999999;330455;10;1104;0;0;4;999997;9343.01;7.07;9889.12;7.52;8531700;2;10;166.9;0;1;CNPJ;0;30;23;8126.81;8126.81;8126.81;9285.31;9975.51;16365.04;9017.01;10061.61;9926.39;9886.70;10428.41;1198;0;0;0
999997;999997;999997;999;999;999;21;251110;7119;7420;999997;0;5;5;6;99;2;9;44;39;0;0;1;4;999999;310620;10;2062;0;0;8;999997;;.00;3816.97;2.93;7119702;1;6;3.1;2;1;CNPJ;0;10;19;4730.00;4730.00;4730.00;1077.87;0;0;0;0;0;0;0;1198;0;0;0
999997;999997;999997;999;999;999;11;251110;8599;8099;999997;0;5;6;6;99;7;9;44;37;0;1;0;9;999999;310620;10;2240;0;0;2;999997;;.00;5114.44;3.90;8599699;1;1;112.1;0;1;CNPJ;0;10;23;6727.15;5462.38;5462.38;5462.38;5462.38;5462.38;1762.06;0;0;0;0;1198;0;0;0
999997;999997;999997;40;999;999;21;251110;7220;7320;999997;0;5;5;99;99;5;9;99;33;0;1;0;11;999999;330455;10;2062;0;1;9;999997;;.00;3612.48;2.73;7220700;2;5;25.2;0;1;CNPJ;0;10;19;0;0;0;0;0;0;0;3574.88;4113.28;4330.42;2431.33;1198;1;0;0
999997;999997;999997;999;999;999;0;251110;7490;7499;999997;1;6;5;6;6;1;9;44;42;0;1;10;0;999999;110020;10;2062;0;0;8;999997;4000.00;3.03;3333.33;2.52;7490199;2;4;2.4;2;1;CNPJ;0;60;19;0;0;0;0;0;0;0;0;0;2000.00;4000.00;1198;0;0;0
999997;999997;999997;999;999;999;0;251110;9499;9199;999997;1;6;7;6;8;3;10;44;40;0;0;4;0;999999;130260;10;3999;0;0;2;999997;6823.95;5.16;6595.28;5.00;9499500;1;5;8.9;2;1;CNPJ;0;10;21;0;0;0;6065.73;6499.00;6499.00;6499.00;6499.00;6823.95;6823.95;6823.95;1198;0;0;0
999997;999997;999997;999;999;999;0;251110;9003;9232;999997;1;4;5;5;5;4;11;40;27;0;0;0;0;999999;130260;10;3077;0;0;9;999997;3872.58;2.93;3755.23;2.85;9003500;1;9;17.6;0;1;CNPJ;0;10;21;3520.52;3520.52;3520.52;3520.52;3872.58;3872.58;3872.58;3872.58;3872.58;3872.58;3872.58;1198;0;0;0
999997;999997;999997;999;999;999;0;251110;9499;9199;999997;1;5;8;6;8;3;11;44;36;0;0;4;0;999999;130260;10;3999;0;0;2;999997;8419.95;6.37;8137.80;6.17;9499500;2;5;8.9;2;1;CNPJ;0;90;21;0;0;0;7484.40;8019.00;8019.00;8019.00;8019.00;8419.95;8419.95;8419.95;1198;0;0;0
999997;999997;999997;999;999;999;11;251110;4213;4522;999997;0;7;8;6;99;6;9;44;53;0;0;0;7;999999;160030;10;2054;0;0;8;999997;;.00;6959.13;5.32;4213800;1;2;44.7;0;1;CNPJ;0;10;15;6645.00;6645.00;7841.10;7043.70;8179.78;5400.17;0;0;0;0;0;1198;0;0;0
999997;999997;999997;999;999;999;0;251110;9493;9199;999997;1;4;5;5;5;4;9;40;29;0;0;0;0;999999;150420;10;1155;0;0;9;999997;3668.00;2.77;3758.22;2.85;9493600;2;7;21.9;0;1;CNPJ;0;35;21;3668.00;3668.00;3668.00;3668.00;3668.00;3668.00;3668.00;3668.00;3668.00;3668.00;4750.67;1198;0;0;0
999997;999997;999997;999;999;999;0;251110;8531;8031;999997;1;5;9;5;9;7;11;40;34;0;0;0;0;999999;130260;10;1139;0;0;2;999997;9951.34;7.53;10325.80;7.85;8531700;1;10;70.8;0;1;CNPJ;0;30;23;9115.28;9033.68;9221.44;9184.00;9951.34;14598.01;9951.34;9951.34;13049.12;9951.34;9951.34;1198;0;0;0
999997;999997;999997;40;999;999;0;251110;6204;7210;999997;1;7;99;6;99;6;9;44;50;0;0;0;0;999999;130260;10;2062;0;365;8;999997;;.00;.00;.00;6204000;1;7;45.9;0;1;CNPJ;0;20;19;0;0;0;0;0;0;0;0;0;0;0;1198;0;0;0
999997;999997;999997;999;999;999;0;251110;7220;7320;999997;1;6;4;6;4;6;9;44;44;0;0;0;0;999999;150140;10;2062;0;0;8;999997;2090.00;1.58;2132.57;1.62;7220700;2;2;47.9;0;1;CNPJ;0;10;19;2090.00;2600.88;2090.00;2090.00;2090.00;2090.00;2090.00;2090.00;2090.00;2090.00;2090.00;1198;0;0;0
999997;999997;999997;999;999;999;0;251110;3520;4020;999997;1;5;6;6;7;3;9;44;38;0;0;1;0;999999;130260;10;2038;0;0;8;999997;5317.04;4.02;4733.92;3.60;3520402;1;7;11.4;2;1;CNPJ;0;10;14;2334.18;4924.86;5001.82;5001.82;5001.82;4886.40;4704.80;4704.80;4666.32;5001.82;5261.41;1198;0;0;0
999997;999997;999997;999;999;999;0;251110;8412;7512;999997;1;6;7;5;7;8;9;40;44;0;0;0;0;999999;130260;10;1023;0;0;8;999997;5702.96;4.32;5861.38;4.46;8412400;2;8;129.6;0;1;CNPJ;0;30;24;5702.96;7603.95;5702.96;5702.96;5702.96;5702.96;5702.96;5702.96;5702.96;5702.96;5702.96;1198;0;0;0
999997;999997;999997;999;999;999;21;251110;3520;4020;999997;0;4;2;6;99;5;9;44;28;0;0;0;1;999999;130260;10;2038;0;0;9;999997;;.00;972.56;.74;3520402;1;7;33.8;0;1;CNPJ;0;10;14;972.56;0;0;0;0;0;0;0;0;0;0;1198;0;0;0
999997;999997;999997;999;999;999;0;251110;6319;7240;999997;1;6;3;6;5;8;9;44;45;0;0;0;0;999999;150140;10;2062;0;0;8;999997;2914.19;2.20;1585.37;1.20;6319400;2;6;145.5;0;1;CNPJ;0;10;19;1302.00;1302.00;1302.00;1302.00;1320.00;1320.00;1320.00;1320.00;1320.00;1657.33;2644.88;1198;0;0;0
999997;999997;999997;999;999;999;0;251110;7490;7499;999997;1;5;5;6;6;2;9;44;38;0;1;9;0;999999;110020;10;2062;0;0;8;999997;4000.00;3.03;3133.33;2.37;7490199;2;4;3.1;2;1;CNPJ;0;10;19;0;0;0;0;0;0;0;0;533.33;4000.00;4000.00;1198;0;0;0
999997;999997;999997;999;999;999;11;251110;8411;7511;999997;0;6;8;5;99;2;9;40;45;0;0;1;5;999999;150553;10;1244;0;0;9;999997;;.00;7302.29;5.60;8411600;1;10;4.2;2;1;CNPJ;0;97;24;5898.25;8426.08;8426.08;8426.08;5334.94;0;0;0;0;0;0;1198;0;0;0
999997;999997;999997;999;999;999;21;251110;7490;7499;999997;0;5;7;6;99;4;9;44;35;0;0;0;7;999999;261160;10;2062;0;0;2;999997;;.00;5335.08;4.07;7490199;1;6;12.0;0;1;CNPJ;0;10;19;5232.44;5207.44;5189.39;5288.69;5232.44;5860.05;178.12;0;0;0;0;1198;0;0;0
999997;999997;999997;999;999;999;0;251110;7020;7416;999997;1;5;5;6;7;4;10;44;32;0;1;0;0;999999;261160;10;2062;0;0;2;999997;5569.02;4.21;3831.93;2.91;7020400;2;4;17.0;0;1;CNPJ;0;10;19;3649.00;3649.00;3649.00;3649.00;3688.31;3688.31;3688.31;3688.31;3688.31;3688.31;3688.31;1198;0;0;0
999997;999997;999997;999;999;999;11;251110;7020;7416;999997;0;5;5;6;99;3;9;44;34;0;1;4;11;999999;261160;10;2062;0;0;9;999997;;.00;3837.25;2.91;7020400;1;4;7.0;4;1;CNPJ;0;10;19;0;0;0;3649.00;3688.31;4181.59;3988.15;3977.05;3688.31;3688.31;122.94;1198;0;0;0
999997;999997;999997;999;999;999;0;251110;7220;7320;999997;1;4;99;6;99;6;9;44;25;0;0;0;0;999999;230440;10;3999;0;0;8;999997;;.00;.00;.00;7220700;1;5;56.6;0;1;CNPJ;0;10;19;0;0;0;0;0;0;0;0;0;0;0;1198;0;0;0
999997;999997;999997;999;999;999;0;251110;7490;7499;999997;1;5;5;6;5;3;9;44;30;0;0;5;0;999999;261160;10;2062;0;0;8;999997;2961.65;2.24;2740.03;2.07;7490199;1;6;7.9;2;1;CNPJ;0;10;19;0;0;0;0;2294.93;2537.06;2835.04;2657.24;2912.08;2690.21;3031.99;1198;0;0;0
999997;999997;999997;999;999;999;0;251110;7220;7320;999997;1;4;6;6;6;4;9;44;26;0;1;0;0;999999;292740;10;2135;0;0;4;999997;4215.00;3.19;4215.00;3.20;7220700;2;2;12.9;0;1;CNPJ;0;10;19;4215.00;4215.00;4215.00;4215.00;4215.00;4215.00;4215.00;4215.00;4215.00;4215.00;4215.00;1198;0;0;0
999997;999997;999997;999;999;999;0;251110;4781;5232;999997;1;4;3;6;2;4;9;44;27;0;1;0;0;999999;230840;10;2135;0;0;8;999997;1320.00;1.00;1355.09;1.03;4781400;2;2;19.4;0;1;CNPJ;0;10;16;1302.00;1302.00;1302.00;0;1760.00;1320.00;1320.00;1320.00;1320.00;1320.00;1320.00;1198;0;0;0
999997;999997;999997;999;999;999;0;251110;7490;7499;999997;1;5;4;6;3;3;9;44;32;0;0;5;0;999999;261160;10;2062;0;0;9;999997;1690.19;1.28;2046.64;1.55;7490199;1;6;7.9;2;1;CNPJ;0;10;19;0;0;0;0;2062.81;2344.97;2380.73;1701.78;1896.51;2018.05;2278.10;1198;0;0;0
999997;999997;999997;999;999;999;11;251110;7490;7499;999997;0;5;6;6;99;6;9;44;30;0;0;0;9;999999;240810;10;2062;0;0;2;999997;;.00;4118.06;3.13;7490199;1;5;37.3;0;1;CNPJ;0;10;19;3922.11;4509.36;3640.75;4865.99;3921.42;4711.52;4541.85;3982.16;2967.37;0;0;1198;0;0;0
999997;999997;999997;999;999;999;21;251110;7112;7420;999997;0;4;5;6;99;2;9;44;27;0;0;7;10;999999;261160;10;2062;0;0;9;999997;;.00;2974.04;2.25;7112000;2;6;3.2;2;1;CNPJ;0;10;19;0;0;0;0;0;0;3450.90;3688.89;4010.83;745.52;0;1198;0;0;0
999997;999997;999997;999;999;999;31;251110;7112;7420;999997;1;5;5;6;99;3;9;44;34;0;0;3;4;999999;261160;10;2062;0;0;9;999997;;.00;3649.00;2.80;7112000;1;6;10.0;2;1;CNPJ;0;10;19;0;0;3649.00;0;0;0;0;0;0;0;0;1198;0;0;0
999997;999997;999997;999;999;999;0;251110;7220;7320;999997;1;4;99;6;99;6;9;44;25;0;0;0;0;999999;230440;10;3999;0;0;8;999997;;.00;.00;.00;7220700;1;5;54.4;0;1;CNPJ;0;10;19;0;0;0;0;0;0;0;0;0;0;0;1198;0;0;0
999997;999997;999997;999;999;999;0;251110;7490;7499;999997;1;5;8;6;8;3;10;44;36;0;0;4;0;999999;261160;10;2062;0;0;9;999997;8101.00;6.13;8009.78;6.07;7490199;1;6;8.9;2;1;CNPJ;0;10;19;0;0;0;7280.00;7800.00;8402.00;8101.00;8101.00;8101.00;8101.00;8101.00;1198;0;0;0
999997;999997;999997;999;999;999;0;251110;7490;7499;999997;1;5;7;6;3;3;9;44;35;0;0;1;0;999999;261160;10;2062;0;0;9;999997;1606.27;1.21;6298.13;4.79;7490199;2;6;11.9;2;1;CNPJ;0;10;19;6283.33;6500.00;6500.00;6500.00;6500.00;7268.00;6884.00;6884.00;6884.00;6884.00;6884.00;1198;0;0;0
999997;999997;999997;999;999;999;11;251110;7220;7320;999997;0;4;3;6;99;1;9;44;27;0;0;3;5;999999;211130;10;2062;0;0;8;999997;;.00;1511.11;1.15;7220700;1;3;2.8;2;1;CNPJ;0;60;19;0;0;1333.33;1600.00;1600.00;0;0;0;0;0;0;1198;0;0;0
999997;999997;999997;999;999;999;11;251110;7112;7420;999997;0;5;3;6;99;3;9;42;34;0;0;0;1;999999;292740;10;2240;0;0;8;999997;;.00;1860.00;1.42;7112000;1;7;10.1;0;1;CNPJ;0;10;19;1860.00;0;0;0;0;0;0;0;0;0;0;1198;0;0;0
999997;999997;999997;999;999;999;0;251110;7020;7416;999997;1;5;6;6;6;4;9;44;31;0;1;0;0;999999;261160;10;2062;0;0;2;999997;4918.61;3.72;4975.06;3.78;7020400;2;4;23.0;0;1;CNPJ;0;10;19;4869.36;4869.36;5581.42;5031.68;4918.61;4918.61;4918.61;4918.61;4918.61;4918.61;4918.61;1198;0;0;0
999997;999997;999997;999;999;999;0;251110;7220;7320;999997;1;6;99;6;99;6;9;44;48;0;0;0;0;999999;230440;10;3999;0;0;8;999997;;.00;.00;.00;7220700;1;5;50.8;0;1;CNPJ;0;10;19;0;0;0;0;0;0;0;0;0;0;0;1198;0;0;0
999997;999997;999997;999;999;999;0;251110;7490;7499;999997;1;4;6;6;6;1;9;44;27;0;0;10;0;999999;261160;10;2062;0;0;9;999997;5000.00;3.78;4166.67;3.15;7490199;2;6;2.5;2;1;CNPJ;0;60;19;0;0;0;0;0;0;0;0;0;2500.00;5000.00;1198;0;0;0
999997;999997;999997;999;999;999;0;251110;7490;7499;999997;1;6;7;6;7;4;9;44;49;0;0;0;0;999999;261160;10;2062;0;0;8;999997;6492.79;4.91;6030.16;4.58;7490199;1;6;14.0;0;1;CNPJ;0;10;19;5477.30;5577.30;5553.88;5761.58;5232.44;5860.05;6315.98;6276.02;6212.59;6526.31;7075.67;1198;0;0;0
999997;999997;999997;999;999;999;0;251110;7220;7320;999997;1;6;99;6;99;6;9;44;48;0;0;0;0;999999;230440;10;3999;0;0;8;999997;;.00;.00;.00;7220700;1;5;54.4;0;1;CNPJ;0;10;19;0;0;0;0;0;0;0;0;0;0;0;1198;0;0;0
999997;999997;999997;999;999;999;0;251110;7020;7416;999997;1;3;5;6;6;4;9;44;24;0;1;0;0;999999;261160;10;2062;0;0;9;999997;4946.81;3.74;3823.61;2.91;7020400;1;4;22.0;0;1;CNPJ;0;10;19;3649.00;3649.00;3649.00;3649.00;3688.31;4210.61;3688.31;3688.31;3688.31;3688.31;3688.31;1198;0;0;0
999997;999997;999997;999;999;999;11;251110;4120;4521;999997;0;5;3;6;99;6;10;44;38;0;1;0;2;999999;293010;10;2062;0;0;8;999997;;.00;1771.90;1.36;4120400;2;2;43.4;0;1;CNPJ;0;10;15;2472.42;1071.38;0;0;0;0;0;0;0;0;0;1198;0;0;0
999997;999997;999997;999;999;999;31;251110;7112;7420;999997;1;4;5;6;99;3;9;44;29;0;0;3;4;999999;261160;10;2062;0;0;2;999997;;.00;3649.00;2.80;7112000;2;6;10.0;2;1;CNPJ;0;10;19;0;0;3649.00;0;0;0;0;0;0;0;0;1198;0;0;0
999997;999997;999997;999;999;999;0;251110;7490;7499;999997;1;3;5;6;5;2;9;44;24;0;0;9;0;999999;261160;10;2062;0;0;8;999997;3000.00;2.27;3000.00;2.27;7490199;2;6;4.0;2;1;CNPJ;0;10;19;0;0;0;0;0;0;0;0;3000.00;3000.00;3000.00;1198;0;0;0
999997;999997;999997;999;999;999;11;251110;7020;7416;999997;0;4;5;6;99;3;9;44;29;0;1;4;11;999999;261160;10;2062;0;0;2;999997;;.00;3834.83;2.91;7020400;2;4;7.0;4;1;CNPJ;0;10;19;0;0;0;3649.00;3688.31;4239.62;3913.19;3977.05;3688.31;3688.31;122.94;1198;0;0;0
999997;999997;999997;999;999;999;0;251110;7490;7499;999997;1;7;7;6;8;3;9;44;52;0;0;2;0;999999;261160;10;2062;0;0;8;999997;6885.14;5.21;6127.52;4.65;7490199;1;6;11.0;2;1;CNPJ;0;10;19;0;5767.34;5553.45;5301.66;5232.44;5860.05;5672.54;7396.80;5951.38;6390.81;7391.14;1198;0;0;0
999997;999997;999997;999;999;999;11;251110;7020;7416;999997;0;4;5;6;2;3;9;44;27;0;1;4;12;999999;261160;10;2062;0;0;8;999997;1189.77;.90;3531.02;2.68;7020400;2;4;8.3;4;1;CNPJ;0;10;19;0;0;0;3649.00;3688.31;4268.64;4028.13;3890.42;3688.31;3688.31;3688.31;1198;0;0;0
999997;999997;999997;999;999;999;0;251110;9430;9199;999997;1;4;6;5;6;3;9;40;28;0;0;5;0;999999;292530;10;3999;0;0;8;999997;4297.20;3.25;4153.96;3.14;9430800;1;4;7.7;2;1;CNPJ;0;60;21;0;0;0;0;3151.28;4297.20;4297.20;4297.20;4297.20;4297.20;4297.20;1198;0;0;0
999997;999997;999997;999;999;999;0;251110;8531;8031;999997;1;5;9;5;9;7;10;40;35;0;0;0;0;999999;221100;10;1139;0;0;8;999997;10431.61;7.90;10239.51;7.79;8531700;1;10;111.0;0;1;CNPJ;0;30;23;9088.04;9088.04;9088.04;9288.04;10064.74;14768.11;10064.74;10064.74;10064.74;10431.61;10431.61;1198;0;0;0
999997;999997;999997;999;999;999;0;251110;8532;8032;999997;1;5;9;5;9;7;9;40;37;0;0;0;0;999999;280670;10;1139;0;0;4;999997;11472.59;8.69;11282.36;8.58;8532500;1;10;113.5;0;1;CNPJ;0;30;23;10020.92;8777.93;10020.92;10220.92;11081.58;16626.03;11472.59;11277.08;11472.59;11472.59;11472.59;1198;0;0;0
999997;999997;999997;999;999;999;31;251110;7112;7420;999997;1;4;3;6;99;3;9;44;27;0;0;3;4;999999;261160;10;2062;0;0;8;999997;;.00;1883.35;1.44;7112000;2;6;9.5;2;1;CNPJ;0;10;19;0;0;1883.35;0;0;0;0;0;0;0;0;1198;0;0;0
999997;999997;999997;999;999;999;21;251110;7220;7320;999997;0;4;2;6;99;3;9;44;25;0;0;0;2;999999;211130;10;2062;0;0;2;999997;;.00;1235.57;.95;7220700;1;3;9.9;0;1;CNPJ;0;10;19;1724.46;746.67;0;0;0;0;0;0;0;0;0;1198;0;0;0
999997;999997;999997;999;999;999;0;251110;7220;7320;999997;1;4;99;6;99;6;9;44;25;0;0;0;0;999999;230440;10;3999;0;0;8;999997;;.00;.00;.00;7220700;1;5;54.4;0;1;CNPJ;0;10;19;0;0;0;0;0;0;0;0;0;0;0;1198;0;0;0
999997;999997;999997;999;999;999;0;251110;7490;7499;999997;1;5;6;6;7;4;9;44;38;0;0;0;0;999999;261160;10;2062;0;0;8;999997;5295.00;4.01;5196.67;3.95;7490199;2;6;18.0;0;1;CNPJ;0;10;19;5000.00;5000.00;5000.00;5000.00;5000.00;5590.00;5295.00;5295.00;5295.00;5295.00;5295.00;1198;0;0;0
999997;999997;999997;999;999;999;0;251110;7490;7499;999997;1;5;6;6;6;3;10;44;30;0;0;6;0;999999;261160;10;2062;0;0;8;999997;5000.00;3.78;5000.00;3.78;7490199;1;6;7.0;2;1;CNPJ;0;10;19;0;0;0;0;0;5000.00;5000.00;5000.00;5000.00;5000.00;5000.00;1198;0;0;0
999997;999997;999997;999;999;999;0;251110;4120;4521;999997;1;5;3;3;5;2;10;20;38;0;1;8;0;999999;293010;10;2062;0;0;8;999997;2922.56;2.21;1897.06;1.43;4120400;2;2;4.1;2;1;CNPJ;0;10;15;0;0;0;0;0;0;0;0;1344.00;1605.80;1715.88;1198;0;0;0
999997;999997;999997;999;999;999;0;251110;7490;7499;999997;1;5;8;6;8;2;9;44;35;0;0;8;0;999999;261160;10;2062;0;0;8;999997;7000.00;5.30;7000.00;5.30;7490199;2;6;5.0;2;1;CNPJ;0;10;19;0;0;0;0;0;0;0;7000.00;7000.00;7000.00;7000.00;1198;0;0;0
999997;999997;999997;999;999;999;0;251110;4212;4523;999997;1;7;6;6;6;4;9;44;54;0;0;0;0;999999;221100;10;2151;0;0;8;999997;4680.00;3.54;4735.37;3.60;4212000;1;5;13.4;0;1;CNPJ;0;10;15;4680.00;4680.00;4680.00;4680.00;4680.00;4680.00;5213.27;4691.60;4756.58;4691.68;4711.25;1198;0;0;0
999997;999997;999997;999;999;999;0;251110;8532;8032;999997;1;5;8;5;8;7;9;40;36;0;0;0;0;999999;270430;10;1104;0;0;2;999997;8691.92;6.58;8840.86;6.69;8532500;2;10;111.7;0;1;CNPJ;0;30;23;0;0;0;0;0;11836.91;8110.61;8110.61;8333.44;8401.26;8401.26;1198;0;0;0
999997;999997;999997;999;999;999;11;251110;7020;7416;999997;0;4;5;6;99;3;9;44;26;0;1;5;12;999999;261160;10;2062;0;0;8;999997;;.00;3802.76;2.88;7020400;2;4;7.0;2;1;CNPJ;0;10;19;0;0;0;0;3569.33;4268.64;4028.13;3688.31;3688.31;3688.31;3688.31;1198;0;0;0
999997;999997;999997;999;999;999;0;251110;7220;7320;999997;1;4;99;6;99;6;9;44;28;0;0;0;0;999999;230440;10;3999;0;0;8;999997;;.00;.00;.00;7220700;1;5;54.4;0;1;CNPJ;0;10;19;0;0;0;0;0;0;0;0;0;0;0;1198;0;0;0
999997;999997;999997;999;999;999;31;251110;7112;7420;999997;1;6;99;6;99;4;9;44;40;0;0;0;1;999999;261160;10;2062;0;0;9;999997;;.00;.00;.00;7112000;2;6;16.2;0;1;CNPJ;0;10;19;0;0;0;0;0;0;0;0;0;0;0;1198;0;0;0
999997;999997;999997;999;999;999;21;251110;7020;7416;999997;0;6;5;6;99;3;9;44;40;0;1;1;7;999999;261160;10;2062;0;0;9;999997;;.00;3662.10;2.80;7020400;2;4;6.0;4;1;CNPJ;0;10;19;3649.00;3649.00;3649.00;3649.00;3688.31;3688.31;118.97;0;0;0;0;1198;0;0;0
999997;999997;999997;999;999;999;0;251110;8411;7511;999997;1;4;6;5;6;1;9;40;29;0;0;12;0;999999;250750;10;1112;0;0;8;999997;5137.00;3.89;5137.00;3.89;8411600;1;9;1.0;2;1;CNPJ;0;96;24;0;0;0;0;0;0;0;0;0;0;0;1198;0;0;0
999997;999997;999997;999;999;999;0;251110;7490;7499;999997;1;6;7;6;7;4;9;44;45;0;0;0;0;999999;261160;10;2062;0;0;9;999997;5825.00;4.41;5716.67;4.35;7490199;2;6;15.0;0;1;CNPJ;0;10;19;5500.00;5500.00;5500.00;5500.00;5500.00;6150.00;5825.00;5825.00;5825.00;5825.00;5825.00;1198;0;0;0
999997;999997;999997;999;999;999;0;251110;7490;7499;999997;1;3;4;6;4;3;9;44;24;0;0;5;0;999999;261160;10;2062;0;0;9;999997;2222.08;1.68;2291.91;1.73;7490199;1;6;7.9;2;1;CNPJ;0;10;19;0;0;0;0;2073.15;2511.79;2372.68;1844.08;2255.73;2482.43;2573.33;1198;0;0;0
999997;999997;999997;999;999;999;0;251110;7112;7420;999997;1;5;7;6;7;6;10;44;39;0;0;0;0;999999;261160;10;2062;0;0;2;999997;5800.00;4.39;5794.58;4.40;7112000;1;6;40.8;0;1;CNPJ;0;10;19;4869.36;4869.36;4869.36;5800.00;5800.00;6966.67;7060.21;5800.00;5800.00;6100.00;5800.00;1198;0;0;0
999997;999997;999997;999;999;999;0;251110;7020;7416;999997;1;4;5;6;5;4;9;44;28;0;1;0;0;999999;261160;10;2062;0;0;9;999997;3688.31;2.79;3785.78;2.88;7020400;1;4;18.0;0;1;CNPJ;0;10;19;4316.02;3649.00;3649.00;3649.00;4053.68;3982.76;3688.31;3688.31;3688.31;3688.31;3688.31;1198;0;0;0
999997;999997;999997;999;999;999;0;251110;8411;7511;999997;1;5;8;5;9;7;10;40;36;0;0;0;0;999999;261160;10;1104;0;0;2;999997;9387.42;7.11;8903.36;6.77;8411600;2;10;110.5;0;1;CNPJ;0;30;24;7838.95;7838.95;7838.95;8038.95;8703.24;12725.86;8703.24;8713.71;9017.01;9017.01;9017.01;1198;0;0;0
999997;999997;999997;999;999;999;0;251110;7490;7499;999997;1;5;8;6;8;4;9;44;37;0;0;0;0;999999;261160;10;2062;0;0;2;999997;8101.00;6.13;8000.67;6.08;7490199;2;6;18.0;0;1;CNPJ;0;10;19;7800.00;7800.00;7800.00;7800.00;7800.00;8402.00;8101.00;8101.00;8101.00;8101.00;8101.00;1198;0;0;0
999997;999997;999997;999;999;999;0;251110;7119;7420;999997;1;5;8;6;9;6;9;44;33;0;0;0;0;999999;230440;10;2062;0;0;8;999997;12880.83;9.75;9080.96;6.91;7119702;2;4;56.5;0;1;CNPJ;0;10;19;8624.72;8437.23;9843.43;8437.23;8437.23;8437.23;8437.23;8437.23;8437.23;8437.23;10124.67;1198;0;0;0
999997;999997;999997;999;999;999;0;251110;8411;7511;999997;1;5;6;5;6;1;9;40;31;0;0;12;0;999999;250750;10;1112;0;0;8;999997;5137.00;3.89;5137.00;3.89;8411600;1;9;1.0;2;1;CNPJ;0;96;24;0;0;0;0;0;0;0;0;0;0;0;1198;0;0;0
999997;999997;999997;999;999;999;0;251110;7490;7499;999997;1;6;5;6;5;4;9;44;41;0;0;0;0;999999;261160;10;2062;0;0;8;999997;2931.00;2.22;2876.33;2.19;7490199;1;6;18.0;0;1;CNPJ;0;10;19;2767.00;2767.00;2767.00;2767.00;2767.00;3095.00;2931.00;2931.00;2931.00;2931.00;2931.00;1198;0;0;0
999997;999997;999997;999;999;999;21;251110;8411;7511;999997;0;5;2;5;99;2;9;40;38;0;0;3;7;999999;290682;10;1244;0;0;2;999997;;.00;1314.00;1.00;8411600;1;9;3.8;2;1;CNPJ;0;35;24;0;0;0;1302.00;1320.00;1320.00;0;0;0;0;0;1198;0;0;0
999997;999997;999997;999;999;999;0;251110;7490;7499;999997;1;5;7;6;7;4;9;44;36;0;0;0;0;999999;261160;10;2062;0;0;8;999997;6517.09;4.93;6051.26;4.60;7490199;1;6;14.0;0;1;CNPJ;0;10;19;5673.05;5445.21;5239.22;5288.69;5232.44;5860.05;6619.44;6783.16;6836.60;6556.88;6563.24;1198;0;0;0
999997;999997;999997;999;999;999;0;251110;7020;7416;999997;1;4;5;6;6;3;9;44;28;0;1;4;0;999999;261160;10;2062;0;0;8;999997;4430.79;3.35;3902.98;2.96;7020400;1;4;9.0;4;1;CNPJ;0;10;19;0;0;0;3649.00;3688.31;4268.64;4048.11;3977.05;3688.31;3688.31;3688.31;1198;0;0;0
999997;999997;999997;999;999;999;0;251110;7490;7499;999997;1;4;3;5;3;1;9;40;29;0;1;12;0;999999;280030;10;2062;0;0;8;999997;1534.00;1.16;1534.00;1.16;7490199;1;4;.8;2;1;CNPJ;0;60;19;0;0;0;0;0;0;0;0;0;0;0;1198;0;0;0
999997;999997;999997;999;999;999;0;251110;7220;7320;999997;1;4;99;6;99;6;9;44;25;0;0;0;0;999999;230440;10;3999;0;0;8;999997;;.00;.00;.00;7220700;1;5;54.4;0;1;CNPJ;0;10;19;0;0;0;0;0;0;0;0;0;0;0;1198;0;0;0
999997;999997;999997;999;999;999;0;251110;7490;7499;999997;1;4;4;6;4;3;9;44;27;0;0;5;0;999999;261160;10;2062;0;0;9;999997;2123.10;1.60;2284.85;1.73;7490199;1;6;7.9;2;1;CNPJ;0;10;19;0;0;0;0;1843.67;2371.30;2323.93;2233.69;2667.51;2222.01;2493.61;1198;0;0;0
999997;999997;999997;999;999;999;0;251110;7020;7416;999997;1;4;5;6;5;4;9;44;28;0;1;0;0;999999;261160;10;2062;0;0;8;999997;3688.31;2.79;3843.23;2.92;7020400;1;4;18.0;0;1;CNPJ;0;10;19;3649.00;3649.00;3649.00;3649.00;3688.31;4315.84;3988.15;4562.52;4303.04;3688.31;3288.31;1198;0;0;0
999997;999997;999997;999;999;999;0;251110;4774;5249;999997;1;6;3;6;3;5;9;44;42;0;1;0;0;999999;220120;10;2062;0;0;8;999997;1400.00;1.06;1438.89;1.09;4774100;2;3;35.0;0;1;CNPJ;0;10;16;1400.00;1400.00;1400.00;1400.00;1400.00;1400.00;1400.00;1400.00;1400.00;1400.00;1866.67;1198;0;0;0
999997;999997;999997;999;999;999;0;251110;7220;7320;999997;1;6;7;6;7;6;9;44;46;0;1;0;0;999999;292740;10;2062;0;0;8;999997;5980.57;4.53;5439.62;4.13;7220700;1;2;38.8;0;1;CNPJ;0;10;19;4899.42;3885.00;4670.31;5908.66;5908.66;5908.66;5908.66;4883.99;4883.99;5908.66;6528.86;1198;0;0;0
999997;999997;999997;999;999;999;0;251110;7112;7420;999997;1;5;6;6;6;3;9;44;39;0;0;5;0;999999;292740;10;2240;0;0;8;999997;4474.64;3.38;4101.75;3.10;7112000;1;7;7.3;2;1;CNPJ;0;10;19;0;0;0;0;1491.55;4474.64;4474.64;4474.64;4474.64;4474.64;4474.64;1198;0;0;0
999997;999997;999997;999;999;999;0;251110;7490;7499;999997;1;4;4;6;4;3;9;44;27;0;0;6;0;999999;261160;10;2062;0;0;9;999997;2563.90;1.94;2574.77;1.94;7490199;1;6;6.5;2;1;CNPJ;0;10;19;0;0;0;0;0;939.11;2718.29;2686.33;3034.60;2731.11;3350.04;1198;0;0;0
999997;999997;999997;999;999;999;0;251110;7020;7416;999997;1;5;5;6;7;4;9;44;32;0;1;0;0;999999;261160;10;2062;0;0;8;999997;5320.14;4.03;3811.19;2.90;7020400;2;4;18.0;0;1;CNPJ;0;10;19;3649.00;3649.00;3649.00;3649.00;3688.31;3688.31;3688.31;3688.31;3688.31;3688.31;3688.31;1198;0;0;0
999997;999997;999997;999;999;999;21;251110;9430;9199;999997;0;6;99;5;99;2;9;40;47;0;0;0;1;999999;292530;10;3999;0;0;8;999997;;.00;.00;.00;9430800;1;4;3.0;0;1;CNPJ;0;10;21;0;0;0;0;0;0;0;0;0;0;0;1198;0;0;0
999997;999997;999997;999;999;999;0;251110;7220;7320;999997;1;4;5;6;5;4;9;44;29;0;1;0;0;999999;280030;10;2062;0;0;9;999997;2986.67;2.26;2815.56;2.14;7220700;1;3;12.8;0;1;CNPJ;0;10;19;2800.00;2800.00;2800.00;2800.00;2800.00;2800.00;2800.00;2800.00;2800.00;2800.00;2800.00;1198;0;0;0
999997;999997;999997;999;999;999;0;251110;7490;7499;999997;1;6;7;6;7;4;9;44;44;0;0;0;0;999999;261160;10;2062;0;0;2;999997;5644.88;4.27;5453.16;4.14;7490199;1;6;18.0;0;1;CNPJ;0;10;19;5232.44;5207.44;5189.39;5288.69;5232.44;5860.05;5542.27;5496.67;5550.22;5591.52;5601.85;1198;0;0;0
999997;999997;999997;999;999;999;12;251110;7020;7416;999997;0;5;5;6;99;1;9;44;31;0;1;5;7;999999;261160;10;2062;0;0;8;999997;;.00;2885.13;2.18;7020400;2;4;1.4;2;1;CNPJ;0;60;19;0;0;0;0;356.93;4181.59;1588.67;0;0;0;0;1198;0;0;0
999997;999997;999997;999;999;999;0;251110;7490;7499;999997;1;4;5;6;6;3;9;44;29;0;0;2;0;999999;261160;10;2062;0;0;9;999997;3976.12;3.01;2860.90;2.17;7490199;1;6;10.8;2;1;CNPJ;0;10;19;0;1591.90;2178.13;2284.99;2150.23;2322.46;4284.52;2608.30;3504.61;3432.89;3135.75;1198;0;0;0
999997;999997;999997;999;999;999;0;251110;7490;7499;999997;1;5;7;6;7;4;9;44;39;0;0;0;0;999999;261160;10;2062;0;0;2;999997;5644.88;4.27;5453.16;4.14;7490199;1;6;18.0;0;1;CNPJ;0;10;19;5232.44;5207.44;5189.39;5288.69;5232.44;5860.05;5542.27;5496.67;5550.22;5591.52;5601.85;1198;0;0;0
999997;999997;999997;999;999;999;31;251110;7112;7420;999997;1;4;3;6;99;3;9;44;28;0;0;3;4;999999;261160;10;2062;0;0;8;999997;;.00;1883.35;1.44;7112000;1;6;9.5;2;1;CNPJ;0;10;19;0;0;1883.35;0;0;0;0;0;0;0;0;1198;0;0;0
999997;999997;999997;999;999;999;31;251110;7112;7420;999997;1;7;5;6;99;6;9;44;53;0;0;0;4;999999;261160;10;2062;0;0;8;999997;;.00;3649.00;2.80;7112000;2;6;38.5;0;1;CNPJ;0;10;19;3649.00;3649.00;3649.00;0;0;0;0;0;0;0;0;1198;0;0;0
999997;999997;999997;999;999;999;0;251110;7112;7420;999997;1;5;5;6;5;1;9;44;35;0;0;11;0;999999;261160;10;2062;0;0;8;999997;3688.31;2.79;3688.31;2.79;7112000;1;6;2.0;4;1;CNPJ;0;10;19;0;0;0;0;0;0;0;0;0;0;3688.31;1198;0;0;0
999997;999997;999997;999;999;999;0;251110;8411;7511;999997;1;5;9;5;8;8;9;40;36;0;0;0;0;999999;261160;10;1104;0;0;2;999997;9017.01;6.83;10318.44;7.86;8411600;2;10;166.7;0;1;CNPJ;0;30;24;7838.95;24248.99;7838.95;8038.95;8703.24;12725.86;8703.24;8703.24;8703.24;8703.24;10596.33;1198;0;0;0
999997;999997;999997;999;999;999;0;251110;7490;7499;999997;1;4;4;6;4;3;9;44;26;0;0;5;0;999999;261160;10;2062;0;0;9;999997;2494.32;1.88;2351.01;1.78;7490199;1;6;7.9;2;1;CNPJ;0;10;19;0;0;0;0;2013.41;1983.99;2447.02;2006.25;2497.34;2384.00;2981.76;1198;0;0;0
999997;999997;999997;999;999;999;0;251110;8532;8032;999997;1;5;9;5;9;7;11;40;36;0;0;0;0;999999;280670;10;1139;0;0;2;999997;11910.51;9.02;12392.46;9.42;8532500;2;10;113.5;0;1;CNPJ;0;30;23;9088.04;9088.04;13005.62;14119.73;11488.13;16903.19;11910.51;11713.40;15661.34;11910.51;11910.51;1198;0;0;0
999997;999997;999997;999;999;999;0;251110;4774;5249;999997;1;5;3;6;3;6;9;44;30;0;1;0;0;999999;270430;10;2062;0;0;8;999997;1350.00;1.02;1404.83;1.07;4774100;2;3;39.0;0;1;CNPJ;0;10;16;1302.00;1302.00;1302.00;1302.00;1320.00;1320.00;1320.00;1320.00;1835.00;1835.00;1350.00;1198;0;0;0
999997;999997;999997;999;999;999;31;251110;7020;7416;999997;0;5;5;6;99;3;9;44;35;0;1;4;10;999999;261160;10;2062;0;0;8;999997;;.00;3841.67;2.91;7020400;1;4;7.0;4;1;CNPJ;0;10;19;0;0;0;3649.00;3688.31;4152.57;4048.11;3977.05;3688.31;3688.31;0;1198;0;0;0
999997;999997;999997;999;999;999;31;251110;7020;7416;999997;1;5;99;6;99;3;9;44;30;0;1;3;3;999999;261160;10;2062;0;0;9;999997;;.00;.00;.00;7020400;1;4;10.0;2;1;CNPJ;0;10;19;0;0;0;0;0;0;0;0;0;0;0;1198;0;0;0
999997;999997;999997;999;999;999;0;251110;8411;7511;999997;1;6;6;5;6;1;9;40;46;0;0;11;0;999999;250750;10;1112;0;0;8;999997;5137.10;3.89;5137.10;3.89;8411600;2;9;2.0;2;1;CNPJ;0;96;24;0;0;0;0;0;0;0;0;0;0;5137.10;1198;0;0;0
999997;999997;999997;999;999;999;0;251110;7112;7420;999997;1;5;5;6;5;3;9;44;30;0;0;3;0;999999;261160;10;2062;0;0;9;999997;3688.31;2.79;3712.64;2.82;7112000;1;6;9.5;4;1;CNPJ;0;10;19;0;0;3649.00;3649.00;3688.31;3688.31;3688.31;3688.31;4010.20;3688.31;3688.31;1198;0;0;0
999997;999997;999997;999;999;999;31;251110;7112;7420;999997;1;5;5;6;99;3;9;44;35;0;0;3;4;999999;261160;10;2062;0;0;8;999997;;.00;3649.00;2.80;7112000;1;6;10.0;2;1;CNPJ;0;10;19;0;0;3649.00;0;0;0;0;0;0;0;0;1198;0;0;0
999997;999997;999997;999;999;999;0;251110;7020;7416;999997;1;7;5;6;5;3;9;44;53;0;1;4;0;999999;261160;10;2062;0;0;8;999997;3688.31;2.79;3869.40;2.93;7020400;2;4;9.0;4;1;CNPJ;0;10;19;0;0;0;3649.00;3688.31;3688.31;3688.31;3688.31;4774.59;4271.12;3688.31;1198;0;0;0
999997;999997;999997;999;999;999;0;251110;7220;7320;999997;1;5;99;6;99;6;9;44;36;0;0;0;0;999999;230440;10;3999;0;0;8;999997;;.00;.00;.00;7220700;1;5;56.6;0;1;CNPJ;0;10;19;0;0;0;0;0;0;0;0;0;0;0;1198;0;0;0
999997;999997;999997;999;999;999;11;251110;7490;7499;999997;0;5;7;6;99;3;9;44;32;0;0;0;5;999999;261160;10;2062;0;0;9;999997;;.00;5947.49;4.56;7490199;1;6;10.9;0;1;CNPJ;0;10;19;5814.80;6271.62;6441.90;5261.65;0;0;0;0;0;0;0;1198;0;0;0
999997;999997;999997;999;999;999;12;251110;8411;7511;999997;0;7;5;5;5;3;9;40;61;0;0;3;12;999999;260600;10;1244;0;0;2;999997;3240.00;2.45;3240.00;2.46;8411600;1;10;10.0;2;1;CNPJ;0;97;24;0;0;3240.00;3240.00;3240.00;3240.00;3240.00;3240.00;3240.00;3240.00;3240.00;1198;0;0;0
999997;999997;999997;999;999;999;0;251110;9430;9199;999997;1;6;7;6;7;4;9;44;43;0;0;0;0;999999;292530;10;3999;0;0;8;999997;5672.30;4.29;5672.30;4.31;9430800;1;4;21.0;0;1;CNPJ;0;10;21;5672.30;5672.30;5672.30;5672.30;5672.30;5672.30;5672.30;5672.30;5672.30;5672.30;5672.30;1198;0;0;0
999997;999997;999997;999;999;999;0;251110;7020;7416;999997;1;4;5;6;6;4;9;44;28;0;1;0;0;999999;261160;10;2062;0;0;2;999997;4946.81;3.74;3843.84;2.92;7020400;2;4;18.0;0;1;CNPJ;0;10;19;4049.22;4013.90;3649.00;3649.00;3688.31;3688.31;3688.31;3688.31;3688.31;3688.31;3688.31;1198;0;0;0
999997;999997;999997;999;999;999;0;251110;7220;7320;999997;1;4;5;6;5;5;9;44;26;0;0;0;0;999999;211130;10;2062;0;0;2;999997;3196.81;2.42;2832.05;2.15;7220700;2;3;29.8;0;1;CNPJ;0;10;19;2855.34;2793.25;2793.25;2793.25;2793.25;2793.25;2793.25;2793.25;2793.25;2793.25;2793.25;1198;0;0;0
999997;999997;999997;999;999;999;0;251110;7020;7416;999997;1;5;5;6;5;3;9;44;30;0;1;1;0;999999;261160;10;2062;0;0;9;999997;3688.31;2.79;3699.65;2.81;7020400;1;4;11.8;2;1;CNPJ;0;10;19;3178.16;3649.00;3649.00;3649.00;3688.31;4152.57;3988.15;3688.31;3688.31;3688.31;3688.31;1198;0;0;0
999997;999997;999997;999;999;999;0;251110;7220;7320;999997;1;5;99;6;99;6;9;44;37;0;0;0;0;999999;230440;10;3999;0;0;8;999997;;.00;.00;.00;7220700;1;5;54.4;0;1;CNPJ;0;10;19;0;0;0;0;0;0;0;0;0;0;0;1198;0;0;0
999997;999997;999997;999;999;999;0;251110;8411;7511;999997;1;5;9;5;10;8;10;40;38;0;0;0;0;999999;261160;10;1104;0;0;2;999997;16484.24;12.48;11354.48;8.63;8411600;2;10;154.5;0;1;CNPJ;0;30;24;9774.32;9774.32;10985.45;10337.66;11644.84;11208.83;11208.83;11208.83;11208.83;11208.83;11208.83;1198;0;0;0
999997;999997;999997;999;999;999;12;251110;7112;7420;999997;0;4;4;6;99;1;9;44;26;0;0;5;6;999999;261160;10;2062;0;0;8;999997;;.00;2359.19;1.79;7112000;2;6;1.4;2;1;CNPJ;0;60;19;0;0;0;0;2022.62;2695.76;0;0;0;0;0;1198;0;0;0
999997;999997;999997;999;999;999;0;251110;7490;7499;999997;1;4;6;6;7;4;9;44;29;0;0;0;0;999999;261160;10;2062;0;0;9;999997;5295.00;4.01;5196.67;3.95;7490199;2;6;21.9;0;1;CNPJ;0;10;19;5000.00;5000.00;5000.00;5000.00;5000.00;5590.00;5295.00;5295.00;5295.00;5295.00;5295.00;1198;0;0;0
999997;999997;999997;999;999;999;11;251110;7490;7499;999997;0;3;5;6;99;3;9;44;24;0;0;5;11;999999;261160;10;2062;0;0;8;999997;;.00;2871.52;2.17;7490199;1;6;6.0;2;1;CNPJ;0;10;19;0;0;0;0;2409.35;2902.93;3040.70;2952.13;3052.48;105.93;0;1198;0;0;0
999997;999997;999997;999;999;999;0;251110;7490;7499;999997;1;6;4;6;4;4;9;44;40;0;0;0;0;999999;261160;10;2062;0;0;9;999997;2622.00;1.98;2573.00;1.95;7490199;1;6;18.0;0;1;CNPJ;0;10;19;2475.00;2475.00;2475.00;2475.00;2475.00;2769.00;2622.00;2622.00;2622.00;2622.00;2622.00;1198;0;0;0
999997;999997;999997;999;999;999;0;251110;9430;9199;999997;1;6;7;5;7;4;9;40;46;0;0;0;0;999999;292530;10;3999;0;0;8;999997;5672.30;4.29;5672.30;4.31;9430800;2;4;15.2;0;1;CNPJ;0;10;21;5672.30;5672.30;5672.30;5672.30;5672.30;5672.30;5672.30;5672.30;5672.30;5672.30;5672.30;1198;0;0;0
999997;999997;999997;999;999;999;0;251110;7490;7499;999997;1;6;7;6;8;4;9;44;48;0;0;0;0;999999;261160;10;2062;0;0;9;999997;7689.21;5.82;5882.31;4.47;7490199;1;6;14.0;0;1;CNPJ;0;10;19;5425.56;5384.66;5189.39;5714.19;6171.01;5915.64;5542.27;5940.78;5550.22;5857.13;6207.71;1198;0;0;0
999997;999997;999997;999;999;999;0;251110;7490;7499;999997;1;6;7;6;7;4;9;44;41;0;0;0;0;999999;261160;10;2062;0;0;9;999997;6368.26;4.82;6069.68;4.61;7490199;1;6;14.0;0;1;CNPJ;0;10;19;5573.68;5239.74;5760.96;5922.45;5996.28;5905.28;6416.08;5496.67;6413.68;7087.67;6655.36;1198;0;0;0
999997;999997;999997;999;999;999;11;251110;4120;4521;999997;0;4;7;6;99;3;9;44;27;0;0;0;7;999999;221100;10;2062;0;0;8;999997;;.00;6000.00;4.58;4120400;1;3;10.0;0;1;CNPJ;0;10;15;6000.00;6000.00;6000.00;6000.00;6000.00;6000.00;387.10;0;0;0;0;1198;0;0;0
999997;999997;999997;999;999;999;0;251110;8532;8032;999997;1;5;6;5;7;4;10;40;36;0;0;0;0;999999;280030;10;2054;0;0;9;999997;6168.67;4.67;4433.08;3.37;8532500;1;10;17.4;0;1;CNPJ;0;10;23;3023.86;3023.86;3023.86;3023.86;3023.86;3302.49;3623.86;3023.86;9621.44;6168.67;6168.67;1198;0;0;0
999997;999997;999997;999;999;999;0;251110;7220;7320;999997;1;5;5;6;5;6;9;44;30;0;0;0;0;999999;211130;10;2062;0;0;8;999997;3196.81;2.42;2832.05;2.15;7220700;2;3;40.0;0;1;CNPJ;0;10;19;2855.34;2793.25;2793.25;2793.25;2793.25;2793.25;2793.25;2793.25;2793.25;2793.25;2793.25;1198;0;0;0
999997;999997;999997;999;999;999;0;251110;8411;7511;999997;1;5;6;6;6;7;9;44;32;0;0;0;0;999999;260680;10;1244;0;0;9;999997;5150.34;3.90;4900.14;3.72;8411600;1;10;90.5;0;1;CNPJ;0;30;24;4725.54;4725.54;4725.54;4725.54;4725.54;4725.54;4725.54;5150.34;5121.54;5150.34;5150.34;1198;0;0;0
999997;999997;999997;999;999;999;0;251110;9430;9199;999997;1;5;6;5;6;4;9;40;32;0;0;0;0;999999;292530;10;3999;0;0;8;999997;4297.20;3.25;4355.80;3.31;9430800;2;4;13.4;0;1;CNPJ;0;10;21;4297.20;4297.20;4297.20;4297.20;4669.82;4627.75;4297.20;4297.20;4297.20;4297.20;4297.20;1198;0;0;0
999997;999997;999997;999;999;999;0;251110;7220;7320;999997;1;6;7;6;6;6;9;44;44;0;1;0;0;999999;292740;10;2062;0;0;8;999997;4098.68;3.10;5375.87;4.08;7220700;1;2;38.8;0;1;CNPJ;0;10;19;3885.00;4564.87;5536.12;5803.22;5803.22;5803.22;5803.22;5803.22;5803.22;5803.22;5803.22;1198;0;0;0
999997;999997;999997;999;999;999;0;251110;8411;7511;999997;1;5;6;5;6;1;9;40;37;0;0;11;0;999999;250750;10;1112;0;0;8;999997;5137.10;3.89;5137.10;3.89;8411600;1;9;2.0;2;1;CNPJ;0;96;24;0;0;0;0;0;0;0;0;0;0;5137.10;1198;0;0;0
999997;999997;999997;999;999;999;0;251110;7220;7320;999997;1;6;99;6;99;6;9;44;47;0;0;0;0;999999;230440;10;3999;0;0;8;999997;;.00;.00;.00;7220700;1;5;54.4;0;1;CNPJ;0;10;19;0;0;0;0;0;0;0;0;0;0;0;1198;0;0;0
999997;999997;999997;999;999;999;0;251110;7220;7320;999997;1;4;5;6;5;4;9;44;27;0;0;0;0;999999;230440;10;2062;0;0;8;999997;3500.00;2.65;3500.00;2.66;7220700;1;2;12.5;0;1;CNPJ;0;10;19;3500.00;3500.00;3500.00;3500.00;3500.00;3500.00;3500.00;3500.00;3500.00;3500.00;3500.00;1198;0;0;0
999997;999997;999997;999;999;999;0;251110;7220;7320;999997;1;4;5;6;5;3;9;44;26;0;0;4;0;999999;230440;10;2062;0;0;8;999997;3000.00;2.27;2722.22;2.06;7220700;1;2;8.1;2;1;CNPJ;0;10;19;0;0;0;500.00;3000.00;3000.00;3000.00;3000.00;3000.00;3000.00;3000.00;1198;0;0;0
999997;999997;999997;999;999;999;0;251110;8411;7511;999997;1;4;6;5;6;1;9;40;29;0;0;12;0;999999;250750;10;1112;0;0;8;999997;5137.00;3.89;5137.00;3.89;8411600;2;9;1.0;2;1;CNPJ;0;96;24;0;0;0;0;0;0;0;0;0;0;0;1198;0;0;0
999997;999997;999997;999;999;999;0;251110;8532;8032;999997;1;6;9;5;9;6;11;40;40;0;0;0;0;999999;240810;10;1104;0;0;8;999997;9711.66;7.35;9789.71;7.44;8532500;1;10;57.1;0;1;CNPJ;0;30;23;8764.11;8764.11;8764.11;8964.11;9711.66;14238.49;9711.66;9711.66;9711.66;9711.66;9711.66;1198;0;0;0
999997;999997;999997;999;999;999;0;251110;7490;7499;999997;1;5;6;6;6;3;9;44;39;0;0;6;0;999999;261160;10;2062;0;0;8;999997;5000.00;3.78;4857.14;3.67;7490199;1;6;7.0;2;1;CNPJ;0;10;19;0;0;0;0;0;4000.00;5000.00;5000.00;5000.00;5000.00;5000.00;1198;0;0;0
999997;999997;999997;999;999;999;0;251110;7220;7320;999997;1;5;99;6;99;6;9;44;36;0;0;0;0;999999;230440;10;3999;0;0;8;999997;;.00;.00;.00;7220700;1;5;56.6;0;1;CNPJ;0;10;19;0;0;0;0;0;0;0;0;0;0;0;1198;0;0;0
999997;999997;999997;999;999;999;0;251110;7112;7420;999997;1;5;5;6;6;1;9;42;34;0;0;10;0;999999;261160;10;2151;0;0;9;999997;4000.00;3.03;3010.75;2.28;7112000;1;6;2.2;2;1;CNPJ;0;10;19;0;0;0;0;0;0;0;0;0;1032.26;4000.00;1198;0;0;0
999997;999997;999997;999;999;999;0;251110;8411;7511;999997;1;5;9;5;9;8;10;40;37;0;0;0;0;999999;261160;10;1104;0;0;8;999997;11560.17;8.75;11920.57;9.06;8411600;2;10;170.9;0;1;CNPJ;0;30;24;9799.75;10137.66;13364.21;10337.66;11067.00;16484.24;11208.83;11208.83;14637.85;11620.31;11620.31;1198;0;0;0
999997;999997;999997;999;999;999;0;251110;7220;7320;999997;1;6;3;6;3;3;9;44;46;0;0;2;0;999999;230440;10;3999;0;0;8;999997;1364.70;1.03;1358.02;1.03;7220700;1;5;11.0;2;1;CNPJ;0;10;19;0;1350.00;1350.00;1350.00;1350.00;1350.00;1364.70;1364.70;1364.70;1364.70;1364.70;1198;0;0;0
999997;999997;999997;999;999;999;0;251110;7220;7320;999997;1;5;99;6;99;6;9;44;37;0;0;0;0;999999;230440;10;3999;0;0;8;999997;;.00;.00;.00;7220700;1;5;54.4;0;1;CNPJ;0;10;19;0;0;0;0;0;0;0;0;0;0;0;1198;0;0;0
999997;999997;999997;999;999;999;11;251110;7020;7416;999997;0;4;5;6;4;3;9;44;25;0;1;4;12;999999;261160;10;2062;0;0;8;999997;2379.55;1.80;3454.34;2.62;7020400;1;4;8.3;2;1;CNPJ;0;10;19;0;0;0;2311.03;3688.31;4268.64;3688.31;3688.31;3688.31;3688.31;3688.31;1198;0;0;0
999997;999997;999997;999;999;999;11;251110;7020;7416;999997;0;4;5;6;4;3;9;44;25;0;1;4;12;999999;261160;10;2062;0;0;8;999997;2379.55;1.80;3460.63;2.62;7020400;2;4;8.2;2;1;CNPJ;0;10;19;0;0;0;2067.76;3688.31;4268.64;3988.15;3688.31;3688.31;3688.31;3688.31;1198;0;0;0
999997;999997;999997;999;999;999;0;251110;7220;7320;999997;1;5;99;6;99;6;9;44;32;0;0;0;0;999999;230440;10;3999;0;0;8;999997;;.00;.00;.00;7220700;1;5;50.8;0;1;CNPJ;0;10;19;0;0;0;0;0;0;0;0;0;0;0;1198;0;0;0
999997;999997;999997;999;999;999;0;251110;7490;7499;999997;1;5;8;6;8;4;9;44;36;0;0;0;0;999999;261160;10;2062;0;0;8;999997;6720.90;5.09;7141.80;5.43;7490199;1;6;18.0;0;1;CNPJ;0;10;19;6670.51;5507.44;7552.21;6639.16;6392.27;6761.81;7751.35;6671.88;10278.20;7656.17;7099.74;1198;0;0;0
999997;999997;999997;999;999;999;21;251110;7490;7499;999997;0;6;6;6;99;3;9;44;42;0;1;0;2;999999;261160;10;2062;0;0;8;999997;;.00;4000.00;3.07;7490199;2;2;6.7;0;1;CNPJ;0;10;19;4000.00;192.86;0;0;0;0;0;0;0;0;0;1198;0;0;0
999997;999997;999997;999;999;999;0;251110;7220;7320;999997;1;3;99;6;99;6;9;44;23;0;0;0;0;999999;230440;10;3999;0;0;8;999997;;.00;.00;.00;7220700;1;5;54.4;0;1;CNPJ;0;10;19;0;0;0;0;0;0;0;0;0;0;0;1198;0;0;0
999997;999997;999997;999;999;999;0;251110;7220;7320;999997;1;7;99;6;99;5;9;44;53;0;0;0;0;999999;230440;10;3999;0;0;9;999997;;.00;.00;.00;7220700;1;5;28.5;0;1;CNPJ;0;10;19;0;0;0;0;0;0;0;0;0;0;0;1198;0;0;0
999997;999997;999997;999;999;999;21;251110;7490;7499;999997;0;4;1;6;99;2;9;44;26;0;1;0;2;999999;261160;10;2062;0;0;9;999997;;.00;399.38;.30;7490199;2;2;4.2;0;1;CNPJ;0;10;19;399.38;139.56;0;0;0;0;0;0;0;0;0;1198;0;0;0
999997;999997;999997;999;999;999;0;251110;8532;8032;999997;1;6;8;5;10;7;9;40;43;0;0;0;0;999999;280670;10;1139;0;0;8;999997;14161.01;10.72;9081.00;6.90;8532500;1;10;113.5;0;1;CNPJ;0;30;23;6703.42;6703.42;6703.42;6903.42;10344.07;9322.10;9660.01;9491.05;9660.01;9660.01;9660.01;1198;0;0;0
999997;999997;999997;999;999;999;0;251110;8531;8031;999997;1;5;9;5;9;7;9;40;35;0;0;0;0;999999;292740;10;1104;0;0;2;999997;10431.60;7.90;10424.97;7.93;8531700;2;10;112.1;0;1;CNPJ;0;30;23;8764.11;14207.82;8764.11;8964.11;9711.66;14238.49;9711.66;9758.74;10064.75;10064.75;10417.85;1198;0;0;0
999997;999997;999997;999;999;999;0;251110;7490;7499;999997;1;4;5;6;2;4;9;44;26;0;0;0;0;999999;261160;10;2062;0;0;9;999997;662.11;.50;3526.76;2.68;7490199;1;6;18.0;0;1;CNPJ;0;10;19;3338.54;3557.15;3247.93;3423.36;3429.75;4158.08;3799.18;4100.71;4403.10;3990.27;4210.94;1198;0;0;0
999997;999997;999997;999;999;999;0;251110;7220;7320;999997;1;5;99;6;99;6;9;44;32;0;0;0;0;999999;230440;10;3999;0;0;8;999997;;.00;.00;.00;7220700;1;5;54.4;0;1;CNPJ;0;10;19;0;0;0;0;0;0;0;0;0;0;0;1198;0;0;0
999997;999997;999997;999;999;999;0;251110;8411;7511;999997;1;5;6;5;6;1;9;40;31;0;0;11;0;999999;250750;10;1112;0;0;8;999997;5137.10;3.89;5137.10;3.89;8411600;2;9;2.0;2;1;CNPJ;0;96;24;0;0;0;0;0;0;0;0;0;0;5137.10;1198;0;0;0
999997;999997;999997;40;999;999;0;251110;8531;8031;999997;1;5;6;5;6;8;10;40;34;0;0;0;0;999999;420420;10;3069;1;1;2;999997;4330.43;3.28;4439.17;3.38;8531700;2;9;129.0;0;1;CNPJ;4;10;23;5476.51;4105.81;4330.41;4330.41;4330.41;4330.41;4330.41;4712.32;4330.41;4332.12;4330.43;1198;0;0;0
999997;999997;999997;999;999;999;0;251110;8531;8031;999997;1;5;9;5;9;8;11;40;36;0;0;0;0;999999;410690;10;1104;0;0;2;999997;10346.36;7.83;10630.99;8.08;8531700;1;10;154.2;0;1;CNPJ;0;30;23;8764.11;9088.04;13941.34;9546.41;8814.07;15339.70;10346.36;10346.36;10346.36;10346.36;10346.36;1198;0;0;0
999997;999997;999997;999;999;999;0;251110;8411;7511;999997;1;5;5;5;5;4;9;40;31;0;0;0;0;999999;430160;10;1244;0;0;2;999997;2754.11;2.08;2731.16;2.07;8411600;1;10;17.6;0;1;CNPJ;0;30;24;2478.70;2754.11;2754.11;2754.11;2754.11;2754.11;2754.11;2754.11;2754.11;2754.11;2754.11;1198;0;0;0
999997;999997;999997;999;999;999;0;251110;7220;7320;999997;1;6;6;6;6;7;9;44;42;0;1;0;0;999999;420540;10;2062;0;0;2;999997;4661.66;3.53;4207.14;3.20;7220700;2;2;71.0;0;1;CNPJ;0;10;19;5225.09;3918.82;3918.82;3918.82;3918.82;3918.82;4389.08;4153.95;4153.95;4153.95;4153.95;1198;0;0;0
999997;999997;999997;40;40;999;0;251110;8531;8031;999997;1;5;6;99;99;4;9;99;39;0;0;0;0;999999;420460;10;3069;0;60;2;999997;;.00;4997.71;3.80;8531700;1;10;12.5;0;1;CNPJ;0;10;23;3241.33;0;12820.90;4936.32;6033.28;5759.04;12745.30;1096.96;1371.20;1361.77;611.04;1198;1;0;0
999997;999997;999997;999;999;999;0;251110;4221;4531;999997;1;5;6;6;7;6;9;44;35;0;1;0;0;999999;421950;10;2062;0;0;2;999997;5954.60;4.51;4774.34;3.63;4221901;1;5;59.4;0;1;CNPJ;0;10;15;4775.46;4477.00;4477.00;4701.00;4701.00;4701.00;4701.00;4701.00;4701.00;4701.00;4701.00;1198;0;0;0
999997;999997;999997;999;999;999;0;251110;8411;7511;999997;1;6;6;5;6;8;10;40;40;0;0;0;0;999999;431440;10;1244;0;0;2;999997;4099.74;3.10;4163.21;3.16;8411600;2;10;143.8;0;1;CNPJ;0;30;24;3948.50;3948.50;3948.50;3948.50;5264.67;3948.50;4301.39;4250.98;4099.74;4099.74;4099.74;1198;0;0;0
999997;999997;999997;999;999;999;0;251110;7112;7420;999997;1;5;7;6;7;7;9;41;36;0;0;0;0;999999;420890;10;2062;0;0;4;999997;6369.70;4.82;5574.20;4.24;7112000;1;4;83.0;0;1;CNPJ;0;10;19;5893.33;5200.00;5200.00;5200.00;5200.00;5998.65;5565.75;5565.75;5565.76;5565.75;5565.75;1198;0;0;0
999997;999997;999997;999;999;999;12;251110;8411;7511;999997;0;5;8;5;99;6;9;40;36;0;0;0;5;999999;430160;10;1244;0;0;2;999997;;.00;7460.06;5.72;8411600;2;10;59.5;0;1;CNPJ;0;35;24;9901.33;7541.00;7541.00;7541.00;4775.97;0;0;0;0;0;0;1198;0;0;0
999997;999997;999997;999;999;999;11;251110;7112;7420;999997;0;6;7;6;99;7;9;44;44;0;0;0;7;999999;421950;10;2062;0;0;2;999997;;.00;6404.22;4.91;7112000;1;5;61.3;0;1;CNPJ;0;10;19;7594.47;6701.00;6701.00;7037.00;3987.63;0;0;0;0;0;0;1198;0;0;0
999997;999997;999997;999;999;999;0;251110;7220;7320;999997;1;6;5;6;6;2;9;44;44;0;1;7;0;999999;421870;10;2062;0;0;2;999997;4160.00;3.15;3767.17;2.85;7220700;1;5;5.4;2;1;CNPJ;0;10;19;0;0;0;0;0;0;1639.52;4036.48;4447.00;4160.00;4160.00;1198;0;0;0
999997;999997;999997;999;999;999;0;251110;7220;7320;999997;1;7;4;6;5;5;9;44;64;0;1;0;0;999999;431440;10;2062;0;0;9;999997;2726.25;2.06;2503.38;1.90;7220700;1;2;34.7;0;1;CNPJ;0;10;19;2888.64;2252.16;2203.20;2725.70;2399.95;2399.95;2399.95;2844.90;2399.95;2399.95;2399.95;1198;0;0;0
999997;999997;999997;999;999;999;11;251110;7112;7420;999997;0;6;2;5;99;1;9;40;40;0;0;5;5;999999;420540;10;2240;0;0;9;999997;;.00;1166.67;.88;7112000;1;7;.4;2;1;CNPJ;0;60;19;0;0;0;0;1166.67;0;0;0;0;0;0;1198;0;0;0
999997;999997;999997;999;999;999;0;251110;8531;8031;999997;1;7;9;5;9;8;10;40;54;0;0;0;0;999999;420540;10;1104;0;0;2;999997;9711.66;7.35;10020.44;7.62;8531700;2;10;126.3;0;1;CNPJ;0;30;23;11532.81;8764.11;8764.11;8964.11;9711.66;14238.49;9711.66;9711.66;9711.66;9711.66;9711.66;1198;0;0;0
999997;999997;999997;999;999;999;0;251110;7220;7320;999997;1;5;6;6;6;7;9;44;36;0;0;0;0;999999;431440;10;3999;0;0;2;999997;5190.60;3.93;4947.27;3.76;7220700;1;2;61.4;0;1;CNPJ;0;10;19;4305.62;4762.02;4762.02;4762.02;4762.02;4762.02;4762.02;4762.02;4762.02;5661.51;6113.36;1198;0;0;0
999997;999997;999997;50;40;999;0;251110;7220;7320;999997;1;5;6;6;4;7;9;44;37;0;1;0;0;999999;421870;10;2062;0;87;8;999997;2608.60;1.97;4619.37;3.51;7220700;2;5;77.7;0;1;CNPJ;0;10;19;4406.79;4406.79;4588.40;5289.49;4741.46;4847.06;4847.06;5023.34;4891.13;4891.13;4891.13;1198;0;0;0
999997;999997;999997;70;999;999;0;251110;8550;7416;999997;1;7;99;5;99;8;9;40;63;0;0;0;0;999999;420540;10;3069;0;365;2;999997;;.00;.00;.00;8550302;2;8;328.3;0;1;CNPJ;0;10;19;0;0;0;0;0;0;0;0;0;0;0;1198;0;0;0
999997;999997;999997;999;999;999;0;251110;7220;7320;999997;1;6;5;99;5;7;11;99;44;0;1;0;0;999999;421870;10;2062;0;0;2;999997;2779.41;2.10;2943.27;2.24;7220700;1;5;95.5;0;1;CNPJ;0;10;19;3269.93;2913.80;2913.80;2913.80;2555.53;3005.53;3005.53;3093.69;3263.05;2577.57;3027.57;1198;0;0;0
999997;999997;999997;40;999;999;0;251110;7220;7320;999997;1;5;3;2;3;7;9;14;33;0;1;0;0;999999;421870;10;2062;0;15;2;999997;1817.50;1.37;1743.60;1.32;7220700;1;5;115.4;0;1;CNPJ;0;10;19;1685.46;1648.82;1648.82;1648.82;1707.95;1707.95;1707.95;1954.82;1951.42;1721.84;1721.84;1198;0;0;0
999997;999997;999997;999;999;999;0;251110;7220;7320;999997;1;5;4;5;4;2;9;40;30;0;1;8;0;999999;431560;10;2135;0;0;9;999997;2500.00;1.89;2400.00;1.81;7220700;2;2;4.7;2;1;CNPJ;0;10;19;0;0;0;0;0;0;0;2000.00;2500.00;2500.00;2500.00;1198;0;0;0
999997;999997;999997;999;999;999;21;251110;4520;5020;999997;0;4;3;6;99;7;9;44;28;0;0;0;3;999999;421660;10;2062;0;0;2;999997;;.00;1883.40;1.44;4520001;1;1;107.5;0;1;CNPJ;0;10;16;1883.40;1883.40;238.00;0;0;0;0;0;0;0;0;1198;0;0;0
999997;999997;999997;999;999;999;11;251110;7112;7420;999997;0;5;7;6;99;7;9;44;31;0;0;0;5;999999;431950;10;2054;0;0;2;999997;;.00;5389.26;4.13;7112000;2;4;75.3;0;1;CNPJ;0;10;19;7754.33;5815.75;5815.75;5815.75;1744.73;0;0;0;0;0;0;1198;0;0;0
999997;999997;999997;999;999;999;0;251110;8411;7511;999997;1;5;8;4;8;7;10;30;38;0;0;0;0;999999;430700;10;1244;0;0;8;999997;7329.60;5.55;7308.12;5.56;8411600;1;10;101.8;0;1;CNPJ;0;30;24;7851.82;7387.60;7051.60;7249.60;7309.60;7309.60;7149.60;7189.60;7309.60;7289.60;7269.60;1198;0;0;0
999997;999997;999997;999;999;999;0;251110;8211;7499;999997;1;5;6;6;6;4;9;44;32;0;1;0;0;999999;411520;10;2062;0;0;9;999997;4500.00;3.40;4122.87;3.13;8211300;1;2;12.8;0;1;CNPJ;0;10;19;4000.00;4000.00;4000.00;4000.00;4000.00;4094.88;4094.88;4094.88;4094.88;4094.88;4500.00;1198;0;0;0
999997;999997;999997;999;999;999;0;251110;7490;7499;999997;1;7;5;6;6;7;9;44;63;0;1;0;0;999999;410690;10;2062;0;0;2;999997;3976.60;3.01;3656.04;2.78;7490199;1;2;119.2;0;1;CNPJ;0;10;19;3867.29;3393.00;3393.00;3920.80;3985.82;3556.00;3556.00;3556.00;3556.00;3556.00;3556.00;1198;0;0;0
999997;999997;999997;999;999;999;0;251110;7220;7320;999997;1;5;5;4;5;7;10;22;34;0;1;0;0;999999;421870;10;2062;0;0;2;999997;3789.63;2.87;3273.18;2.49;7220700;1;5;73.6;0;1;CNPJ;0;10;19;3616.34;3047.13;3037.87;3088.80;3151.68;3132.45;3213.61;3747.97;3177.57;3197.57;3077.57;1198;0;0;0
999997;999997;999997;999;999;999;0;251110;7220;7320;999997;1;5;8;6;8;8;11;44;35;0;1;0;0;999999;421870;10;2062;0;0;2;999997;8346.47;6.32;7096.68;5.40;7220700;1;5;147.0;0;1;CNPJ;0;10;19;8574.24;6667.19;6667.19;6667.19;6847.06;6847.06;6847.06;7023.34;6891.13;6891.13;6891.13;1198;0;0;0
999997;999997;999997;40;999;999;11;251110;7220;7320;999997;0;5;3;5;99;4;9;40;30;0;1;0;7;999999;431560;10;2135;0;1;9;999997;;.00;1942.22;1.48;7220700;2;2;21.8;0;1;CNPJ;0;10;19;2596.66;1900.00;1900.00;1900.00;1900.00;1456.67;0;0;0;0;0;1198;0;0;0
999997;999997;999997;999;999;999;11;251110;7220;7320;999997;0;5;6;6;99;7;9;44;35;0;1;0;8;999999;421870;10;2062;0;0;2;999997;;.00;5056.88;3.86;7220700;1;5;69.7;0;1;CNPJ;0;10;19;6270.69;5820.69;5370.69;5370.69;5550.70;5550.70;5550.70;970.14;0;0;0;1198;0;0;0
999997;999997;999997;999;999;999;22;251110;8532;8032;999997;0;5;9;5;99;7;10;40;38;0;0;0;11;999999;430160;10;1139;0;0;2;999997;;.00;10890.27;8.28;8532500;2;10;102.7;0;1;CNPJ;0;30;23;5995.41;11532.81;0;11732.81;12978.72;0;12729.54;12729.54;9711.66;0;9711.66;1198;0;0;0
999997;999997;999997;999;999;999;0;251110;4110;7010;999997;1;6;11;5;12;2;9;40;40;0;0;9;0;999999;420200;10;2054;0;0;4;999997;27103.79;20.53;23408.12;17.73;4110700;2;7;4.0;4;1;CNPJ;0;10;19;0;0;0;0;0;0;0;0;22176.23;22176.23;22176.23;1198;0;0;0
999997;999997;999997;999;999;999;21;251110;7220;7320;999997;0;5;4;6;99;1;10;44;32;0;1;4;6;999999;421870;10;2062;0;0;9;999997;;.00;2332.74;1.77;7220700;1;5;1.3;2;1;CNPJ;0;60;19;0;0;0;881.98;3783.50;.00;0;0;0;0;0;1198;0;0;0
999997;999997;999997;999;999;999;0;251110;7112;7420;999997;1;5;5;6;6;6;9;44;31;0;0;0;0;999999;421950;10;2062;0;0;2;999997;4063.46;3.07;3561.76;2.71;7112000;2;5;40.6;0;1;CNPJ;0;10;19;3462.33;3055.00;3055.00;3208.00;3208.00;3208.00;3208.00;3208.00;3208.00;4024.58;5832.73;1198;0;0;0
999997;999997;999997;999;999;999;0;251110;7220;7320;999997;1;6;6;6;6;6;9;44;43;0;0;0;0;999999;420460;10;2062;0;0;2;999997;4800.00;3.63;4625.00;3.51;7220700;1;2;54.5;0;1;CNPJ;0;10;19;5700.00;4500.00;4500.00;4500.00;4500.00;4500.00;4500.00;4500.00;4500.00;4500.00;4500.00;1198;0;0;0
999997;999997;999997;999;999;999;0;251110;8532;8032;999997;1;7;9;5;9;8;10;40;52;0;0;0;0;999999;431560;10;1139;0;0;2;999997;10064.74;7.62;9928.98;7.55;8532500;2;10;166.7;0;1;CNPJ;0;30;23;8764.11;8764.11;8764.11;8964.11;9711.66;14238.49;9711.66;9711.66;10323.67;10064.74;10064.74;1198;0;0;0
999997;999997;999997;999;999;999;31;251110;4110;7010;999997;0;6;11;5;99;2;9;40;40;0;0;4;9;999999;420200;10;2054;0;0;4;999997;;.00;21945.01;16.67;4110700;2;1;5.0;4;1;CNPJ;0;10;19;0;0;0;21020.12;22176.23;22176.23;22176.23;22176.23;0;0;0;1198;0;0;0
999997;999997;999997;999;999;999;0;251110;9102;9252;999997;1;7;9;5;10;8;9;40;57;0;0;0;0;999999;420820;10;1155;1;0;2;999997;13753.84;10.41;11529.73;8.76;9102301;1;5;249.6;0;1;CNPJ;1;30;21;10578.62;10578.62;10578.62;10578.62;11020.80;11020.80;11020.80;16163.59;11020.80;11020.80;11020.80;1198;0;0;0
999997;999997;999997;999;999;999;11;251110;7220;7320;999997;0;6;6;5;99;8;9;34;44;0;1;0;9;999999;421870;10;2062;0;0;8;999997;;.00;4179.86;3.19;7220700;1;5;143.3;0;1;CNPJ;0;10;19;5138.85;4710.72;4203.77;4203.77;4925.84;4644.68;4343.57;1267.68;0;0;0;1198;0;0;0
999997;999997;999997;999;999;999;0;251110;8412;7512;999997;1;5;99;5;99;4;9;40;36;0;0;0;0;999999;431490;10;1023;0;0;2;999997;;.00;.00;.00;8412400;1;7;16.2;0;1;CNPJ;0;30;24;0;0;0;0;0;0;0;0;0;0;0;1198;0;0;0
999997;999997;999997;999;999;999;0;251110;7220;7320;999997;1;7;6;6;7;5;9;44;50;0;1;0;0;999999;421870;10;2062;0;0;2;999997;6084.13;4.60;5017.62;3.81;7220700;1;5;33.5;0;1;CNPJ;0;10;19;4924.71;4918.25;4623.99;4623.99;4802.13;4802.13;5908.08;4986.74;4845.77;4845.77;4845.77;1198;0;0;0
999997;999997;999997;999;999;999;0;251110;8412;7512;999997;1;5;99;5;99;4;10;40;36;0;0;0;0;999999;431490;10;1023;0;0;2;999997;;.00;.00;.00;8412400;2;7;16.5;0;1;CNPJ;0;30;24;0;0;0;0;0;0;0;0;0;0;0;1198;0;0;0
999997;999997;999997;999;999;999;0;251110;8532;8032;999997;1;6;9;5;10;8;10;40;42;0;0;0;0;999999;431440;10;1139;0;0;2;999997;15890.17;12.03;10854.59;8.25;8532500;1;10;130.0;0;1;CNPJ;0;30;23;9424.61;15896.35;10068.35;4810.75;10431.61;10431.61;10431.61;10431.61;10431.61;11193.97;10812.78;1198;0;0;0
999997;999997;999997;999;999;999;31;251110;4110;7010;999997;0;6;11;5;99;7;9;40;40;0;0;9;4;999999;420200;10;2054;0;0;4;999997;;.00;21020.12;16.14;4110700;2;7;73.6;0;1;CNPJ;0;10;19;21020.12;21020.12;21020.12;0;0;0;0;0;0;0;0;1198;0;0;0
999997;999997;999997;40;40;999;12;251110;8211;7499;999997;0;3;3;6;99;1;9;44;22;0;1;9;12;999999;420420;10;2062;0;15;2;999997;;.00;1740.00;1.31;8211300;2;2;2.9;2;1;CNPJ;0;60;19;0;0;0;0;0;0;0;0;1620.00;1800.00;1800.00;1198;0;0;0
999997;999997;999997;40;40;999;0;251110;8411;7511;999997;1;7;8;5;8;8;9;40;63;0;0;0;0;999999;420910;10;1244;0;2;2;999997;7525.47;5.70;7919.81;6.02;8411600;2;10;327.2;0;1;CNPJ;0;30;24;13035.28;7537.85;6609.11;6795.92;7136.22;7136.22;7136.22;8812.16;9051.59;7136.22;7125.40;1198;0;0;0
999997;999997;999997;999;999;999;0;251110;7112;7420;999997;1;6;4;6;4;3;10;44;45;0;0;5;0;999999;420540;10;2240;0;0;9;999997;2500.00;1.89;2291.67;1.73;7112000;2;7;7.3;2;1;CNPJ;0;10;19;0;0;0;0;833.33;2500.00;2500.00;2500.00;2500.00;2500.00;2500.00;1198;0;0;0
999997;999997;999997;999;999;999;21;251110;7112;7420;999997;0;3;4;6;99;4;9;44;24;0;0;0;4;999999;421950;10;2062;0;0;2;999997;;.00;2521.31;1.94;7112000;2;5;15.2;0;1;CNPJ;0;10;19;2813.00;2813.00;2813.00;1646.22;0;0;0;0;0;0;0;1198;0;0;0
999997;999997;999997;999;999;999;0;251110;7112;7420;999997;1;5;5;6;5;2;9;44;30;0;0;7;0;999999;421950;10;2062;0;0;2;999997;3500.00;2.65;2983.33;2.26;7112000;1;5;5.6;2;1;CNPJ;0;10;19;0;0;0;0;0;0;1900.00;3000.00;3000.00;3000.00;3500.00;1198;0;0;0
999997;999997;999997;999;999;999;31;251110;7220;7320;999997;0;6;6;6;99;7;9;44;41;0;0;0;4;999999;421190;10;2062;0;0;9;999997;;.00;3975.85;3.05;7220700;1;1;105.0;0;1;CNPJ;0;10;19;3975.85;3975.85;3975.85;0;0;0;0;0;0;0;0;1198;0;0;0
999997;999997;999997;999;999;999;0;251110;7220;7320;999997;1;5;4;6;5;1;9;44;34;0;1;10;0;999999;410420;10;2062;0;0;8;999997;3626.10;2.74;2578.56;1.95;7220700;2;2;2.1;2;1;CNPJ;0;10;19;0;0;0;0;0;0;0;0;0;483.48;3626.10;1198;0;0;0
999997;999997;999997;999;999;999;0;251110;7220;7320;999997;1;5;4;6;4;7;9;44;34;0;1;0;0;999999;421870;10;2062;0;0;2;999997;2266.67;1.71;2077.78;1.58;7220700;1;2;70.4;0;1;CNPJ;0;10;19;2000.00;2000.00;2000.00;2000.00;2622.22;2044.45;2000.00;2000.00;2000.00;2000.00;2000.00;1198;0;0;0
999997;999997;999997;999;999;999;21;251110;4661;5161;999997;0;5;5;6;99;7;9;44;31;0;0;0;5;999999;431680;10;2062;0;0;2;999997;;.00;3813.93;2.92;4661300;1;6;60.8;0;1;CNPJ;0;10;17;3739.35;4415.27;3959.70;3640.00;3315.32;0;0;0;0;0;0;1198;0;0;0
999997;999997;999997;999;999;999;0;251110;8531;8031;999997;1;6;8;5;8;6;10;40;40;0;0;0;0;999999;420540;10;1104;0;0;8;999997;9021.64;6.83;8876.03;6.75;8531700;1;10;55.0;0;1;CNPJ;0;30;23;8376.26;7843.84;7843.84;8043.84;8957.09;12883.00;8708.56;8708.56;8708.56;8708.56;8708.56;1198;0;0;0
999997;999997;999997;999;999;999;0;251110;7220;7320;999997;1;6;6;6;6;6;9;44;46;0;1;0;0;999999;421870;10;2062;0;0;8;999997;5114.98;3.87;5013.74;3.81;7220700;1;5;52.4;0;1;CNPJ;0;10;19;4727.21;4623.99;4623.99;4623.99;6246.89;5015.56;4802.13;4987.38;4845.77;4845.77;5707.24;1198;0;0;0
999997;999997;999997;999;999;999;0;251110;7220;7320;999997;1;5;5;6;5;3;9;44;36;0;1;6;0;999999;421870;10;2062;0;0;2;999997;3783.50;2.86;3783.50;2.86;7220700;1;5;6.0;2;1;CNPJ;0;10;19;0;0;0;0;0;126.12;3783.50;3783.50;3783.50;3783.50;3783.50;1198;0;0;0
999997;999997;999997;999;999;999;0;251110;4221;4531;999997;1;5;7;6;7;7;9;44;30;0;1;0;0;999999;421950;10;2062;0;0;8;999997;6203.17;4.69;5383.60;4.09;4221901;2;5;62.9;0;1;CNPJ;0;10;15;5738.07;5063.00;5063.00;5317.00;5317.00;5317.00;5317.00;5317.00;5317.00;5317.00;5317.00;1198;0;0;0
999997;999997;999997;999;999;999;0;251110;7220;7320;999997;1;4;6;6;7;6;9;44;29;0;1;0;0;999999;421870;10;2062;0;0;2;999997;5703.97;4.32;5197.04;3.95;7220700;1;5;38.6;0;1;CNPJ;0;10;19;5736.52;4623.99;4623.99;4623.99;4802.13;5104.36;5114.43;6683.71;5162.94;5173.51;5010.97;1198;0;0;0
999997;999997;999997;999;999;999;0;251110;7220;7320;999997;1;5;5;4;5;7;9;30;36;0;1;0;0;999999;421870;10;2062;0;0;2;999997;3913.09;2.96;3643.19;2.77;7220700;1;5;115.1;0;1;CNPJ;0;10;19;3261.11;4323.99;3695.92;3261.11;3384.73;3840.45;3384.73;3508.86;3864.75;3864.75;3414.75;1198;0;0;0
999997;999997;999997;40;40;40;0;251110;8411;7511;999997;1;5;7;5;7;6;9;40;35;0;0;0;0;999999;420910;10;1244;0;7;2;999997;6385.38;4.83;6451.80;4.90;8411600;2;10;57.8;0;1;CNPJ;0;30;24;6129.17;7137.07;6129.21;6431.16;6385.37;6870.65;6410.91;6385.38;6385.37;6385.37;6386.53;1198;0;0;0
999997;999997;999997;999;999;999;0;251110;8211;7499;999997;1;5;6;6;6;3;9;44;34;0;1;3;0;999999;411520;10;2062;0;0;2;999997;4047.16;3.06;3966.35;3.01;8211300;2;2;9.8;2;1;CNPJ;0;10;19;0;0;3333.33;4000.00;4000.00;4047.16;4047.16;4047.16;4047.16;4047.16;4047.16;1198;0;0;0
999997;999997;999997;999;999;999;0;251110;6911;7411;999997;1;3;6;5;8;3;9;40;24;0;0;4;0;999999;410690;10;2232;0;0;2;999997;6750.00;5.11;4394.44;3.33;6911701;2;3;8.9;2;1;CNPJ;0;10;19;0;0;0;2800.00;3000.00;4500.00;4500.00;4500.00;4500.00;4500.00;4500.00;1198;0;0;0
999997;999997;999997;999;999;999;11;251110;7112;7420;999997;0;5;5;1;99;6;9;10;37;0;0;0;6;999999;420540;10;2240;0;0;9;999997;;.00;3447.79;2.64;7112000;2;7;38.3;0;1;CNPJ;0;10;19;3564.49;3564.49;3564.49;3097.70;309.77;0;0;0;0;0;0;1198;0;0;0
999997;999997;999997;40;999;999;21;251110;7220;7320;999997;0;5;5;6;99;3;10;44;30;0;1;0;7;999999;421870;10;2062;0;4;2;999997;;.00;3785.72;2.89;7220700;1;5;11.0;0;1;CNPJ;0;10;19;3779.90;3779.90;3779.90;3779.90;3924.28;3924.28;3531.85;0;0;0;0;1198;0;0;0
999997;999997;999997;999;999;999;0;251110;8412;7512;999997;1;5;99;5;99;4;10;40;37;0;0;0;0;999999;431490;10;1023;0;0;2;999997;;.00;.00;.00;8412400;1;7;17.1;0;1;CNPJ;0;30;24;0;0;0;0;0;0;0;0;0;0;0;1198;0;0;0
999997;999997;999997;999;999;999;11;251110;8211;7499;999997;0;4;3;6;99;1;9;44;25;0;1;5;7;999999;420420;10;2062;0;0;9;999997;;.00;1692.60;1.28;8211300;2;2;2.7;2;1;CNPJ;0;60;19;0;0;0;0;1766.61;1871.18;1440.00;0;0;0;0;1198;0;0;0
999997;999997;999997;999;999;999;11;251110;8411;7511;999997;0;5;8;3;99;5;9;20;36;0;0;0;11;999999;431750;10;1244;0;0;2;999997;;.00;6737.82;5.12;8411600;1;10;25.9;0;1;CNPJ;0;30;24;6181.07;5246.53;5246.53;5246.53;5246.53;7345.14;6937.88;6937.88;6937.88;6937.88;11852.22;1198;0;0;0
999997;999997;999997;999;999;999;0;251110;7220;7320;999997;1;7;5;5;5;8;9;34;53;0;1;0;0;999999;421870;10;2062;0;0;2;999997;3839.50;2.90;3914.70;2.97;7220700;1;5;142.0;0;1;CNPJ;0;10;19;3665.64;3665.64;3881.34;4365.26;4481.96;3669.24;3669.24;3839.50;3839.50;3839.50;4220.13;1198;0;0;0
999997;999997;999997;40;999;999;21;251110;7220;7320;999997;0;4;3;5;99;4;9;40;27;0;1;0;6;999999;431560;10;2135;0;3;9;999997;;.00;1959.11;1.49;7220700;2;2;18.3;0;1;CNPJ;0;10;19;1900.00;1900.00;1900.00;2195.56;1900.00;.00;0;0;0;0;0;1198;0;0;0
999997;999997;999997;999;999;999;0;251110;8211;7499;999997;1;5;3;6;3;2;9;44;34;0;0;8;0;999999;355030;10;2062;0;0;9;999997;1700.00;1.28;1667.10;1.26;8211300;1;4;4.9;2;1;CNPJ;0;10;19;0;0;0;0;0;0;0;1535.48;1700.00;1700.00;1700.00;1198;0;0;0
999997;999997;999997;999;999;999;0;251110;7220;7320;999997;1;5;99;6;99;7;9;44;34;0;0;0;0;999999;351518;10;2062;0;0;9;999997;;.00;.00;.00;7220700;1;3;64.7;0;1;CNPJ;0;10;19;0;0;0;0;0;0;0;0;0;0;0;1198;0;0;0
999997;999997;999997;999;999;999;0;251110;4781;5232;999997;1;7;4;6;4;7;9;44;59;0;1;0;0;999999;354140;10;2062;0;0;2;999997;2611.58;1.97;2067.63;1.57;4781400;2;2;61.0;0;1;CNPJ;0;10;16;1912.49;1925.55;1925.55;1938.60;1925.55;1925.55;1938.60;2641.88;1938.60;1925.55;2202.09;1198;0;0;0
999997;999997;999997;999;999;999;0;251110;7112;7420;999997;1;5;5;6;5;1;9;44;30;0;0;10;0;999999;355030;10;2054;0;0;8;999997;3221.69;2.44;3185.89;2.41;7112000;2;10;2.9;2;1;CNPJ;0;10;19;0;0;0;0;0;0;0;0;0;3114.30;3221.69;1198;0;0;0
999997;999997;999997;999;999;999;11;251110;7112;7420;999997;0;5;8;5;99;7;9;40;38;0;0;0;11;999999;355030;10;2054;0;0;2;999997;;.00;7298.21;5.56;7112000;1;10;103.4;0;1;CNPJ;0;10;19;7355.16;7355.16;8989.64;7355.16;7893.33;8657.17;7638.69;7638.69;2800.85;0;0;1198;0;0;0
999997;999997;999997;999;999;999;0;251110;7220;7320;999997;1;5;7;6;7;4;9;44;37;0;0;0;0;999999;355030;10;2062;0;0;2;999997;6532.89;4.94;5936.15;4.51;7220700;2;5;16.9;0;1;CNPJ;0;10;19;6310.54;5700.00;5700.00;5700.00;5700.00;5700.00;5700.00;5700.00;6216.42;6136.96;6136.96;1198;0;0;0
999997;999997;999997;999;999;999;0;251110;7220;7320;999997;1;7;7;6;7;2;9;44;56;0;1;8;0;999999;350570;10;2062;0;0;8;999997;5394.28;4.08;6334.32;4.79;7220700;1;3;5.0;4;1;CNPJ;0;10;19;0;0;0;0;0;0;0;6035.19;7449.65;7398.21;5394.28;1198;0;0;0
999997;999997;999997;999;999;999;0;251110;8211;7499;999997;1;6;3;6;3;2;9;44;40;0;0;8;0;999999;355030;10;2062;0;0;8;999997;1700.00;1.28;1667.10;1.26;8211300;1;4;4.9;2;1;CNPJ;0;10;19;0;0;0;0;0;0;0;1535.48;1700.00;1700.00;1700.00;1198;0;0;0
999997;999997;999997;999;999;999;0;251110;9430;9199;999997;1;7;8;5;8;8;10;40;53;0;0;0;0;999999;352440;10;1155;0;0;2;999997;8357.60;6.33;8392.04;6.38;9430800;2;5;271.7;0;1;CNPJ;0;30;21;9022.58;7507.70;8499.17;7554.47;9068.05;8601.44;8083.28;8631.92;9007.94;8073.71;8296.64;1198;0;0;0
999997;999997;999997;40;40;40;0;251110;7112;7420;999997;1;6;6;6;6;7;9;44;40;0;0;0;0;999999;355030;10;2054;0;6;2;999997;4922.43;3.72;5028.98;3.82;7112000;1;10;69.4;0;1;CNPJ;0;10;19;5108.38;4739.72;4739.72;4739.72;4922.43;4922.43;4922.43;5141.20;6344.47;4922.43;4922.43;1198;0;0;0
999997;999997;999997;999;999;999;11;251110;7112;7420;999997;0;5;3;6;99;1;9;44;34;0;0;4;5;999999;350570;10;2062;0;0;9;999997;;.00;1872.73;1.42;7112000;1;5;1.1;2;1;CNPJ;0;10;19;0;0;0;1700.00;2045.46;0;0;0;0;0;0;1198;0;0;0
999997;999997;999997;40;40;999;11;251110;7112;7420;999997;0;5;5;6;99;5;9;44;33;0;0;0;12;999999;355030;10;2054;0;16;2;999997;;.00;3482.59;2.65;7112000;1;10;28.2;0;1;CNPJ;0;10;19;4037.60;3494.08;3494.08;3494.08;3628.77;3628.77;3628.77;3628.77;4152.92;3911.01;1209.59;1198;0;0;0
999997;999997;999997;999;999;999;21;251110;7220;7320;999997;0;5;7;6;99;4;9;44;38;0;0;0;4;999999;355030;10;2062;0;0;9;999997;;.00;6391.67;4.91;7220700;1;1;12.9;0;1;CNPJ;0;10;19;6500.00;6500.00;6500.00;6066.67;0;0;0;0;0;0;0;1198;0;0;0
999997;999997;999997;999;999;999;21;251110;7220;7320;999997;0;5;7;6;99;4;9;44;32;0;0;0;4;999999;355030;10;2062;0;0;9;999997;;.00;5694.70;4.37;7220700;1;1;12.9;0;1;CNPJ;0;10;19;5500.00;5500.00;5500.00;6278.78;0;0;0;0;0;0;0;1198;0;0;0
999997;999997;999997;70;999;999;0;251110;7112;7420;999997;1;4;6;6;6;6;9;44;26;0;0;0;0;999999;355030;10;2054;0;54;2;999997;5052.34;3.82;4785.75;3.63;7112000;2;10;47.5;0;1;CNPJ;0;10;19;4864.81;810.80;0;4864.81;5052.34;5052.34;5052.34;6175.08;5052.34;5613.71;5052.34;1198;0;0;0
999997;999997;999997;999;999;999;11;251110;7111;7420;999997;0;7;6;6;99;6;9;44;56;0;0;0;7;999999;355030;10;2240;0;0;2;999997;;.00;4358.84;3.34;7111100;1;6;37.1;0;1;CNPJ;0;10;19;4924.00;4924.00;4924.00;5464.00;1558.20;0;0;0;0;0;0;1198;0;0;0
999997;999997;999997;999;999;999;0;251110;6463;6599;999997;1;6;11;6;11;4;9;44;44;0;0;0;0;999999;355030;10;2054;0;0;2;999997;22352.96;16.93;22147.07;16.85;6463800;1;2;12.3;0;1;CNPJ;0;10;18;22000.00;22000.00;22000.00;22000.00;22000.00;22000.00;22000.00;22000.00;22705.92;22352.96;22352.96;1198;0;0;0
999997;999997;999997;999;999;999;31;251110;7220;7320;999997;0;7;7;6;99;7;9;44;56;0;1;0;7;999999;351060;10;2062;0;0;8;999997;;.00;5636.95;4.30;7220700;1;1;74.9;0;1;CNPJ;0;10;19;5160.51;5160.51;5160.51;7783.16;5872.96;5160.51;5160.51;0;0;0;0;1198;0;0;0
999997;999997;999997;999;999;999;0;251110;7220;7320;999997;1;6;99;99;99;2;9;99;47;0;0;8;0;999999;355030;10;2062;0;0;2;999997;;.00;.00;.00;7220700;1;5;4.9;2;1;CNPJ;0;10;19;0;0;0;0;0;0;0;78.64;0;0;0;1198;1;0;0
999997;999997;999997;999;999;999;0;251110;7220;7320;999997;1;4;5;6;6;4;9;44;28;0;0;0;0;999999;355030;10;2062;0;0;2;999997;4453.31;3.37;3792.30;2.88;7220700;1;5;22.9;0;1;CNPJ;0;10;19;3662.44;3471.18;3471.18;3471.18;3471.18;3471.18;3968.64;3738.05;3785.66;4172.69;4370.87;1198;0;0;0
999997;999997;999997;999;999;999;11;251110;7112;7420;999997;0;5;6;5;99;5;10;40;31;0;0;0;11;999999;355030;10;2054;0;0;2;999997;;.00;4720.93;3.59;7112000;2;10;25.7;0;1;CNPJ;0;10;19;4529.51;4529.51;5133.45;4932.13;4704.12;4704.12;4704.12;4704.12;4547.32;0;0;1198;0;0;0
999997;999997;999997;999;999;999;0;251110;7220;7320;999997;1;6;9;6;10;8;9;44;40;0;0;0;0;999999;355030;10;2240;0;0;2;999997;16708.11;12.65;12451.83;9.47;7220700;1;4;191.9;0;1;CNPJ;0;10;19;11892.12;11628.57;11628.57;11628.57;11628.57;11628.57;11628.57;11628.57;13896.59;12762.58;12762.58;1198;0;0;0
999997;999997;999997;999;999;999;0;251110;7112;7420;999997;1;5;5;6;5;6;9;44;34;0;0;0;0;999999;350570;10;2062;0;0;8;999997;3000.00;2.27;3284.56;2.50;7112000;1;5;37.0;0;1;CNPJ;0;10;19;3195.11;3190.91;3000.00;3213.44;3195.11;3204.55;3202.91;3187.88;3196.37;3202.91;4625.58;1198;0;0;0
999997;999997;999997;999;999;999;0;251110;7220;7320;999997;1;6;6;5;6;7;9;40;42;0;0;0;0;999999;354990;10;2240;0;0;9;999997;4949.38;3.74;4945.80;3.76;7220700;1;3;118.0;0;1;CNPJ;0;10;19;4657.91;4657.91;4734.91;4734.91;4734.91;4734.91;5524.07;5762.10;4959.82;4949.38;4949.38;1198;0;0;0
999997;999997;999997;999;999;999;0;251110;7112;7420;999997;1;5;5;6;5;1;10;44;35;0;0;10;0;999999;355030;10;2054;0;0;2;999997;3221.69;2.44;3185.89;2.41;7112000;2;10;2.9;2;1;CNPJ;0;10;19;0;0;0;0;0;0;0;0;0;3114.30;3221.69;1198;0;0;0
999997;999997;999997;999;999;999;12;251110;7112;7420;999997;0;4;1;6;99;1;9;44;26;0;0;4;6;999999;350570;10;2062;0;0;8;999997;;.00;524.62;.39;7112000;1;5;1.4;2;1;CNPJ;0;60;19;0;0;0;253.17;524.62;0;0;0;0;0;0;1198;0;0;0
999997;999997;999997;999;999;999;0;251110;8211;7499;999997;1;4;4;6;5;2;9;44;26;0;0;7;0;999999;355030;10;2062;0;0;9;999997;2700.00;2.04;2380.76;1.80;8211300;2;4;5.1;2;1;CNPJ;0;10;19;0;0;0;0;0;0;540.00;2700.00;2700.00;2944.58;2700.00;1198;0;0;0
999997;999997;999997;999;999;999;0;251110;4930;6026;999997;1;6;10;6;10;7;9;44;40;0;0;0;0;999999;355030;10;2054;0;0;2;999997;13674.00;10.35;14672.70;11.16;4930202;1;5;67.0;0;1;CNPJ;0;10;20;13974.13;16960.97;15467.55;13440.80;13674.00;13674.00;13674.00;13674.00;13674.00;13674.00;20511.00;1198;0;0;0
999997;999997;999997;999;999;999;0;251110;7490;7499;999997;1;5;8;6;8;7;9;44;31;0;0;0;0;999999;355030;10;2240;0;0;2;999997;8171.59;6.19;8183.11;6.23;7490199;1;6;94.0;0;1;CNPJ;0;10;19;8340.27;9904.06;7819.00;7819.00;7819.00;7819.00;7819.00;7819.00;8524.18;8171.59;8171.59;1198;0;0;0
999997;999997;999997;999;999;999;0;251110;7220;7320;999997;1;5;6;6;7;3;10;44;35;0;0;6;0;999999;355030;10;2062;0;0;2;999997;5942.16;4.50;4838.33;3.66;7220700;2;5;6.3;2;1;CNPJ;0;10;19;0;0;0;0;0;1735.49;5206.47;5206.47;5285.61;5246.04;5246.04;1198;0;0;0
999997;999997;999997;40;999;999;0;251110;7112;7420;999997;1;5;5;6;5;2;9;44;33;0;0;8;0;999999;355030;10;2054;0;1;2;999997;3221.69;2.44;3092.82;2.34;7112000;2;10;4.8;2;1;CNPJ;0;10;19;0;0;0;0;0;0;0;2577.35;3221.69;3221.69;3221.69;1198;0;0;0
999997;999997;999997;999;999;999;0;251110;4781;5232;999997;1;6;4;6;4;7;9;44;45;0;1;0;0;999999;354140;10;2062;0;0;2;999997;2556.75;1.93;2059.42;1.56;4781400;2;2;82.0;0;1;CNPJ;0;10;16;1912.49;1925.55;1899.44;1938.60;1925.55;1925.55;1938.60;1925.55;2816.77;1746.05;2202.09;1198;0;0;0
999997;999997;999997;999;999;999;0;251110;7220;7320;999997;1;5;5;6;6;4;9;44;33;0;1;0;0;999999;354750;10;2062;0;0;8;999997;4391.61;3.32;3598.23;2.73;7220700;2;3;22.7;0;1;CNPJ;0;10;19;3468.96;3468.96;3468.96;3468.96;3468.96;3468.96;3468.96;3468.96;3783.24;3626.10;3626.10;1198;0;0;0
999997;999997;999997;40;999;999;0;251110;7112;7420;999997;1;5;5;6;6;5;9;44;33;0;0;0;0;999999;355030;10;2054;0;1;2;999997;3991.65;3.02;3891.87;2.96;7112000;2;10;28.7;0;1;CNPJ;0;10;19;3494.08;3494.08;3494.08;3843.49;3991.65;3991.65;3991.65;3991.65;4435.17;3991.65;3991.65;1198;0;0;0
999997;999997;999997;40;40;999;0;251110;7112;7420;999997;1;4;5;6;6;5;10;44;29;0;0;0;0;999999;355030;10;2054;0;4;2;999997;4200.16;3.18;3717.87;2.82;7112000;1;10;29.6;0;1;CNPJ;0;10;19;3514.09;3514.09;3514.09;3514.09;3649.55;4136.15;3973.96;3649.55;3649.55;3649.55;3649.55;1198;0;0;0
999997;999997;999997;999;999;999;0;251110;4399;4550;999997;1;7;5;6;5;2;9;44;52;0;0;9;0;999999;355070;10;2062;0;0;8;999997;2715.51;2.05;2715.51;2.05;4399103;1;5;4.0;2;1;CNPJ;0;10;15;0;0;0;0;0;0;0;0;2715.51;2715.51;2715.51;1198;0;0;0
999997;999997;999997;999;999;999;0;251110;4399;4521;999997;1;4;6;6;6;2;9;44;26;0;0;7;0;999999;355030;10;2151;0;0;9;999997;4545.00;3.44;4145.00;3.14;4399101;1;4;5.4;2;1;CNPJ;0;10;15;0;0;0;0;0;0;2100.00;4500.00;4500.00;4680.00;4545.00;1198;0;0;0
999997;999997;999997;999;999;999;0;251110;7112;7420;999997;1;3;6;5;7;5;9;40;24;0;0;0;0;999999;355030;39;2054;0;0;2;999997;5323.32;4.03;4155.86;3.15;7112000;2;10;29.8;0;1;CNPJ;0;10;19;3865.50;3514.09;3514.09;4041.20;4196.99;4196.99;4430.16;4196.99;4196.99;4196.99;4196.99;1198;0;0;0
999997;999997;999997;999;999;999;0;251110;7112;7420;999997;1;5;5;6;5;1;9;44;30;0;0;12;0;999999;355030;10;2054;0;0;4;999997;3780.00;2.86;3780.00;2.86;7112000;1;10;.9;2;1;CNPJ;0;60;19;0;0;0;0;0;0;0;0;0;0;0;1198;0;0;0
999997;999997;999997;999;999;999;0;251110;7220;7320;999997;1;6;99;6;99;6;9;44;40;0;0;0;0;999999;351518;10;2062;0;0;9;999997;;.00;.00;.00;7220700;1;3;53.0;0;1;CNPJ;0;10;19;0;0;0;0;0;0;0;0;0;0;0;1198;0;0;0
999997;999997;999997;999;999;999;0;251110;8411;7511;999997;1;4;6;5;6;4;9;40;26;0;0;0;0;999999;355620;10;1244;0;0;2;999997;4761.07;3.60;4721.36;3.59;8411600;1;10;17.6;0;1;CNPJ;0;30;24;4399.65;4399.65;4399.65;4399.65;4399.65;5048.69;4761.07;5934.39;4761.07;4761.07;4630.70;1198;0;0;0
999997;999997;999997;999;999;999;11;251110;7112;7420;999997;0;5;5;6;99;4;9;44;33;0;0;0;3;999999;355030;10;2054;0;0;8;999997;;.00;3824.18;2.93;7112000;1;10;21.9;0;1;CNPJ;0;10;19;3824.18;220.63;0;0;0;0;0;0;0;0;0;1198;0;0;0
999997;999997;999997;999;999;999;0;251110;8211;7499;999997;1;4;5;6;5;3;9;44;26;0;0;6;0;999999;355030;10;2062;0;0;9;999997;2700.00;2.04;2738.84;2.07;8211300;2;4;6.8;2;1;CNPJ;0;10;19;0;0;0;0;0;2717.54;2700.00;2700.00;2700.00;2954.31;2700.00;1198;0;0;0
999997;999997;999997;999;999;999;0;251110;7220;7320;999997;1;5;5;6;5;4;9;44;33;0;1;0;0;999999;354750;10;2062;0;0;9;999997;3626.10;2.74;3634.92;2.76;7220700;1;3;23.8;0;1;CNPJ;0;10;19;3468.96;3468.96;3468.96;4593.98;3549.78;3468.96;3468.96;3468.96;3783.24;3626.10;3626.10;1198;0;0;0
999997;999997;999997;999;999;999;0;251110;7112;7420;999997;1;5;5;6;5;3;9;44;35;0;0;4;0;999999;350570;10;2062;0;0;9;999997;2896.71;2.19;2817.69;2.13;7112000;2;5;8.9;2;1;CNPJ;0;10;19;0;0;0;2160.00;2400.00;2400.00;2400.00;2738.19;3529.09;3248.83;3586.36;1198;0;0;0
999997;999997;999997;999;999;999;11;251110;4511;5010;999997;0;5;11;6;99;3;9;44;33;0;0;0;5;999999;353060;10;2054;0;0;8;999997;;.00;20959.85;16.09;4511101;1;7;11.1;0;1;CNPJ;0;10;16;21766.00;22249.69;18863.87;0;0;0;0;0;0;0;0;1198;0;0;0
999997;999997;999997;999;999;999;0;251110;7220;7320;999997;1;5;7;6;8;4;9;44;35;0;0;0;0;999999;355030;10;2062;0;0;2;999997;6800.79;5.15;6367.66;4.84;7220700;1;5;23.4;0;1;CNPJ;0;10;19;6392.33;5824.50;5824.50;5824.50;5824.50;5824.50;6582.09;5824.50;6352.20;7758.30;7579.20;1198;0;0;0
999997;999997;999997;999;999;999;0;251110;4399;4521;999997;1;3;3;6;3;4;9;44;23;0;0;0;0;999999;355030;10;2151;0;0;2;999997;1768.00;1.33;1745.33;1.32;4399101;1;4;15.7;0;1;CNPJ;0;10;15;1700.00;1700.00;1700.00;1700.00;1700.00;1700.00;1700.00;1700.00;1700.00;2108.00;1768.00;1198;0;0;0
999997;999997;999997;999;999;999;0;251110;4645;5145;999997;1;4;6;5;6;4;9;40;27;0;0;0;0;999999;355030;10;2062;0;0;2;999997;4714.99;3.57;4700.05;3.57;4645101;1;7;19.4;0;1;CNPJ;0;10;17;4455.00;4482.86;5297.00;4455.00;4455.00;4455.00;4455.00;4455.00;5460.35;5014.40;4701.00;1198;0;0;0
999997;999997;999997;999;999;999;11;251110;7112;7420;999997;0;5;5;6;99;2;9;44;34;0;0;3;9;999999;355030;10;2054;0;0;2;999997;;.00;3168.73;2.41;7112000;1;10;5.7;2;1;CNPJ;0;10;19;0;0;2400.00;4000.00;4025.23;4025.23;4025.23;536.70;0;0;0;1198;0;0;0
999997;999997;999997;40;999;999;0;251110;7112;7420;999997;1;5;5;5;5;4;9;40;32;0;0;0;0;999999;355030;10;2054;0;1;2;999997;3829.34;2.90;3499.45;2.66;7112000;2;10;19.2;0;1;CNPJ;0;10;19;3318.34;3318.34;3318.34;3318.34;3446.41;4212.28;3446.41;3446.41;3446.41;3446.41;3446.41;1198;0;0;0
999997;999997;999997;999;999;999;0;251110;7220;7320;999997;1;6;6;6;6;3;9;44;40;0;1;5;0;999999;354750;10;2062;0;0;9;999997;5056.50;3.83;4993.65;3.78;7220700;2;3;7.9;2;1;CNPJ;0;10;19;0;0;0;0;4666.67;5000.00;5000.00;5000.00;5113.00;5056.50;5056.50;1198;0;0;0
999997;999997;999997;999;999;999;0;251110;7220;7320;999997;1;5;6;6;6;6;9;44;34;0;1;0;0;999999;354750;10;2062;0;0;9;999997;4024.41;3.04;4029.62;3.06;7220700;2;3;53.0;0;1;CNPJ;0;10;19;4491.67;3850.00;3850.00;3850.00;3850.00;3850.00;4491.67;3850.00;4198.82;4024.41;4024.41;1198;0;0;0
999997;999997;999997;999;999;999;0;251110;7220;7320;999997;1;6;99;6;99;7;9;44;47;0;0;0;0;999999;351518;10;2062;0;0;8;999997;;.00;.00;.00;7220700;1;3;61.3;0;1;CNPJ;0;10;19;0;0;0;0;0;0;0;0;0;0;0;1198;0;0;0
999997;999997;999997;999;999;999;0;251110;7490;7499;999997;1;6;9;6;9;6;10;44;40;0;0;0;0;999999;355030;10;2240;0;0;8;999997;9358.32;7.08;9378.52;7.13;7490199;2;6;53.4;0;1;CNPJ;0;10;19;8966.00;8966.00;8966.00;8966.00;8966.00;11954.67;8966.00;8966.00;9750.64;9358.32;9358.32;1198;0;0;0
999997;999997;999997;999;999;999;21;251110;8610;8511;999997;0;5;2;5;99;6;9;40;35;0;0;0;1;999999;354340;10;3999;0;0;2;999997;;.00;944.71;.72;8610101;2;9;39.2;0;1;CNPJ;0;10;22;944.71;0;0;0;0;0;0;0;0;0;0;1198;0;0;0
999997;999997;999997;999;999;999;0;251110;7112;7420;999997;1;5;1;6;99;3;9;44;34;0;0;4;0;999999;350570;10;2062;0;0;9;999997;;.00;549.91;.41;7112000;2;5;8.5;2;1;CNPJ;0;10;19;0;0;0;454.03;51.75;217.00;645.79;249.15;364.56;0;0;1198;0;0;0
999997;999997;999997;999;999;999;11;251110;4751;5245;999997;0;6;5;6;99;1;9;44;41;0;1;7;9;999999;355030;10;2062;0;0;2;999997;;.00;3116.25;2.36;4751201;2;4;2.1;2;1;CNPJ;0;10;16;0;0;0;0;0;0;2996.67;3968.56;2383.52;0;0;1198;0;0;0
999997;999997;999997;999;999;999;0;251110;7112;7420;999997;1;4;5;6;6;4;9;44;29;0;0;0;0;999999;350570;10;2062;0;0;8;999997;3976.96;3.01;3760.46;2.86;7112000;1;5;20.6;0;1;CNPJ;0;10;19;3409.56;3307.37;3453.95;3213.44;3000.00;3000.00;4006.38;4033.17;4561.46;4381.39;4781.81;1198;0;0;0
999997;999997;999997;999;999;999;21;251110;8211;7499;999997;0;5;3;6;99;1;9;44;30;0;0;7;8;999999;355030;10;2062;0;0;8;999997;;.00;1858.54;1.40;8211300;1;4;.9;2;1;CNPJ;0;60;19;0;0;0;0;0;0;630.00;3087.07;0;0;0;1198;0;0;0
999997;999997;999997;999;999;999;0;251110;7220;7320;999997;1;4;99;6;99;6;9;44;28;0;0;0;0;999999;351518;10;2062;0;0;6;999997;;.00;.00;.00;7220700;1;3;52.8;0;1;CNPJ;0;10;19;0;0;0;0;0;0;0;0;0;0;0;1198;0;0;0
999997;999997;999997;999;999;999;0;251110;4399;4550;999997;1;7;5;6;5;2;9;44;51;0;0;9;0;999999;355070;10;2062;0;0;9;999997;2715.51;2.05;2715.51;2.05;4399103;1;5;4.0;2;1;CNPJ;0;10;15;0;0;0;0;0;0;0;0;2715.51;2715.51;2715.51;1198;0;0;0
999997;999997;999997;999;999;999;21;251110;7220;7320;999997;0;4;4;6;99;5;9;44;29;0;1;0;2;999999;354750;10;2062;0;0;9;999997;;.00;2433.19;1.87;7220700;1;3;24.2;0;1;CNPJ;0;10;19;3885.25;981.12;0;0;0;0;0;0;0;0;0;1198;0;0;0
999997;999997;999997;999;999;999;12;251110;4781;5232;999997;0;3;3;6;4;1;9;44;24;0;1;11;12;999999;350610;10;2062;0;0;2;999997;2178.12;1.65;1590.77;1.21;4781400;2;1;1.4;2;1;CNPJ;0;60;16;0;0;0;0;0;0;0;0;0;0;1003.42;1198;0;0;0
999997;999997;999997;999;999;999;0;251110;7220;7320;999997;1;6;99;6;99;8;9;44;45;0;0;0;0;999999;351518;10;2062;0;0;2;999997;;.00;.00;.00;7220700;2;3;166.0;0;1;CNPJ;0;10;19;0;0;0;0;0;0;0;0;0;0;0;1198;0;0;0
999997;999997;999997;999;999;999;21;251110;7220;7320;999997;0;5;6;6;99;3;9;44;31;0;0;0;3;999999;355030;10;2062;0;0;9;999997;;.00;4033.33;3.09;7220700;2;1;11.2;0;1;CNPJ;0;10;19;5500.00;5500.00;1100.00;0;0;0;0;0;0;0;0;1198;0;0;0
999997;999997;999997;999;999;999;31;251110;4772;5241;999997;1;3;3;6;99;3;9;44;23;0;0;5;8;999999;353440;10;2062;0;0;8;999997;;.00;1967.76;1.49;4772500;2;3;7.5;2;1;CNPJ;0;10;16;0;0;0;0;970.29;2397.29;2535.71;62.66;0;0;0;1198;0;0;0
999997;999997;999997;999;999;999;0;251110;7220;7320;999997;1;5;99;6;99;7;9;44;33;0;0;0;0;999999;351518;10;2062;0;0;8;999997;;.00;.00;.00;7220700;2;3;66.7;0;1;CNPJ;0;10;19;0;0;0;0;0;0;0;0;0;0;0;1198;0;0;0
999997;999997;999997;999;999;999;0;251110;8211;7499;999997;1;4;5;6;5;3;9;44;28;0;0;6;0;999999;355030;10;2062;0;0;9;999997;2700.00;2.04;2738.84;2.07;8211300;2;4;6.8;2;1;CNPJ;0;10;19;0;0;0;0;0;2717.54;2700.00;2700.00;2700.00;2954.31;2700.00;1198;0;0;0
999997;999997;999997;999;999;999;0;251110;4399;4550;999997;1;7;5;6;5;2;9;44;51;0;0;9;0;999999;355070;10;2062;0;0;9;999997;2715.51;2.05;2715.51;2.05;4399103;1;5;4.0;2;1;CNPJ;0;10;15;0;0;0;0;0;0;0;0;2715.51;2715.51;2715.51;1198;0;0;0
999997;999997;999997;999;999;999;0;251110;1099;1589;999997;1;6;6;6;6;7;9;44;44;0;0;0;0;999999;352590;10;2062;0;0;2;999997;4898.60;3.71;4994.80;3.80;1099601;2;6;82.5;0;1;CNPJ;0;10;13;5405.58;4370.00;4768.27;4370.00;5084.78;4608.28;4608.28;4608.28;4608.28;4608.28;7998.98;1198;0;0;0
999997;999997;999997;999;999;999;0;251110;7112;7420;999997;1;4;5;6;5;4;9;44;29;0;0;0;0;999999;350570;10;2062;0;0;9;999997;3818.31;2.89;3256.49;2.47;7112000;1;5;21.2;0;1;CNPJ;0;10;19;3290.87;3190.91;3000.00;3000.00;3195.11;3204.55;3202.91;3187.88;3196.37;3202.91;3588.03;1198;0;0;0
999997;999997;999997;40;999;999;0;251110;4755;5231;999997;1;4;6;6;6;7;9;44;29;0;0;0;0;999999;355030;10;2062;0;1;8;999997;4522.09;3.42;4136.56;3.14;4755503;2;4;80.9;0;1;CNPJ;0;10;16;3638.00;3712.08;3634.69;3638.00;3638.00;3799.40;4176.00;4351.08;5341.35;4176.00;5012.00;1198;0;0;0
999997;999997;999997;999;999;999;0;251110;7112;7420;999997;1;5;5;6;5;1;9;44;38;0;0;10;0;999999;355030;10;2054;0;0;1;999997;3221.69;2.44;3373.84;2.55;7112000;1;10;2.9;2;1;CNPJ;0;10;19;0;0;0;0;0;0;0;0;0;3114.30;3785.52;1198;0;0;0
999997;999997;999997;999;999;999;0;251110;7112;7420;999997;1;4;2;99;3;1;9;99;27;0;0;11;0;999999;350570;10;2062;0;0;8;999997;1435.19;1.08;1312.84;.99;7112000;2;5;1.8;2;1;CNPJ;0;10;19;0;0;0;0;0;0;0;0;0;0;1190.48;1198;1;0;0
999997;999997;999997;999;999;999;0;251110;9102;9252;999997;1;5;6;6;7;1;9;44;32;0;1;10;0;999999;350590;10;2135;0;0;2;999997;5500.00;4.16;4950.00;3.74;9102301;1;3;2.6;2;1;CNPJ;0;60;21;0;0;0;0;0;0;0;0;0;3850.00;5500.00;1198;0;0;0
999997;999997;999997;999;999;999;0;251110;7220;7320;999997;1;5;5;5;4;7;9;40;32;0;0;0;0;999999;354990;10;2240;0;0;9;999997;2315.38;1.75;3201.20;2.43;7220700;1;3;65.9;0;1;CNPJ;0;10;19;3878.08;3482.28;3825.98;3221.88;3020.51;3020.51;3020.51;3153.85;3160.81;3157.33;3157.33;1198;0;0;0
999997;999997;999997;40;999;999;11;251110;6920;7412;999997;0;7;4;6;99;6;9;44;64;0;1;0;4;999999;355030;10;2062;0;5;2;999997;;.00;2107.52;1.62;6920601;1;3;55.9;0;1;CNPJ;0;10;19;2125.23;2125.23;2125.23;2054.38;0;0;0;0;0;0;0;1198;0;0;0
999997;999997;999997;999;999;999;0;251110;7220;7320;999997;1;7;99;99;99;2;9;99;52;0;0;8;0;999999;355030;10;2062;0;0;9;999997;;.00;.00;.00;7220700;2;5;4.9;2;1;CNPJ;0;10;19;0;0;0;0;0;0;0;78.64;0;0;0;1198;1;0;0
999997;999997;999997;999;999;999;0;251110;4399;4550;999997;1;6;5;6;5;2;9;44;42;0;0;9;0;999999;355070;10;2062;0;0;8;999997;2715.51;2.05;2715.51;2.05;4399103;1;5;4.0;2;1;CNPJ;0;10;15;0;0;0;0;0;0;0;0;2715.51;2715.51;2715.51;1198;0;0;0
999997;999997;999997;999;999;999;21;251110;8211;7499;999997;0;6;4;6;99;1;9;44;45;0;0;7;9;999999;355030;10;2062;0;0;9;999997;;.00;2232.09;1.69;8211300;1;4;1.8;2;1;CNPJ;0;60;19;0;0;0;0;0;0;720.00;2700.00;3276.28;0;0;1198;0;0;0
999997;999997;999997;999;999;999;0;251110;7220;7320;999997;1;4;5;6;5;3;9;44;28;0;0;6;0;999999;351518;10;2062;0;0;9;999997;3000.00;2.27;3000.00;2.27;7220700;1;3;7.0;2;1;CNPJ;0;10;19;0;0;0;0;0;3000.00;3000.00;3000.00;3000.00;3000.00;3000.00;1198;0;0;0
999997;999997;999997;999;999;999;12;251110;7220;7320;999997;0;5;4;6;99;1;9;44;35;0;0;4;6;999999;355030;10;2240;0;0;2;999997;;.00;2622.22;1.99;7220700;2;4;1.9;2;1;CNPJ;0;90;19;0;0;0;2266.67;4000.00;1600.00;0;0;0;0;0;1198;0;0;0
999997;999997;999997;999;999;999;0;251110;7112;7420;999997;1;4;5;6;5;1;9;44;25;0;0;10;0;999999;355030;10;2054;0;0;8;999997;3221.69;2.44;3185.89;2.41;7112000;2;10;2.9;2;1;CNPJ;0;10;19;0;0;0;0;0;0;0;0;0;3114.30;3221.69;1198;0;0;0
999997;999997;999997;40;999;999;0;251110;7220;7320;999997;1;6;8;5;8;6;9;40;40;0;0;0;0;999999;355030;10;2062;0;15;9;999997;8168.99;6.18;7651.11;5.82;7220700;2;5;40.9;0;1;CNPJ;0;10;19;7934.76;7180.23;7180.23;7526.62;8219.37;7180.23;7180.23;7180.23;7911.23;7655.60;8495.58;1198;0;0;0
999997;999997;999997;999;999;999;11;251110;4399;4521;999997;0;5;6;6;99;3;9;44;32;0;0;0;7;999999;355030;10;2151;0;0;2;999997;;.00;4221.43;3.22;4399101;1;4;10.8;0;1;CNPJ;0;10;15;4500.00;4500.00;4500.00;4500.00;4500.00;4500.00;2550.00;0;0;0;0;1198;0;0;0
999997;999997;999997;999;999;999;0;251110;4399;4550;999997;1;6;5;6;5;2;9;44;47;0;0;9;0;999999;355070;10;2062;0;0;9;999997;2715.51;2.05;2715.51;2.05;4399103;1;5;4.0;2;1;CNPJ;0;10;15;0;0;0;0;0;0;0;0;2715.51;2715.51;2715.51;1198;0;0;0
999997;999997;999997;999;999;999;21;251110;8513;8015;999997;0;5;4;4;99;7;9;22;30;0;1;0;8;999999;355030;10;2062;0;0;2;999997;;.00;2271.18;1.73;8513900;2;4;102.0;0;1;CNPJ;0;10;23;2091.60;2091.60;2219.70;2136.89;2136.89;2219.70;3001.88;98.65;0;0;0;1198;0;0;0
999997;999997;999997;999;999;999;11;251110;4781;5232;999997;0;6;4;6;99;3;9;44;40;0;1;2;10;999999;350610;10;2062;0;0;2;999997;;.00;2117.86;1.61;4781400;2;1;8.9;2;1;CNPJ;0;10;16;0;1977.61;2180.60;2168.13;2120.27;2194.50;2147.35;2131.42;2056.53;2084.35;0;1198;0;0;0
999997;999997;999997;999;999;999;11;251110;7112;7420;999997;0;5;6;6;99;6;9;44;32;0;0;0;10;999999;355030;10;2054;0;0;8;999997;;.00;4029.95;3.06;7112000;2;10;45.3;0;1;CNPJ;0;10;19;4054.00;4279.22;4054.00;4054.00;4210.28;4911.99;4210.28;4210.28;4210.28;2105.14;0;1198;0;0;0
999997;999997;999997;999;999;999;11;251110;7112;7420;999997;0;6;6;6;99;3;9;44;43;0;0;3;10;999999;355030;10;2054;0;0;2;999997;;.00;4493.92;3.42;7112000;1;10;7.0;2;1;CNPJ;0;10;19;0;0;4350.00;4500.00;4528.38;4528.38;4528.38;4528.38;150.95;0;0;1198;0;0;0
999997;999997;999997;999;999;999;0;251110;7112;7420;999997;1;6;6;6;7;5;9;44;49;0;0;0;0;999999;355030;10;2054;0;0;2;999997;6353.39;4.81;5278.31;4.01;7112000;1;10;33.6;0;1;CNPJ;0;10;19;5005.28;5005.28;5005.28;5005.28;5198.23;5198.23;5660.29;5313.75;5198.23;5198.23;5198.23;1198;0;0;0
999997;999997;999997;999;999;999;0;251110;7112;7420;999997;1;4;5;6;5;2;9;44;29;0;0;8;0;999999;355030;10;2054;0;0;4;999997;3221.69;2.44;3092.82;2.34;7112000;1;10;4.8;2;1;CNPJ;0;10;19;0;0;0;0;0;0;0;2577.35;3221.69;3221.69;3221.69;1198;0;0;0
999997;999997;999997;40;40;40;0;251110;7112;7420;999997;1;5;5;5;6;3;10;40;36;0;0;3;0;999999;355030;10;2054;0;10;4;999997;4025.23;3.04;3860.18;2.92;7112000;2;10;9.6;2;1;CNPJ;0;10;19;0;0;2400.00;4000.00;4025.23;4025.23;4025.23;4025.23;4025.23;4025.23;4025.23;1198;0;0;0
999997;999997;999997;999;999;999;11;251110;7220;7320;999997;0;7;99;6;99;4;9;44;52;0;0;0;7;999999;355030;10;2062;0;0;9;999997;;.00;393.17;.30;7220700;2;5;20.1;0;1;CNPJ;0;10;19;393.17;393.17;393.17;393.17;393.17;0;0;0;0;0;0;1198;1;0;0
999997;999997;999997;999;999;999;11;251110;7220;7320;999997;0;7;99;99;99;4;9;99;55;0;0;0;7;999999;355030;10;2062;0;0;2;999997;;.00;393.17;.30;7220700;1;5;20.1;0;1;CNPJ;0;10;19;393.17;393.17;393.17;393.17;393.17;0;0;0;0;0;0;1198;1;0;0
999997;999997;999997;999;999;999;31;251110;7220;7320;999997;0;6;9;6;99;8;9;44;48;0;1;0;8;999999;351060;10;2062;0;0;2;999997;;.00;10649.17;8.12;7220700;1;1;133.9;0;1;CNPJ;0;10;19;10197.08;10151.97;9434.39;12813.98;10220.12;13507.06;9434.39;9434.39;0;0;0;1198;0;0;0
999997;999997;999997;999;999;999;12;251110;7112;7420;999997;0;5;1;6;99;1;9;44;32;0;0;4;6;999999;350570;10;2062;0;0;9;999997;;.00;524.62;.39;7112000;1;5;1.4;2;1;CNPJ;0;60;19;0;0;0;253.17;524.62;0;0;0;0;0;0;1198;0;0;0
999997;999997;999997;999;999;999;0;251110;7220;7320;999997;1;5;9;5;9;8;9;40;31;0;0;0;0;999999;355030;10;2062;0;0;2;999997;12208.61;9.24;10449.82;7.95;7220700;2;5;120.9;0;1;CNPJ;0;10;19;10691.16;9715.60;9715.60;9715.60;9715.60;9715.60;9715.60;9715.60;12139.25;11174.82;11174.82;1198;0;0;0
999997;999997;999997;999;999;999;0;251110;5510;5513;999997;1;7;10;6;10;8;9;44;53;0;0;0;0;999999;355030;10;2062;0;0;2;999997;16954.00;12.84;16216.54;12.33;5510801;1;7;143.9;0;1;CNPJ;0;10;21;15093.00;15093.00;15093.00;15093.00;15093.00;15093.00;18849.67;16301.00;18027.77;16954.00;16954.00;1198;0;0;0
999997;999997;999997;999;999;999;12;251110;7112;7420;999997;0;5;2;6;99;1;9;44;34;0;0;4;5;999999;350570;10;2062;0;0;9;999997;;.00;1021.57;.78;7112000;2;5;1.5;2;1;CNPJ;0;60;19;0;0;0;1021.57;0;0;0;0;0;0;0;1198;0;0;0
999997;999997;999997;999;999;999;0;251110;4399;4550;999997;1;6;5;6;5;2;9;44;49;0;0;9;0;999999;355070;10;2062;0;0;9;999997;2715.51;2.05;2715.51;2.05;4399103;1;5;4.0;2;1;CNPJ;0;10;15;0;0;0;0;0;0;0;0;2715.51;2715.51;2715.51;1198;0;0;0
999997;999997;999997;999;999;999;11;251110;7220;7320;999997;0;6;6;6;99;4;9;44;44;0;0;0;4;999999;355030;10;2062;0;0;9;999997;;.00;5133.33;3.94;7220700;1;1;12.7;0;1;CNPJ;0;10;19;5500.00;5500.00;5500.00;4033.33;0;0;0;0;0;0;0;1198;0;0;0
999997;999997;999997;999;999;999;0;251110;7220;7320;999997;1;6;9;6;99;2;9;44;48;0;1;9;0;999999;350570;10;2062;0;0;2;999997;;.00;9933.94;7.52;7220700;1;3;4.0;4;1;CNPJ;0;10;19;0;0;0;0;0;0;0;0;10100.45;9767.42;325.58;1198;0;0;0
999997;999997;999997;999;999;999;0;251110;4930;6026;999997;1;7;5;6;5;5;9;44;61;0;1;0;0;999999;355030;10;2062;0;0;2;999997;2719.35;2.06;2678.27;2.03;4930201;1;5;30.3;0;1;CNPJ;0;10;20;2178.74;2178.74;2434.58;2867.94;3119.28;3099.77;2729.25;2606.35;2724.16;2740.54;2740.54;1198;0;0;0
999997;999997;999997;999;999;999;0;251110;7220;7320;999997;1;4;99;6;99;7;9;44;29;0;0;0;0;999999;351518;10;2062;0;0;9;999997;;.00;.00;.00;7220700;1;3;64.3;0;1;CNPJ;0;10;19;0;0;0;0;0;0;0;0;0;0;0;1198;0;0;0
999997;999997;999997;999;999;999;0;251110;7220;7320;999997;1;6;8;5;9;7;9;40;43;0;0;0;0;999999;355030;10;2062;0;0;9;999997;9774.02;7.40;8889.50;6.76;7220700;2;5;63.2;0;1;CNPJ;0;10;19;9110.34;7980.83;7980.83;8547.63;7980.83;8652.66;8652.66;8652.66;9334.70;9251.39;10755.44;1198;0;0;0
999997;999997;999997;40;999;999;0;251110;7220;7320;999997;1;5;7;6;7;5;9;44;30;0;0;0;0;999999;355030;10;2062;0;5;9;999997;6314.85;4.78;5576.81;4.24;7220700;1;5;35.9;0;1;CNPJ;0;10;19;5714.05;5206.47;5206.47;5206.47;5206.47;5495.73;5822.29;5206.47;5678.17;5932.13;5932.13;1198;0;0;0
999997;999997;999997;40;999;999;12;251110;4781;5232;999997;0;5;99;6;99;2;9;44;32;0;1;0;1;999999;350610;10;2062;0;3;2;999997;;.00;.00;.00;4781400;1;1;3.5;0;1;CNPJ;0;60;16;242.00;0;0;0;0;0;0;0;0;0;0;1198;0;0;0
999997;999997;999997;999;999;999;21;251110;7220;7320;999997;0;5;8;6;99;8;9;44;39;0;0;0;6;999999;355030;10;2240;0;0;2;999997;;.00;8010.26;6.12;7220700;2;4;141.1;0;1;CNPJ;0;10;19;6176.58;8377.00;8377.00;8377.00;8377.00;8377.00;0;0;0;0;0;1198;0;0;0
999997;999997;999997;999;999;999;0;251110;6810;7020;999997;1;6;7;5;8;6;9;40;42;0;0;0;0;999999;355030;10;2062;0;0;2;999997;7087.14;5.36;6085.40;4.62;6810202;2;2;40.0;0;1;CNPJ;0;10;19;5735.36;5735.36;5735.36;5735.36;5949.31;5991.96;5991.96;5991.96;5991.96;7087.14;5991.96;1198;0;0;0
999997;999997;999997;999;999;999;0;251110;7112;7420;999997;1;5;6;6;6;5;10;44;30;0;0;0;0;999999;355030;10;2054;0;0;2;999997;4663.32;3.53;4117.22;3.12;7112000;2;10;30.0;0;1;CNPJ;0;10;19;3514.09;3592.18;4216.92;4041.20;4196.99;4196.99;4196.99;4196.99;4196.99;4196.99;4196.99;1198;0;0;0
999997;999997;999997;999;999;999;0;251110;7220;7320;999997;1;5;6;6;6;7;9;44;34;0;0;0;0;999999;355030;10;2240;0;0;2;999997;4180.58;3.16;4010.54;3.05;7220700;2;4;87.8;0;1;CNPJ;0;10;19;3833.65;3833.65;3833.65;3833.65;3833.65;3833.65;3833.65;3833.65;4915.57;4180.58;4180.58;1198;0;0;0
999997;999997;999997;999;999;999;21;251110;8211;7499;999997;0;5;4;6;99;1;9;44;30;0;0;6;8;999999;355030;10;2062;0;0;9;999997;;.00;2101.12;1.59;8211300;1;4;2.2;2;1;CNPJ;0;60;19;0;0;0;0;0;2906.59;2700.00;696.77;0;0;0;1198;0;0;0
999997;999997;999997;10;999;999;0;251110;7112;7420;999997;1;4;5;6;5;3;9;44;26;0;0;6;0;999999;355030;10;2054;0;14;9;999997;3220.00;2.43;2731.43;2.07;7112000;1;10;6.3;2;1;CNPJ;0;10;19;0;0;0;0;0;900.00;3000.00;3000.00;3000.00;3000.00;3000.00;1198;0;0;0
999997;999997;999997;999;999;999;12;251110;7112;7420;999997;0;5;1;6;99;1;9;44;33;0;0;4;5;999999;350570;10;2062;0;0;9;999997;;.00;535.65;.40;7112000;2;5;1.5;2;1;CNPJ;0;60;19;0;0;0;227.02;535.65;0;0;0;0;0;0;1198;0;0;0
999997;999997;999997;999;999;999;0;251110;7111;7420;999997;1;4;7;6;7;5;9;44;26;0;0;0;0;999999;355030;10;2240;0;0;2;999997;5828.82;4.41;5346.18;4.06;7111100;1;6;25.0;0;1;CNPJ;0;10;19;4924.00;4924.00;4924.00;5824.00;6473.91;5285.42;5194.00;5194.00;5194.00;5194.00;5194.00;1198;0;0;0
999997;999997;999997;999;999;999;11;251110;7112;7420;999997;0;5;1;6;99;3;9;44;34;0;0;0;1;999999;350570;10;2062;0;0;9;999997;;.00;560.00;.43;7112000;1;5;8.1;0;1;CNPJ;0;10;19;560.00;0;0;0;0;0;0;0;0;0;0;1198;0;0;0
999997;999997;999997;999;999;999;0;251110;7220;7320;999997;1;7;99;99;99;2;9;99;55;0;0;8;0;999999;355030;10;2062;0;0;2;999997;;.00;.00;.00;7220700;1;5;4.9;2;1;CNPJ;0;10;19;0;0;0;0;0;0;0;78.64;0;0;0;1198;1;0;0
999997;999997;999997;999;999;999;21;251110;7112;7420;999997;0;5;5;6;99;4;9;44;34;0;0;0;9;999999;350570;10;2062;0;0;9;999997;;.00;2998.88;2.28;7112000;1;5;15.3;0;1;CNPJ;0;10;19;3195.11;3190.91;3195.11;3213.44;3000.00;3204.55;3202.91;3187.88;1600.00;0;0;1198;0;0;0
999997;999997;999997;999;999;999;31;251110;4772;5241;999997;1;3;3;6;99;3;9;44;18;0;0;5;8;999999;353440;10;2062;0;0;8;999997;;.00;1868.63;1.41;4772500;1;3;7.4;2;1;CNPJ;0;10;16;0;0;0;0;849.01;2346.35;2410.52;62.66;0;0;0;1198;0;0;0
